pair_idx,gamma_n,gamma_n1,g,t0,far,S_on,h_thr,r,H,H_over_halfgap,n_sign_changes
252,8436146075.226361274719,8436146075.252764701843,2.640342712402e-02,8436146075.239562988281,51.2811341570,11526.7221343803,1.3172314333e-02,0.9977730747,0.1974859425,14.9591143282,0
637,8436146190.445712089539,8436146190.487535476685,4.182338714600e-02,8436146190.466623306274,26.7615320583,4600.2920658079,2.0850779481e-02,0.9970870799,0.2733754504,13.0728508165,0
798,8436146238.697974205017,8436146238.736779212952,3.880500793457e-02,8436146238.717376708984,24.8325991262,5337.5220932900,1.9357316677e-02,0.9976710589,0.2837944572,14.6266923929,0
833,8436146249.142148971558,8436146249.183085441589,4.093647003174e-02,8436146249.162616729736,25.6314134104,4799.4862174997,2.0413507063e-02,0.9973262007,0.2793371643,13.6473498621,0
1577,8436146471.568831443787,8436146471.601534843445,3.270339965820e-02,8436146471.585183143616,19.9294541083,7499.9739865094,1.6329959939e-02,0.9986704813,0.3167869600,19.3733350867,0
2348,8436146702.030520439148,8436146702.073675155640,4.315471649170e-02,8436146702.052097320557,30.9565956826,4326.6517246484,2.1500028167e-02,0.9964161470,0.2541782588,11.7798599771,0
2478,8436146740.964076042175,8436146741.006277084351,4.220104217529e-02,8436146740.985176086426,43.9783131005,4536.0185172093,2.0997983419e-02,0.9951405148,0.2132532774,10.1065408063,0
2824,8436146844.256362915039,8436146844.300552368164,4.418945312500e-02,8436146844.278457641602,23.5880006174,4120.4631875775,2.2031394066e-02,0.9971335922,0.2911852906,13.1789497285,0
2989,8436146893.481051445007,8436146893.524987220764,4.393577575684e-02,8436146893.503019332886,31.5115920707,4175.8326164742,2.1884844078e-02,0.9962197640,0.2519299642,11.4681013305,0
3045,8436146910.309835433960,8436146910.346669197083,3.683376312256e-02,8436146910.328252792358,48.1784728201,5944.7260265115,1.8342100798e-02,0.9959395534,0.2037457147,11.0629866405,0
3537,8436147057.390511512756,8436147057.410842895508,2.033138275146e-02,8436147057.400676727295,27.3162188372,19380.6663787023,1.0158524796e-02,0.9992950229,0.2705856159,26.6175320415,0
3716,8436147110.878529548645,8436147110.899366378784,2.083683013916e-02,8436147110.888948440552,23.7002912731,18449.5143487515,1.0411721158e-02,0.9993574924,0.2904946618,27.8828074964,0
3958,8436147183.268393516541,8436147183.296576499939,2.818298339844e-02,8436147183.282485008240,42.5610745917,10114.5689657593,1.4061812665e-02,0.9978938330,0.2167747557,15.3833788762,0
4448,8436147329.858086585999,8436147329.895774841309,3.768825531006e-02,8436147329.876930236816,20.6596703337,5652.8577537571,1.8809661033e-02,0.9981709622,0.3111381780,16.5111478613,0
4724,8436147412.223665237427,8436147412.254438400269,3.077316284180e-02,8436147412.239051818848,29.3365332212,8477.1772562817,1.5359934570e-02,0.9982681760,0.2611022429,16.9694772177,0
4749,8436147419.722135543823,8436147419.766344070435,4.420852661133e-02,8436147419.744239807129,31.6124572153,4124.9532655391,2.2019400038e-02,0.9961607738,0.2515277295,11.3791500777,0
4759,8436147422.658586502075,8436147422.686855316162,2.826881408691e-02,8436147422.672720909119,24.6987912409,10035.6376204581,1.4117003175e-02,0.9987686878,0.2845621596,20.1325855920,0
5108,8436147527.224481582642,8436147527.268598556519,4.411697387695e-02,8436147527.246540069580,34.0909876317,4144.4386467527,2.1967576143e-02,0.9958786477,0.2422117493,10.9804335171,0
5222,8436147561.219235420227,8436147561.261531829834,4.229640960693e-02,8436147561.240383148193,26.0863779100,4497.8926481215,2.1086789122e-02,0.9970959388,0.2768905328,13.0928622746,0
5418,8436147619.654338836670,8436147619.673227310181,1.888847351074e-02,8436147619.663783073425,21.3831384964,22444.5146529527,9.4397368687e-03,0.9995235309,0.3058294287,32.3826516208,0
5838,8436147745.250795364380,8436147745.294975280762,4.417991638184e-02,8436147745.272885322571,27.6906939996,4126.3347871315,2.2015713616e-02,0.9966389898,0.2687497554,12.1661504770,0
5889,8436147760.471155166626,8436147760.509017944336,3.786277770996e-02,8436147760.490086555481,43.1502589851,5623.5465770578,1.8858617393e-02,0.9961560421,0.2152897208,11.3721038867,0
6022,8436147800.133894920349,8436147800.174850463867,4.095554351807e-02,8436147800.154373168945,61.9491839409,4831.3585408923,2.0346062007e-02,0.9935681600,0.1796789508,8.7743409251,0
6729,8436148011.670113563538,8436148011.703376770020,3.326320648193e-02,8436148011.686744689941,19.0917275587,7249.4823977914,1.6609688892e-02,0.9986823670,0.3236624995,19.4606914812,0
6825,8436148040.366667747498,8436148040.386557579041,1.988983154297e-02,8436148040.376612663269,20.4804268064,20242.6513681318,9.9398836327e-03,0.9994939989,0.3124967438,31.4227642503,0
7077,8436148115.827387809753,8436148115.866943359375,3.955554962158e-02,8436148115.847166061401,29.2134984428,5142.2058164978,1.9721514817e-02,0.9971553931,0.2616514908,13.2295717419,0
7511,8436148245.338322639465,8436148245.368402481079,3.007984161377e-02,8436148245.353363037109,28.4851237326,8870.2486752065,1.5015752460e-02,0.9983930536,0.2649756357,17.6181536510,0
9323,8436148787.199970245361,8436148787.232706069946,3.273582458496e-02,8436148787.216338157654,21.9377205244,7487.1715810725,1.6343915374e-02,0.9985339047,0.3019390248,18.4470089674,0
9622,8436148876.571725845337,8436148876.614763259888,4.303741455078e-02,8436148876.593244552612,19.0949945939,4338.2385617378,2.1471297164e-02,0.9977967956,0.3236348100,15.0396957336,0
10093,8436149017.283859252930,8436149017.327696800232,4.383754730225e-02,8436149017.305778503418,24.1827128989,4187.0972201002,2.1855385707e-02,0.9971080524,0.2875825219,13.1203746386,0
10902,8436149259.166326522827,8436149259.186667442322,2.034091949463e-02,8436149259.176496505737,49.4938962825,19384.7008583447,1.0157467610e-02,0.9987225614,0.2010199571,19.7650806409,0
11148,8436149332.834241867065,8436149332.866715431213,3.247356414795e-02,8436149332.850479125977,27.9914101691,7614.2924467126,1.6206910034e-02,0.9981602241,0.2673022465,16.4627600031,0
11690,8436149494.698854446411,8436149494.739089012146,4.023456573486e-02,8436149494.718971252441,30.1137140701,4971.9840992295,2.0056268374e-02,0.9969670609,0.2577109291,12.8104242886,0
11860,8436149545.480535507202,8436149545.499526977539,1.899147033691e-02,8436149545.490031242371,23.4728448844,22204.0482298765,9.4907146683e-03,0.9994712889,0.2918986816,30.7399770955,0
11886,8436149553.212867736816,8436149553.234611511230,2.174377441406e-02,8436149553.223739624023,28.3264397355,16949.0963347185,1.0862798503e-02,0.9991640178,0.2657167925,24.4407238114,0
12373,8436149698.852618217468,8436149698.876614570618,2.399635314941e-02,8436149698.864616394043,19.1852871711,13912.2960301969,1.1989900878e-02,0.9993102538,0.3228723433,26.9101176598,0
12564,8436149756.090968132019,8436149756.131287574768,4.031944274902e-02,8436149756.111127853394,32.2324552323,4953.3183415079,2.0094022198e-02,0.9967410673,0.2490968891,12.3561672532,0
13588,8436150062.080928802490,8436150062.104436874390,2.350807189941e-02,8436150062.092682838440,18.3428807354,14494.5892709004,1.1746596238e-02,0.9993670504,0.3302031612,28.0927472591,0
13863,8436150144.398597717285,8436150144.422513961792,2.391624450684e-02,8436150144.410555839539,17.8072132690,14004.1451514595,1.1950517056e-02,0.9993640141,0.3351328639,28.0255425359,0
14420,8436150310.890271186829,8436150310.929432868958,3.916168212891e-02,8436150310.909852027893,25.2888234816,5241.6458812865,1.9533549131e-02,0.9975847854,0.2812229019,14.3621461895,0
14524,8436150341.701774597168,8436150341.738711357117,3.693675994873e-02,8436150341.720243453979,25.2628847928,5888.9716658720,1.8428723984e-02,0.9978527629,0.2813672378,15.2350795338,0
14820,8436150430.570748329163,8436150430.593958854675,2.321052551270e-02,8436150430.582353591919,46.8350212991,14896.6157189101,1.1587004897e-02,0.9984267604,0.2066472531,17.8063398891,0
15077,8436150507.328923225403,8436150507.353409767151,2.448654174805e-02,8436150507.341166496277,19.7895266081,13362.2240285192,1.2234201339e-02,0.9992592229,0.3179049536,25.9656881603,0
15297,8436150573.016225814819,8436150573.050552368164,3.432655334473e-02,8436150573.033389091492,21.6645002580,6811.0362490127,1.7135958512e-02,0.9984083365,0.3038370005,17.7027386056,0
15392,8436150601.493885993958,8436150601.524567604065,3.068161010742e-02,8436150601.509226799011,25.8943584105,8524.2263592782,1.5317486665e-02,0.9984799762,0.2779152769,18.1160816458,0
15764,8436150712.449367523193,8436150712.477649688721,2.828216552734e-02,8436150712.463508605957,25.0583503264,10026.5474855949,1.4123401010e-02,0.9987496181,0.2825132099,19.9781879924,0
15852,8436150738.947598457336,8436150738.980415344238,3.281688690186e-02,8436150738.964006423950,24.8402551777,7453.2393146047,1.6381077491e-02,0.9983322026,0.2837507195,17.2929699460,0
16477,8436150925.764687538147,8436150925.802206993103,3.751945495605e-02,8436150925.783447265625,24.1556356782,5707.1463371452,1.8719984879e-02,0.9978814938,0.2877436594,15.3383709703,0
16926,8436151060.146490097046,8436151060.183816909790,3.732681274414e-02,8436151060.165153503418,31.3275403412,5773.1289940068,1.8612699558e-02,0.9972830890,0.2526689345,13.5382003383,0
17140,8436151124.211725234985,8436151124.255391120911,4.366588592529e-02,8436151124.233558654785,27.4132949139,4223.1230278914,2.1761966183e-02,0.9967490970,0.2701060916,12.3714925657,0
17154,8436151128.260102272034,8436151128.296137809753,3.603553771973e-02,8436151128.278120040894,36.2710370052,6196.9414187475,1.7964961983e-02,0.9970691778,0.2348199610,13.0326880560,0
17771,8436151312.655790328979,8436151312.697216987610,4.142665863037e-02,8436151312.676504135132,37.3624230189,4698.9105866821,2.0630816073e-02,0.9960164182,0.2313649041,11.1698559220,0
17880,8436151345.100784301758,8436151345.131309509277,3.052520751953e-02,8436151345.116046905518,24.2728937879,8609.9141285680,1.5241074565e-02,0.9985894154,0.2870477983,18.8072626917,0
18230,8436151449.878140449524,8436151449.911494255066,3.335380554199e-02,8436151449.894817352295,24.7620824764,7215.9262291932,1.6648264055e-02,0.9982827317,0.2841982602,17.0414293408,0
18397,8436151499.761475563049,8436151499.804698944092,4.322338104248e-02,8436151499.783086776733,21.1371345569,4303.1948440844,2.1558547268e-02,0.9975409951,0.3076039739,14.2332213028,0
18711,8436151593.646585464478,8436151593.674223899841,2.763843536377e-02,8436151593.660404205322,27.7175692395,10500.5240785119,1.3800966773e-02,0.9986793095,0.2686194325,19.4381070409,0
19002,8436151680.527601242065,8436151680.547276496887,1.967525482178e-02,8436151680.537439346313,23.6616516375,20689.3204862268,9.8320003265e-03,0.9994280039,0.2907317549,29.5530357849,0
19107,8436151711.900927543640,8436151711.938411712646,3.748416900635e-02,8436151711.919670104980,42.4977280475,5736.1929009930,1.8672528200e-02,0.9962887637,0.2169362564,11.5748200963,0
19547,8436151843.542355537415,8436151843.551400184631,9.044647216797e-03,8436151843.546877861023,28.2807451243,97821.0451511047,4.5216698435e-03,0.9998554361,0.2659313718,58.8041446969,0
19583,8436151854.347562789917,8436151854.385373115540,3.781032562256e-02,8436151854.366468429565,27.5510475243,5623.4408296654,1.8858794708e-02,0.9975473312,0.2694299930,14.2516621371,0
19668,8436151879.715726852417,8436151879.755023956299,3.929710388184e-02,8436151879.735375404358,32.6538355660,5213.1206637963,1.9586918181e-02,0.9968631907,0.2474844390,12.5955561371,0
19696,8436151888.068174362183,8436151888.097470283508,2.929592132568e-02,8436151888.082822799683,28.4357737889,9349.7181737902,1.4625668906e-02,0.9984781666,0.2652054670,18.1052825797,0
19710,8436151892.214078903198,8436151892.258647918701,4.456901550293e-02,8436151892.236363410950,43.5309228601,4070.9229419198,2.2165041918e-02,0.9946390634,0.2143463343,9.6186254893,0
19880,8436151942.871125221252,8436151942.904114723206,3.298950195312e-02,8436151942.887619972229,34.6737447552,7385.5391184926,1.6455985516e-02,0.9976498305,0.2401677138,14.5602509612,0
19963,8436151967.993583679199,8436151968.025100708008,3.151702880859e-02,8436151968.009342193604,19.0484847693,8072.8226901225,1.5739911673e-02,0.9988195124,0.3240296714,20.5621966039,0
20908,8436152250.406524658203,8436152250.435379981995,2.885532379150e-02,8436152250.420951843262,23.3213672793,9631.4339450910,1.4410183879e-02,0.9987885759,0.2928451215,20.2974760319,0
21133,8436152317.579253196716,8436152317.614001274109,3.474807739258e-02,8436152317.596627235413,24.9119847544,6650.5610114403,1.7341467920e-02,0.9981253192,0.2833419204,16.3083509464,0
21325,8436152375.191689491272,8436152375.232143402100,4.045391082764e-02,8436152375.211915969849,33.0915067165,4921.5165618061,2.0158839280e-02,0.9966324080,0.2458423660,12.1541952784,0
21518,8436152432.859194755554,8436152432.897359848022,3.816509246826e-02,8436152432.878276824951,67.7948410990,5560.1340185514,1.8965852470e-02,0.9938847907,0.1717578813,9.0007842343,0
21653,8436152473.002498626709,8436152473.034439086914,3.194046020508e-02,8436152473.018468856812,27.7838387066,7869.4373442724,1.5942012924e-02,0.9982331389,0.2682988884,16.7999388015,0
22076,8436152599.368065834045,8436152599.406783103943,3.871726989746e-02,8436152599.387424468994,25.0097418628,5361.8049179150,1.9313433718e-02,0.9976650611,0.2827876203,14.6078285492,0
22408,8436152698.647089004517,8436152698.689220428467,4.213142395020e-02,8436152698.668154716492,20.3545394204,4527.2523587467,2.1018302877e-02,0.9977494661,0.3134616086,14.8801810737,0
22590,8436152753.079451560974,8436152753.116758346558,3.730678558350e-02,8436152753.098104476929,24.0163516276,5771.9841283095,1.8614545369e-02,0.9979174071,0.2885768451,15.4704749041,0
22645,8436152769.633449554443,8436152769.662398338318,2.894878387451e-02,8436152769.647924423218,36.5001732341,9582.6740206767,1.4446799333e-02,0.9980936951,0.2340817389,16.1721293658,0
22787,8436152812.064301490784,8436152812.103593826294,3.929233551025e-02,8436152812.083948135376,34.4361767205,5216.1604455880,1.9581210090e-02,0.9966936216,0.2409947235,12.2667548438,0
22818,8436152821.381635665894,8436152821.422107696533,4.047203063965e-02,8436152821.401871681213,24.7090825212,4908.7579047871,2.0185020323e-02,0.9974799882,0.2845028937,14.0592349412,0
22940,8436152857.801295280457,8436152857.828239440918,2.694416046143e-02,8436152857.814767837524,19.9892831238,11039.4584638041,1.3459877674e-02,0.9990942336,0.3163125244,23.4791152524,0
23334,8436152975.721348762512,8436152975.748812675476,2.746391296387e-02,8436152975.735080718994,24.4200622968,10630.7506336033,1.3716175469e-02,0.9988507819,0.2861815385,20.8405509339,0
23531,8436153034.436194419861,8436153034.478264808655,4.207038879395e-02,8436153034.457229614258,24.8297695766,4544.8141688520,2.0977654711e-02,0.9972645993,0.2838106270,13.4921799001,0
23614,8436153059.168938636780,8436153059.209943771362,4.100513458252e-02,8436153059.189441680908,24.7894743156,4782.6696865827,2.0449363934e-02,0.9974050393,0.2840412003,13.8539333275,0
24138,8436153215.877944946289,8436153215.910499572754,3.255462646484e-02,8436153215.894222259521,23.2567852529,7571.8244754785,1.6252296203e-02,0.9984630738,0.2932514421,18.0159611047,0
24155,8436153221.160544395447,8436153221.203707695007,4.316329956055e-02,8436153221.182126045227,26.3178332673,4320.3047248383,2.1515815316e-02,0.9969495166,0.2756702704,12.7733640944,0
24175,8436153227.090360641479,8436153227.132948875427,4.258823394775e-02,8436153227.111654281616,24.7517201470,4435.4842721541,2.1234619142e-02,0.9972059029,0.2842577439,13.3491209917,0
25095,8436153502.015245437622,8436153502.056905746460,4.166030883789e-02,8436153502.036075592041,40.9217236675,4650.3282955981,2.0738301833e-02,0.9955904030,0.2210741881,10.6131804694,0
25390,8436153590.286477088928,8436153590.317229270935,3.075218200684e-02,8436153590.301853179932,25.1889340068,8484.5607552079,1.5353249796e-02,0.9985144984,0.2817799603,18.3258514920,0
25629,8436153661.826616287231,8436153661.850443840027,2.382755279541e-02,8436153661.838529586792,29.7651084042,14120.4176543572,1.1901212962e-02,0.9989454699,0.2592156770,21.7576416043,0
25704,8436153684.089248657227,8436153684.121156692505,3.190803527832e-02,8436153684.105202674866,19.3821450206,7876.9811157553,1.5934377276e-02,0.9987689394,0.3212285065,20.1346465651,0
26014,8436153776.821929931641,8436153776.865280151367,4.335021972656e-02,8436153776.843605041504,33.6054972675,4290.6420653166,2.1590060270e-02,0.9960761632,0.2439550624,11.2550784726,0
27491,8436154218.320671081543,8436154218.356806755066,3.613567352295e-02,8436154218.338739395142,26.7725522319,6153.3464933059,1.8028488302e-02,0.9978221821,0.2733191809,15.1273882165,0
27792,8436154308.438055038452,8436154308.474202156067,3.614711761475e-02,8436154308.456129074097,31.5256437879,6154.2208813640,1.8027207518e-02,0.9974354088,0.2518738124,13.9360385574,0
28442,8436154502.599699974060,8436154502.640604972839,4.090499877930e-02,8436154502.620152473450,65.2532071578,4846.4565989124,2.0314345470e-02,0.9932451327,0.1750709413,8.5598800421,0
28705,8436154581.136299133301,8436154581.179507255554,4.320812225342e-02,8436154581.157903671265,32.1842100194,4317.2668393561,2.1523383888e-02,0.9962656448,0.2492835215,11.5387343153,0
28812,8436154613.195275306702,8436154613.233688354492,3.841304779053e-02,8436154613.214481353760,18.2463542596,5439.9085384169,1.9174285908e-02,0.9983215085,0.3310754260,17.2376546534,0
29280,8436154753.125752449036,8436154753.161534309387,3.578186035156e-02,8436154753.143643379211,16.5703106557,6264.9031274733,1.7867254266e-02,0.9986766530,0.3474158855,19.4185479506,0
30203,8436155029.098615646362,8436155029.122638702393,2.402305603027e-02,8436155029.110627174377,23.8580912716,13886.1001641939,1.2001204911e-02,0.9991405669,0.2895323864,24.1045424094,0
30302,8436155058.699678421021,8436155058.717800140381,1.812171936035e-02,8436155058.708739280701,23.8207160056,24384.6005096359,9.0564329334e-03,0.9995114430,0.2897594390,31.9792436060,0
31252,8436155342.735922813416,8436155342.751482963562,1.556015014648e-02,8436155342.743702888489,36.8703465228,33078.5731255605,7.7757379145e-03,0.9994425300,0.2329037001,29.9359193740,0
31587,8436155442.742400169373,8436155442.764378547668,2.197837829590e-02,8436155442.753389358521,81.4646459912,16642.9276374136,1.0962260935e-02,0.9975495724,0.1566860782,14.2582019583,0
32087,8436155592.297400474548,8436155592.323238372803,2.583789825439e-02,8436155592.310319900513,17.7789211887,12001.0565052940,1.2909376216e-02,0.9992590023,0.3353994109,25.9618183783,0
33111,8436155898.326580047607,8436155898.357717514038,3.113746643066e-02,8436155898.342148780823,20.0043091443,8271.3245413233,1.5549895224e-02,0.9987900113,0.3161937047,20.3095332401,0
34212,8436156227.534609794617,8436156227.564635276794,3.002548217773e-02,8436156227.549622535706,17.8661578658,8891.6737149641,1.4997650855e-02,0.9989948382,0.3345795666,22.2863742626,0
34685,8436156368.837955474854,8436156368.865263938904,2.730846405029e-02,8436156368.851610183716,27.5203547888,10754.9441635919,1.3636751228e-02,0.9987197524,0.2695801953,19.7433436607,0
35192,8436156520.518038749695,8436156520.550033569336,3.199481964111e-02,8436156520.534036636353,31.0710311408,7846.1011176161,1.5965703048e-02,0.9980180059,0.2537097543,15.8594270659,0
35560,8436156630.453764915466,8436156630.489751815796,3.598690032959e-02,8436156630.471757888794,50.1467089945,6227.4810107563,1.7920857722e-02,0.9959656185,0.1997072261,11.0988845559,0
35572,8436156633.918155670166,8436156633.943310737610,2.515506744385e-02,8436156633.930732727051,22.5503805406,12665.2265745867,1.2566331611e-02,0.9991093556,0.2978091659,23.6778666258,0
35643,8436156655.435686111450,8436156655.478610992432,4.292488098145e-02,8436156655.457148551941,24.8905540490,4366.7102825775,2.1401184369e-02,0.9971458921,0.2834638725,13.2074389508,0
35846,8436156716.024392127991,8436156716.058679580688,3.428745269775e-02,8436156716.041536331177,17.0412312955,6821.9067058526,1.7122300310e-02,0.9987502111,0.3425819778,19.9829354966,0
36142,8436156804.456610679626,8436156804.491332054138,3.472137451172e-02,8436156804.473971366882,23.0013410109,6658.8453528765,1.7330677209e-02,0.9982713791,0.2948753161,16.9852328864,0
36185,8436156817.468663215637,8436156817.484807014465,1.614379882812e-02,8436156817.476735115051,19.5637170994,30715.3323571486,8.0693283608e-03,0.9996814810,0.3197343607,39.6107959548,0
36615,8436156946.002176284790,8436156946.043905258179,4.172897338867e-02,8436156946.023040771484,20.1838599063,4614.4334603111,2.0818805312e-02,0.9978105677,0.3147841715,15.0870795947,0
36726,8436156979.111863136292,8436156979.152664184570,4.080104827881e-02,8436156979.132263183594,24.0447361527,4829.6416977263,2.0349678000e-02,0.9975076062,0.2884064640,14.1372085357,0
37101,8436157091.217042922974,8436157091.260756492615,4.371356964111e-02,8436157091.238899230957,25.6929028008,4212.2540847233,2.1790024461e-02,0.9969455544,0.2790027031,12.7650386531,0
37123,8436157097.958193778992,8436157098.002321243286,4.412746429443e-02,8436157097.980257034302,15.8584376450,4124.2520240245,2.2021271924e-02,0.9980755648,0.3551279042,16.0955500116,0
37425,8436157188.166749000549,8436157188.211206436157,4.445743560791e-02,8436157188.188978195190,28.5231476329,4076.1565457826,2.2150807883e-02,0.9964950781,0.2647989587,11.9124711119,0
38142,8436157402.425220489502,8436157402.445884704590,2.066421508789e-02,8436157402.435552597046,43.9343233808,18778.8679883766,1.0320014164e-02,0.9988295341,0.2133600118,20.6501926999,0
38618,8436157544.728912353516,8436157544.769235610962,4.032325744629e-02,8436157544.749073982239,39.2153321487,4959.3701644321,2.0081758284e-02,0.9960384927,0.2258328155,11.2011196404,0
39116,8436157693.506484031677,8436157693.548404693604,4.192066192627e-02,8436157693.527444839478,29.4119702445,4581.7418365483,2.0892946418e-02,0.9967851392,0.2607671850,12.4409860468,0
39704,8436157869.293706893921,8436157869.324898719788,3.119182586670e-02,8436157869.309303283691,27.0129283615,8249.5983071782,1.5570357949e-02,0.9983614307,0.2721003901,17.4469036384,0
39915,8436157932.439663887024,8436157932.480817794800,4.115390777588e-02,8436157932.460241317749,17.1335763005,4740.6760731250,2.0539735996e-02,0.9981912827,0.3416575217,16.6038920828,0
39982,8436157952.559794425964,8436157952.588918685913,2.912425994873e-02,8436157952.574356079102,17.8163372957,9449.3037528872,1.4548395300e-02,0.9990568224,0.3350470395,23.0081066476,0
40025,8436157965.231040000916,8436157965.266478538513,3.543853759766e-02,8436157965.248759269714,18.8462344832,6388.8311354092,1.7693114709e-02,0.9985239746,0.3257637102,18.3847151904,0
40247,8436158031.732644081116,8436158031.767327308655,3.468322753906e-02,8436158031.749985694885,55.9513401711,6706.4004846547,1.7269121917e-02,0.9958197747,0.1890643958,10.9023530513,0
40335,8436158057.966151237488,8436158057.990585327148,2.443408966064e-02,8436158057.978368759155,20.7715683900,13420.5513378251,1.2207586745e-02,0.9992258287,0.3102989835,25.3988577283,0
41955,8436158542.330947875977,8436158542.375245094299,4.429721832275e-02,8436158542.353096008301,26.3966562386,4103.3625330676,2.2077253961e-02,0.9967783440,0.2752583736,12.4277949742,0
42621,8436158741.542636871338,8436158741.587175369263,4.453849792480e-02,8436158741.564906120300,21.8752175317,4054.7882291580,2.2209097428e-02,0.9972988970,0.3023700750,13.5779197355,0
42675,8436158757.615654945374,8436158757.651486396790,3.583145141602e-02,8436158757.633570671082,42.1530622638,6273.2023453357,1.7855431492e-02,0.9966345647,0.2178213437,12.1581088743,0
42895,8436158823.280323028564,8436158823.322664260864,4.234123229980e-02,8436158823.301493644714,25.7507845162,4488.0943019698,2.1109794767e-02,0.9971270849,0.2786889604,13.1639513189,0
42930,8436158833.637340545654,8436158833.660911560059,2.357101440430e-02,8436158833.649126052856,24.7284020242,14423.7651628281,1.1775400209e-02,0.9991424219,0.2843917355,24.1306318510,0
43206,8436158916.100420951843,8436158916.144608497620,4.418754577637e-02,8436158916.122514724731,17.1331415378,4114.3620181087,2.2047723144e-02,0.9979157139,0.3416618566,15.4641698511,0
43479,8436158997.745979309082,8436158997.777776718140,3.179740905762e-02,8436158997.761878013611,32.8537642712,7945.2225176305,1.5865799637e-02,0.9979303413,0.2467302674,15.5188913024,0
43713,8436159067.849037170410,8436159067.870052337646,2.101516723633e-02,8436159067.859544754028,26.5759344997,18140.9898071307,1.0499884171e-02,0.9992672485,0.2743283715,26.1076553391,0
43834,8436159104.000846862793,8436159104.035419464111,3.457260131836e-02,8436159104.018133163452,31.4314483007,6724.5092122274,1.7245853852e-02,0.9976601814,0.2522509447,14.5925348439,0
43986,8436159149.363326072693,8436159149.400294303894,3.696823120117e-02,8436159149.381810188293,21.2098602497,5874.9392777459,1.8450719511e-02,0.9981932547,0.3070761552,16.6129752624,0
43993,8436159151.598112106323,8436159151.627223014832,2.911090850830e-02,8436159151.612667083740,28.3469370880,9468.4876600308,1.4533649725e-02,0.9985019685,0.2656207067,18.2488778507,0
44211,8436159216.539605140686,8436159216.580010414124,4.040527343750e-02,8436159216.559807777405,29.9016920692,4930.1026029773,2.0141277774e-02,0.9969628249,0.2586229823,12.8014469547,0
44338,8436159254.719292640686,8436159254.762579917908,4.328727722168e-02,8436159254.740936279297,18.4370792369,4287.8626617702,2.1597056503e-02,0.9978477691,0.3293585460,15.2173371555,0
44535,8436159313.527238845825,8436159313.558855056763,3.161621093750e-02,8436159313.543046951294,24.2792862348,8027.6023136196,1.5784181752e-02,0.9984866171,0.2870100076,18.1558763140,0
44821,8436159398.901959419250,8436159398.943675994873,4.171657562256e-02,8436159398.922817230225,26.5050599586,4623.4857999601,2.0798414719e-02,0.9971295299,0.2746949038,13.1695806607,0
44939,8436159434.180701255798,8436159434.224259376526,4.355812072754e-02,8436159434.202480316162,22.6789600255,4239.1752102089,2.1720724863e-02,0.9973214868,0.2969637441,13.6352872485,0
45127,8436159490.738582611084,8436159490.753845214844,1.526260375977e-02,8436159490.746213912964,20.8307678208,34363.3957069409,7.6289885175e-03,0.9996968587,0.3098577469,40.6035237258,0
45132,8436159491.970732688904,8436159492.013738632202,4.300594329834e-02,8436159491.992235183716,37.8541859647,4363.3214647952,2.1409493479e-02,0.9956527790,0.2298571630,10.6895533679,0
45222,8436159518.891223907471,8436159518.934785842896,4.356193542480e-02,8436159518.913004875183,23.8904814699,4239.6482909804,2.1719512976e-02,0.9971785121,0.2893360490,13.2838932052,0
45418,8436159577.512550354004,8436159577.555186271667,4.263591766357e-02,8436159577.533868789673,29.1813285065,4430.0535318309,2.1247630766e-02,0.9967009944,0.2617956753,12.2805226038,0
45437,8436159583.130946159363,8436159583.171280860901,4.033470153809e-02,8436159583.151113510132,26.5272478213,4943.8905029511,2.0113172397e-02,0.9973135603,0.2745799999,13.6150753280,0
45837,8436159702.872286796570,8436159702.901492118835,2.920532226562e-02,8436159702.886889457703,60.4990877206,9439.7030744039,1.4555791664e-02,0.9967903474,0.1818195527,12.4511245586,0
45909,8436159724.306394577026,8436159724.332338333130,2.594375610352e-02,8436159724.319366455078,25.4092691822,11911.0960482073,1.2958034577e-02,0.9989328088,0.2805555799,21.6279846934,0
46256,8436159827.977684974670,8436159828.006823539734,2.913856506348e-02,8436159827.992254257202,26.6815881611,9448.9107996258,1.4548697810e-02,0.9985871149,0.2737846905,18.7919130492,0
46514,8436159905.099203109741,8436159905.120272636414,2.106952667236e-02,8436159905.109737396240,30.5473302919,18051.6113059885,1.0525845984e-02,0.9991535308,0.2558753015,24.2886615838,0
47138,8436160091.756882667542,8436160091.794751167297,3.786849975586e-02,8436160091.775816917419,28.6951509731,5607.4051666249,1.8885740985e-02,0.9974380346,0.2640041421,13.9432057680,0
47195,8436160108.732180595398,8436160108.741501808167,9.321212768555e-03,8436160108.736841201782,26.1458058087,92101.8701722756,4.6599448127e-03,0.9998580503,0.2765756758,59.3432813189,0
47236,8436160120.908735275269,8436160120.929342269897,2.060699462891e-02,8436160120.919038772583,29.6325668086,18868.7551142875,1.0295403536e-02,0.9992144630,0.2597947448,25.2142293851,0
47336,8436160150.748286247253,8436160150.770211219788,2.192497253418e-02,8436160150.759248733521,19.1224125004,16661.3658718103,1.0956193585e-02,0.9994259804,0.3234027114,29.5008544122,0
48138,8436160390.509944915771,8436160390.546211242676,3.626632690430e-02,8436160390.528078079224,31.9493830278,6114.4595436222,1.8085726539e-02,0.9973839693,0.2501979574,13.7978107396,0
48245,8436160422.467106819153,8436160422.510088920593,4.298210144043e-02,8436160422.488597869873,19.2593409405,4349.5265608975,2.1443417643e-02,0.9977835854,0.3222510100,14.9946605291,0
48923,8436160625.228416442871,8436160625.260536193848,3.211975097656e-02,8436160625.244476318359,26.5833506806,7780.9377874079,1.6032417964e-02,0.9982903028,0.2742901030,17.0792172850,0
49059,8436160665.831502914429,8436160665.855416297913,2.391338348389e-02,8436160665.843460083008,17.6895956319,14007.3744150846,1.1949139439e-02,0.9993683619,0.3362451626,28.1219228438,0
49180,8436160702.085167884827,8436160702.124971389771,3.980350494385e-02,8436160702.105070114136,30.8904517094,5080.3785728755,1.9841155464e-02,0.9969551923,0.2544502420,12.7853183985,0
49733,8436160867.464644432068,8436160867.485309600830,2.066516876221e-02,8436160867.474977493286,21.5925112325,18754.7970238570,1.0326634685e-02,0.9994241812,0.3043430725,29.4546902575,0
50093,8436160974.962321281433,8436160974.996835708618,3.451442718506e-02,8436160974.979578018188,16.0290888092,6731.6882580610,1.7236655431e-02,0.9988087207,0.3532324392,20.4686832720,0
50098,8436160976.674261093140,8436160976.706504821777,3.224372863770e-02,8436160976.690382957458,16.8272203434,7711.6650607063,1.6104265375e-02,0.9989083804,0.3447535977,21.3842264712,0
50567,8436161116.558455467224,8436161116.600156784058,4.170131683350e-02,8436161116.579305648804,21.4043656918,4621.7498528000,2.0802320335e-02,0.9976817000,0.3056777421,14.6603400216,0
50715,8436161161.046303749084,8436161161.077010154724,3.070640563965e-02,8436161161.061656951904,18.1124058114,8502.7250812311,1.5336841495e-02,0.9989343380,0.3322973882,21.6435223382,0
50959,8436161234.001554489136,8436161234.036303520203,3.474903106689e-02,8436161234.018928527832,24.5946908610,6649.8800455593,1.7342355804e-02,0.9981490287,0.2851637477,16.4127596649,0
51047,8436161260.216619491577,8436161260.241215705872,2.459621429443e-02,8436161260.228918075562,26.1968805896,13249.9109661441,1.2285943615e-02,0.9990109427,0.2763059312,22.4673543558,0
51148,8436161290.413232803345,8436161290.455175399780,4.194259643555e-02,8436161290.434204101562,23.4722278209,4571.0419209201,2.0917385276e-02,0.9974292034,0.2919025184,13.9191439367,0
51276,8436161328.560065269470,8436161328.601982116699,4.191684722900e-02,8436161328.581024169922,25.8724424317,4579.0309278535,2.0899130094e-02,0.9971708979,0.2780329599,13.2659290142,0
51587,8436161421.892219543457,8436161421.920267105103,2.804756164551e-02,8436161421.906243324280,29.9334511533,10199.4372886760,1.4003187108e-02,0.9985315148,0.2584857477,18.4319586132,0
51590,8436161422.767465591431,8436161422.798071861267,3.060626983643e-02,8436161422.782768249512,35.3326902134,8575.5551062331,1.5271576668e-02,0.9979377918,0.2379176410,15.5469870864,0
51731,8436161464.596781730652,8436161464.629716873169,3.293514251709e-02,8436161464.613248825073,25.0189642687,7400.1695620045,1.6439710384e-02,0.9983081370,0.2827354954,17.1692285964,0
51882,8436161509.843975067139,8436161509.879588127136,3.561305999756e-02,8436161509.861782073975,40.6724902130,6348.3779303081,1.7749397322e-02,0.9967914761,0.2217505043,12.4533249497,0
51924,8436161522.549274444580,8436161522.555241584778,5.967140197754e-03,8436161522.552257537842,61.2168109149,224737.6411548027,2.9831637204e-03,0.9998637946,0.1807505582,60.5819713335,0
52073,8436161567.055457115173,8436161567.085192680359,2.973556518555e-02,8436161567.070324897766,21.8179658438,9069.5054628948,1.4849888558e-02,0.9987964557,0.3027665339,20.3639333600,0
52224,8436161612.229693412781,8436161612.259395599365,2.970218658447e-02,8436161612.244544982910,23.8970743913,9091.9311435999,1.4831563272e-02,0.9986849440,0.2892961340,19.4797869994,0
52807,8436161786.507930755615,8436161786.550018310547,4.208755493164e-02,8436161786.528974533081,20.4214351066,4536.7194785766,2.0996361173e-02,0.9977467785,0.3129477753,14.8712737417,0
52876,8436161807.046734809875,8436161807.090806961060,4.407215118408e-02,8436161807.068771362305,43.3482721959,4162.0608752987,2.1921021288e-02,0.9947788206,0.2147974404,9.7475360143,0
53050,8436161858.926678657532,8436161858.968701362610,4.202270507812e-02,8436161858.947690010071,23.4873427545,4553.7353332657,2.0957096110e-02,0.9974177565,0.2918085785,13.8881387094,0
53147,8436161888.026741027832,8436161888.057599067688,3.085803985596e-02,8436161888.042169570923,24.0849821008,8425.5169646840,1.5406951631e-02,0.9985696890,0.2881654000,18.6768441116,0
53151,8436161889.233715057373,8436161889.249674797058,1.595973968506e-02,8436161889.241695404053,29.0835172347,31436.9459589934,7.9761777475e-03,0.9995373239,0.2622355305,32.8621313016,0
53252,8436161919.519369125366,8436161919.554735183716,3.536605834961e-02,8436161919.537052154541,40.1887717500,6436.3097383316,1.7627735685e-02,0.9968730759,0.2230810249,12.6155435639,0
53394,8436161961.864375114441,8436161961.907825469971,4.345035552979e-02,8436161961.886100769043,23.1230801368,4260.5607028678,2.1666143695e-02,0.9972826887,0.2940980573,13.5371991174,0
53811,8436162086.623668670654,8436162086.649944305420,2.627563476562e-02,8436162086.636806488037,19.9546491184,11607.2894096337,1.3126519598e-02,0.9991400562,0.3165869071,24.0973746158,0
53937,8436162124.123096466064,8436162124.165893554688,4.279708862305e-02,8436162124.144495010376,18.6273924148,4386.4152321152,2.1353060342e-02,0.9978744363,0.3276717239,15.3128044180,0
53966,8436162132.818835258484,8436162132.856918334961,3.808307647705e-02,8436162132.837877273560,29.0427312280,5545.0640656911,1.8991606958e-02,0.9973777706,0.2624196005,13.7814286425,0
54392,8436162260.040143013000,8436162260.083922386169,4.377937316895e-02,8436162260.062032699585,29.3986518442,4203.3838906056,2.1813003553e-02,0.9964968419,0.2608262457,11.9154856200,0
54406,8436162264.536679267883,8436162264.567630767822,3.095149993896e-02,8436162264.552154541016,23.4469382712,8374.2181740211,1.5454069539e-02,0.9985990708,0.2920598971,18.8720997453,0
54440,8436162274.776876449585,8436162274.801501274109,2.462482452393e-02,8436162274.789188385010,32.1976059671,13225.2017295547,1.2297415448e-02,0.9987819760,0.2492316584,20.2423093909,0
54595,8436162321.029170989990,8436162321.053732872009,2.456188201904e-02,8436162321.041452407837,19.6143824401,13280.3221715771,1.2271868486e-02,0.9992612517,0.3193211454,26.0013581316,0
54937,8436162423.243295669556,8436162423.276599884033,3.330421447754e-02,8436162423.259947776794,28.8282194601,7241.4240677101,1.6618928038e-02,0.9980075074,0.2633941276,15.8174652495,0
55064,8436162460.970764160156,8436162461.012788772583,4.202461242676e-02,8436162460.991776466370,20.7042225637,4550.5409985163,2.0964450427e-02,0.9977224877,0.3108032375,14.7914862074,0
55106,8436162473.909211158752,8436162473.947809219360,3.859806060791e-02,8436162473.928510665894,49.4128644315,5419.2241034471,1.9210843867e-02,0.9954305250,0.2011847152,10.4246022762,0
55270,8436162522.613436698914,8436162522.648838043213,3.540134429932e-02,8436162522.631137847900,24.4570508263,6407.8338276916,1.7666860404e-02,0.9980898044,0.2859650480,16.1556038968,0
55303,8436162532.551988601685,8436162532.578822135925,2.683353424072e-02,8436162532.565404891968,37.3521761845,11147.8682597793,1.3394271073e-02,0.9983232885,0.2313966371,17.2468251903,0
55688,8436162647.524652481079,8436162647.565505981445,4.085350036621e-02,8436162647.545079231262,31.4646917521,4824.7296976054,2.0360034247e-02,0.9967338938,0.2521176539,12.3425239760,0
55920,8436162717.025193214417,8436162717.063057899475,3.786468505859e-02,8436162717.044125556946,21.2437462725,5601.0778785938,1.8896405164e-02,0.9981018004,0.3068311480,16.2067186100,0
56529,8436162899.248602867126,8436162899.282804489136,3.420162200928e-02,8436162899.265703201294,21.8188770242,6860.8815110236,1.7073597474e-02,0.9984086410,0.3027602119,17.7044358802,0
56615,8436162924.538611412048,8436162924.570054054260,3.144264221191e-02,8436162924.554332733154,28.7820086807,8120.7083205004,1.5693436048e-02,0.9982262904,0.2636054882,16.7673878310,0
56835,8436162990.617649078369,8436162990.658664703369,4.101562500000e-02,8436162990.638156890869,19.0110658021,4774.4577778202,2.0466942492e-02,0.9980071006,0.3243484040,15.8158459870,0
57036,8436163050.515987396240,8436163050.559949874878,4.396247863770e-02,8436163050.537968635559,17.1272596687,4156.4152784346,2.1935903734e-02,0.9979375328,0.3417205186,15.5460078303,0
57085,8436163065.353514671326,8436163065.392857551575,3.934288024902e-02,8436163065.373186111450,32.4034654759,5200.8221167793,1.9610063406e-02,0.9968799072,0.2484387115,12.6294114660,0
57161,8436163087.935147285461,8436163087.951540946960,1.639366149902e-02,8436163087.943344116211,18.1492645050,29785.3543890667,8.1943330603e-03,0.9996952860,0.3319597912,40.4985538184,0
57186,8436163095.296224594116,8436163095.330485343933,3.426074981689e-02,8436163095.313354492188,32.9888883277,6848.4659417521,1.7089066811e-02,0.9975886052,0.2462244395,14.3735581261,0
57339,8436163141.252212524414,8436163141.268346786499,1.613426208496e-02,8436163141.260279655457,31.9942995333,30764.0613679617,8.0629350856e-03,0.9994798700,0.2500222704,30.9927121683,0
57581,8436163213.465518951416,8436163213.502675056458,3.715610504150e-02,8436163213.484096527100,20.8829203314,5815.5651239868,1.8544666866e-02,0.9982029519,0.3094705894,16.6578595374,0
57944,8436163321.985085487366,8436163322.020136833191,3.505134582520e-02,8436163322.002611160278,21.3594974614,6532.8527004952,1.7496998912e-02,0.9983638859,0.3059986303,17.4600217553,0
58425,8436163465.879479408264,8436163465.924148559570,4.466915130615e-02,8436163465.901813507080,31.8445374295,4041.2002117048,2.2246403716e-02,0.9960522224,0.2506094974,11.2206966122,0
58603,8436163518.971055030823,8436163519.007946014404,3.689098358154e-02,8436163518.989500045776,27.0086817209,5905.2785178274,1.8403261830e-02,0.9977105538,0.2721217808,14.7527528054,0
58885,8436163603.201432228088,8436163603.241248130798,3.981590270996e-02,8436163603.221340179443,36.5848226902,5082.9288420285,1.9836177366e-02,0.9963947074,0.2338107745,11.7445924173,0
59093,8436163665.518317222595,8436163665.560444831848,4.212760925293e-02,8436163665.539381027222,34.5825214322,4542.2965859472,2.0983467373e-02,0.9961860046,0.2404842677,11.4169435191,0
59552,8436163802.609711647034,8436163802.640363693237,3.065204620361e-02,8436163802.625038146973,56.8049601386,8571.5381520077,1.5275154675e-02,0.9966809115,0.1876384635,12.2431280638,0
59574,8436163809.305758476257,8436163809.348782539368,4.302406311035e-02,8436163809.327270507812,27.0015568376,4348.8262159842,2.1445144222e-02,0.9968907012,0.2721576807,12.6514169522,0
59791,8436163874.078413963318,8436163874.098942756653,2.052879333496e-02,8436163874.088678359985,23.9534892105,19006.8789172729,1.0257926757e-02,0.9993696745,0.2889552607,28.1512172707,0
59813,8436163880.828869819641,8436163880.854913711548,2.604389190674e-02,8436163880.841892242432,27.0323753807,11821.4966337497,1.3007048703e-02,0.9988559889,0.2720024983,20.8880070089,0
60008,8436163939.005711555481,8436163939.049769401550,4.405784606934e-02,8436163939.027740478516,20.6192800016,4142.0069217993,2.1974023654e-02,0.9975078500,0.3114427674,14.1379025605,0
60070,8436163957.624477386475,8436163957.662855148315,3.837776184082e-02,8436163957.643666267395,36.6439261421,5468.2804515882,1.9124478784e-02,0.9966437784,0.2336221403,12.1748705006,0
60183,8436163991.407464981079,8436163991.447521209717,4.005622863770e-02,8436163991.427493095398,18.7877335502,5004.7601592285,1.9990486474e-02,0.9981212487,0.3262704949,16.2906247526,0
60567,8436164106.293228149414,8436164106.301169395447,7.941246032715e-03,8436164106.297199249268,22.6438699330,126879.1319793470,3.9702686859e-03,0.9999107620,0.2971937500,74.8481406634,0
60797,8436164174.919590950012,8436164174.963074684143,4.348373413086e-02,8436164174.941332817078,15.8722100910,4246.8069205285,2.1701199508e-02,0.9981295278,0.3549737971,16.3267393745,0
61028,8436164244.079857826233,8436164244.111001014709,3.114318847656e-02,8436164244.095429420471,24.0268622506,8272.3152856800,1.5548964019e-02,0.9985466986,0.2885137188,18.5282068321,0
61357,8436164342.283115386963,8436164342.314482688904,3.136730194092e-02,8436164342.298799514771,68.6825237649,8199.5270741222,1.5617826566e-02,0.9958029922,0.1706443350,10.8803961096,0
61792,8436164472.470076560974,8436164472.496198654175,2.612209320068e-02,8436164472.483137130737,31.1007663886,11755.0529292297,1.3043757117e-02,0.9986762559,0.2535884401,19.4156293821,0
62653,8436164729.904641151428,8436164729.945602416992,4.096126556396e-02,8436164729.925121307373,19.2354158435,4787.3123494582,2.0439445788e-02,0.9979889784,0.3224513563,15.7442086749,0
63004,8436164834.711039543152,8436164834.752640724182,4.160118103027e-02,8436164834.731840133667,53.1644087685,4675.6830021316,2.0681996869e-02,0.9942985443,0.1939565737,9.3245705480,0
63306,8436164925.016964912415,8436164925.055983543396,3.901863098145e-02,8436164925.036474227905,24.3639464467,5279.0398136931,1.9464243505e-02,0.9976897198,0.2865109203,14.6858520217,0
63441,8436164965.380503654480,8436164965.410667419434,3.016376495361e-02,8436164965.395586013794,24.8329802174,8817.4648620188,1.5060629647e-02,0.9985908371,0.2837922796,18.8167677364,0
64098,8436165161.701643943787,8436165161.742608070374,4.096412658691e-02,8436165161.722126007080,24.0969912470,4791.5079225671,2.0430495164e-02,0.9974822786,0.2880935850,14.0656525099,0
64929,8436165410.320524215698,8436165410.359445571899,3.892135620117e-02,8436165410.339984893799,25.6803744322,5306.6547182365,1.9413533184e-02,0.9975774269,0.2790707516,14.3402377931,0
65169,8436165481.870276451111,8436165481.909544944763,3.926849365234e-02,8436165481.889910697937,21.1335816726,5209.1519263492,1.9594378180e-02,0.9979694334,0.3076298293,15.6680229225,0
65202,8436165491.751156806946,8436165491.772694587708,2.153778076172e-02,8436165491.761925697327,29.6253405074,17275.6134873138,1.0759652824e-02,0.9991421997,0.2598264278,24.1275023319,0
65241,8436165503.471039772034,8436165503.491342544556,2.030277252197e-02,8436165503.481191635132,19.6559766603,19427.5892160177,1.0146249599e-02,0.9994939941,0.3189831070,31.4226154760,0
65657,8436165628.067026138306,8436165628.109842300415,4.281616210938e-02,8436165628.088434219360,24.3466449596,4388.2438797314,2.1348610806e-02,0.9972220654,0.2866127041,13.3880614212,0
66043,8436165743.197173118591,8436165743.234648704529,3.747558593750e-02,8436165743.215910911560,33.5385461661,5729.8420825432,1.8682873423e-02,0.9970690494,0.2441984379,13.0324013219,0
66369,8436165840.590864181519,8436165840.623553276062,3.268909454346e-02,8436165840.607208251953,25.1839147690,7511.7765825449,1.6317125978e-02,0.9983222971,0.2818080387,17.2417157853,0
66799,8436165969.119187355042,8436165969.140097618103,2.091026306152e-02,8436165969.129642486572,31.8887757720,18328.5140688342,1.0446032416e-02,0.9991296987,0.2504356055,23.9533672797,0
67024,8436166036.557805061340,8436166036.592270851135,3.446578979492e-02,8436166036.575037956238,24.0652407320,6758.6917747329,1.7202187506e-02,0.9982180944,0.2882835707,16.7286792159,0
67069,8436166049.846269607544,8436166049.864236831665,1.796722412109e-02,8436166049.855253219604,32.3379177782,24813.8622477263,8.9777563413e-03,0.9993481776,0.2486903718,27.6826704126,0
67595,8436166207.170648574829,8436166207.211837768555,4.118919372559e-02,8436166207.191243171692,27.8610298584,4743.3138665319,2.0534024049e-02,0.9970588007,0.2679269591,13.0095753213,0
68928,8436166605.654181480408,8436166605.687808990479,3.362751007080e-02,8436166605.670995712280,21.7949975217,7096.3734035416,1.6787915248e-02,0.9984631757,0.3029260248,18.0165599062,0
69278,8436166710.190603256226,8436166710.221063613892,3.046035766602e-02,8436166710.205833435059,63.4438939672,8685.6815646780,1.5174453049e-02,0.9963410946,0.1775497571,11.6577591805,0
69456,8436166763.589360237122,8436166763.622610092163,3.324985504150e-02,8436166763.605985641479,17.9636816032,7254.1622275203,1.6604330379e-02,0.9987610688,0.3336701245,20.0704709304,0
70233,8436166995.810233116150,8436166995.833414077759,2.318096160889e-02,8436166995.821823120117,24.5566406377,14912.2389099454,1.1580933595e-02,0.9991762887,0.2853845912,24.6223255072,0
70397,8436167044.919732093811,8436167044.938055992126,1.832389831543e-02,8436167044.928894042969,23.3257438571,23849.4959997952,9.1574676886e-03,0.9995108607,0.2928176472,31.9601912355,0
71212,8436167288.484320640564,8436167288.513356208801,2.903556823730e-02,8436167288.498838424683,26.1197845756,9515.3138258442,1.4497844578e-02,0.9986265438,0.2767134076,19.0603059870,0
71364,8436167333.900152206421,8436167333.926033973694,2.588176727295e-02,8436167333.913093566895,34.2858446799,11976.9750794034,1.2922347775e-02,0.9985676510,0.2415224865,18.6635235491,0
71822,8436167470.725541114807,8436167470.755298614502,2.975749969482e-02,8436167470.740419387817,39.4817493194,9073.8359055085,1.4846344618e-02,0.9978220462,0.2250695821,15.1269148525,0
71871,8436167485.674541473389,8436167485.711504936218,3.696346282959e-02,8436167485.693023681641,21.1151598454,5876.3549638298,1.8448496875e-02,0.9982017626,0.3077639952,16.6523356666,0
72008,8436167526.416005134583,8436167526.444981575012,2.897644042969e-02,8436167526.430493354797,31.0505370778,9559.0103951112,1.4464670029e-02,0.9983745287,0.2537934676,17.5172287439,0
72083,8436167548.905281066895,8436167548.914397239685,9.116172790527e-03,8436167548.909839630127,37.7059570233,96301.9246529194,4.5571939737e-03,0.9998042113,0.2303085249,50.5274593180,0
72186,8436167579.682394981384,8436167579.710916519165,2.852153778076e-02,8436167579.696655273438,22.6380503937,9856.9529865737,1.4244383422e-02,0.9988510109,0.2972319472,20.8426312437,0
72332,8436167623.370554924011,8436167623.414921760559,4.436683654785e-02,8436167623.392738342285,16.9355532988,4081.1167259038,2.2137342769e-02,0.9979229754,0.3436491728,15.4912632737,0
72967,8436167813.140791893005,8436167813.182473182678,4.168128967285e-02,8436167813.161632537842,25.8613839373,4630.6287108072,2.0782367378e-02,0.9972036634,0.2780923979,13.3437520811,0
73144,8436167866.017948150635,8436167866.059262275696,4.131412506104e-02,8436167866.038604736328,16.7816877127,4703.7591733228,2.0620180315e-02,0.9982145469,0.3452209794,16.7120072782,0
73257,8436167899.631978988647,8436167899.650932312012,1.895332336426e-02,8436167899.641455650330,24.7097610355,22294.6597926369,9.4714086088e-03,0.9994456831,0.2844989875,30.0210134156,0
73785,8436168057.686228752136,8436168057.725799560547,3.957080841064e-02,8436168057.706014633179,25.8947813629,5134.9446462699,1.9735453690e-02,0.9974753857,0.2779130072,14.0463649015,0
74125,8436168159.356005668640,8436168159.381063461304,2.505779266357e-02,8436168159.368534088135,21.2293926063,12762.2542835242,1.2518471388e-02,0.9991679280,0.3069348582,24.4981561055,0
74491,8436168268.748674392700,8436168268.787582397461,3.890800476074e-02,8436168268.768128395081,23.7997028190,5308.3990442274,1.9410343304e-02,0.9977557792,0.2898873277,14.9011664549,0
74523,8436168278.191535949707,8436168278.234298706055,4.276275634766e-02,8436168278.212917327881,20.0511146410,4394.8551667768,2.1332547147e-02,0.9977161890,0.3158244422,14.7710049211,0
74537,8436168282.574837684631,8436168282.604640007019,2.980232238770e-02,8436168282.589738845825,17.3259267915,9024.5251815325,1.4886850166e-02,0.9990396032,0.3397557069,22.8006195268,0
74632,8436168310.953104019165,8436168310.997766494751,4.466247558594e-02,8436168310.975435256958,23.3662012616,4033.9205254856,2.2266467800e-02,0.9970995789,0.2925640378,13.1011115697,0
74725,8436168338.692986488342,8436168338.732082366943,3.909587860107e-02,8436168338.712533950806,28.0766876237,5262.0081589283,1.9495718224e-02,0.9973285636,0.2668959986,13.6534083983,0
74756,8436168347.945116996765,8436168347.973864555359,2.874755859375e-02,8436168347.959490776062,23.7636894965,9704.0466308824,1.4356168943e-02,0.9987748278,0.2901069033,20.1830637099,0
74982,8436168415.560717582703,8436168415.593308448792,3.259086608887e-02,8436168415.577013015747,35.2910645756,7567.0807310208,1.6257389624e-02,0.9976653937,0.2380579110,14.6088729463,0
75370,8436168531.572758674622,8436168531.602491378784,2.973270416260e-02,8436168531.587625503540,23.0501272181,9072.4789315411,1.4847454863e-02,0.9987288597,0.2945630951,19.8140803797,0
75650,8436168615.081780433655,8436168615.124903678894,4.312324523926e-02,8436168615.103342056274,22.2161971484,4324.1835923169,2.1506163122e-02,0.9974278607,0.3000406775,13.9154961950,0
75938,8436168701.325849533081,8436168701.369127273560,4.327774047852e-02,8436168701.347488403320,25.0050064489,4296.3124294366,2.1575808057e-02,0.9970856989,0.2828143960,13.0697394480,0
76129,8436168758.476586341858,8436168758.496372222900,1.978588104248e-02,8436168758.486478805542,20.8041944225,20456.0186464250,9.8879085789e-03,0.9994913603,0.3100555759,31.3410937088,0
76358,8436168826.848109245300,8436168826.892485618591,4.437637329102e-02,8436168826.870297431946,20.1025181419,4082.5370456578,2.2133491630e-02,0.9975349488,0.3154203915,14.2156903831,0
76488,8436168865.633595466614,8436168865.673029899597,3.943443298340e-02,8436168865.653312683105,20.1064641432,5164.5545119424,1.9678797872e-02,0.9980515191,0.3153894385,15.9956370443,0
76646,8436168912.843712806702,8436168912.880419731140,3.670692443848e-02,8436168912.862066268921,28.2923332102,5965.6606597966,1.8309889561e-02,0.9976259161,0.2658769056,14.4864714062,0
77441,8436169150.513092041016,8436169150.546068191528,3.297615051270e-02,8436169150.529580116272,23.8696499932,7380.6886907357,1.6461391886e-02,0.9983816564,0.2894622759,17.5558560580,0
77743,8436169240.906702041626,8436169240.945814132690,3.911209106445e-02,8436169240.926258087158,25.0739194999,5254.6672266577,1.9509331531e-02,0.9976112757,0.2824254856,14.4418504846,0
78099,8436169347.140165328979,8436169347.175753593445,3.558826446533e-02,8436169347.157958984375,18.5615673986,6335.0596475076,1.7768044927e-02,0.9985339378,0.3282522219,18.4472171861,0
78252,8436169393.039657592773,8436169393.072252273560,3.259468078613e-02,8436169393.055954933167,21.3080493169,7551.3348627158,1.6274330564e-02,0.9985881237,0.3063678234,18.7986392908,0
78260,8436169395.518675804138,8436169395.557428359985,3.875255584717e-02,8436169395.538051605225,34.7732517891,5361.8540671793,1.9313345200e-02,0.9967520737,0.2398238360,12.3771880706,0
78371,8436169428.632762908936,8436169428.666186332703,3.342342376709e-02,8436169428.649475097656,18.1171913171,7179.3553378728,1.6690612459e-02,0.9987374468,0.3322534985,19.8814759859,0
78683,8436169521.848937988281,8436169521.889636993408,4.069900512695e-02,8436169521.869287490845,24.5373168907,4854.2622891055,2.0298006089e-02,0.9974693989,0.2854969428,14.0296767390,0
78773,8436169548.695802688599,8436169548.715264320374,1.946163177490e-02,8436169548.705533981323,23.3317470319,21145.1589130254,9.7254458735e-03,0.9994481435,0.2927799743,30.0879163338,0
78874,8436169579.046938896179,8436169579.084338188171,3.739929199219e-02,8436169579.065638542175,20.2753325732,5739.8433068103,1.8666589610e-02,0.9982322454,0.3140732905,16.7956810799,0
78945,8436169600.301548004150,8436169600.334507942200,3.295993804932e-02,8436169600.318027496338,19.0812880660,7383.1395106985,1.6458659494e-02,0.9987069435,0.3237510263,19.6451234716,0
78953,8436169602.561325073242,8436169602.591429710388,3.010463714600e-02,8436169602.576377868652,20.8245052053,8848.0291071321,1.5034594754e-02,0.9988225190,0.3099043357,20.5884783899,0
78988,8436169613.242586135864,8436169613.282875061035,4.028892517090e-02,8436169613.262730598450,76.8898097635,5005.4336513207,1.9989141547e-02,0.9922896410,0.1612800334,8.0061720529,0
79186,8436169672.341756820679,8436169672.384347915649,4.259109497070e-02,8436169672.363052368164,32.4275244983,4442.5675215021,2.1217684104e-02,0.9963436779,0.2483465320,11.6618993806,0
79466,8436169755.909759521484,8436169755.954292297363,4.453277587891e-02,8436169755.932025909424,23.0851569728,4057.0346185154,2.2202947962e-02,0.9971508636,0.2943395231,13.2190063280,0
80356,8436170021.812467575073,8436170021.829899787903,1.743221282959e-02,8436170021.821184158325,27.0589467625,26353.0632447216,8.7116304791e-03,0.9994864753,0.2718689148,31.1915552552,0
80594,8436170093.138369560242,8436170093.169167518616,3.079795837402e-02,8436170093.153768539429,26.0400773095,8460.2835104201,1.5375262509e-02,0.9984598539,0.2771365863,17.9970751944,0
80616,8436170099.691432952881,8436170099.735874176025,4.444122314453e-02,8436170099.713653564453,20.8511408952,4071.4382866374,2.2163639097e-02,0.9974360528,0.3097063332,13.9377951957,0
80860,8436170172.681891441345,8436170172.719914436340,3.802299499512e-02,8436170172.700902938843,22.4327132444,5555.8999418629,1.8973077904e-02,0.9979791390,0.2985892001,15.7057170372,0
81200,8436170274.260146141052,8436170274.304744720459,4.459857940674e-02,8436170274.282445907593,48.1679101638,4070.2222719143,2.2166949641e-02,0.9940652790,0.2037680530,9.1378719088,0
81320,8436170310.219957351685,8436170310.239123344421,1.916599273682e-02,8436170310.229539871216,19.2474963138,21797.7166173201,9.5787645164e-03,0.9995583999,0.3223501490,33.6377200398,0
81559,8436170381.601393699646,8436170381.630189895630,2.879619598389e-02,8436170381.615791320801,18.4140384632,9666.0241863541,1.4384377070e-02,0.9990470324,0.3295645384,22.8894496051,0
81780,8436170447.573677062988,8436170447.615743637085,4.206657409668e-02,8436170447.594710350037,22.1727572624,4542.9769596375,2.0981896032e-02,0.9975566816,0.3003344469,14.2790067112,0
82480,8436170656.829331398010,8436170656.870146751404,4.081535339355e-02,8436170656.849739074707,22.8540737745,4825.0830591670,2.0359288707e-02,0.9976289320,0.2958238503,14.4957142697,0
82645,8436170706.290963172913,8436170706.325006484985,3.404331207275e-02,8436170706.307985305786,21.6406169916,6924.4578564641,1.6995036812e-02,0.9984361554,0.3040046164,17.8598730760,0
82652,8436170708.351583480835,8436170708.385004997253,3.342151641846e-02,8436170708.368293762207,29.3184921665,7191.3740383502,1.6676659398e-02,0.9979594696,0.2611825648,15.6296058823,0
83097,8436170841.461728096008,8436170841.483774185181,2.204608917236e-02,8436170841.472751617432,22.7692311455,16482.6569197380,1.1015428308e-02,0.9993090586,0.2963744867,26.8868083056,0
83305,8436170903.494518280029,8436170903.533420562744,3.890228271484e-02,8436170903.513969421387,27.0698729647,5313.2239274515,1.9401528137e-02,0.9974493415,0.2718140421,13.9741949916,0
83530,8436170970.706157684326,8436170970.746273994446,4.011631011963e-02,8436170970.726215362549,24.2714564567,4995.3202620396,2.0009366051e-02,0.9975676223,0.2870562975,14.3112014354,0
83778,8436171044.776005744934,8436171044.811346054077,3.534030914307e-02,8436171044.793676376343,41.6205240577,6447.0654067476,1.7613025332e-02,0.9967669077,0.2192104359,12.4056886449,0
83814,8436171055.573127746582,8436171055.604344367981,3.121662139893e-02,8436171055.588735580444,24.6645716296,8234.1926496383,1.5584916723e-02,0.9985011846,0.2847594919,18.2440942737,0
84161,8436171159.501000404358,8436171159.544192314148,4.319190979004e-02,8436171159.522596359253,23.2408098323,4311.5409298498,2.1537671130e-02,0.9973011721,0.2933522133,13.5836648459,0
84619,8436171296.381981849670,8436171296.426676750183,4.469490051270e-02,8436171296.404329299927,26.0314088306,4030.7687491124,2.2275171501e-02,0.9967656822,0.2771827259,12.4033266736,0
85127,8436171448.363450050354,8436171448.374927520752,1.147747039795e-02,8436171448.369188308716,23.4537675837,60752.6627494050,5.7376273631e-03,0.9998069547,0.2920173727,50.8853192488,0
85170,8436171461.042835235596,8436171461.079211235046,3.637599945068e-02,8436171461.061023712158,30.2304036697,6076.1186834577,1.8142698095e-02,0.9975092571,0.2572130650,14.1419105412,0
85289,8436171496.692200660706,8436171496.725196838379,3.299617767334e-02,8436171496.708698272705,32.3257381552,7380.2169882259,1.6461917938e-02,0.9978075704,0.2487372179,15.0767292110,0
85612,8436171593.317719459534,8436171593.350419998169,3.270053863525e-02,8436171593.334070205688,66.2267952572,7547.5802672750,1.6278377949e-02,0.9956030468,0.1737793338,10.6285303559,0
85715,8436171624.069605827332,8436171624.101957321167,3.235149383545e-02,8436171624.085781097412,16.9731273509,7660.6322120575,1.6157817245e-02,0.9988915706,0.3432685875,21.2211893043,0
85920,8436171685.216899871826,8436171685.246414184570,2.951431274414e-02,8436171685.231657028198,23.3453730429,9207.1923154238,1.4738435682e-02,0.9987314162,0.2926945183,19.8340731019,0
86142,8436171751.741269111633,8436171751.776789665222,3.552055358887e-02,8436171751.759029388428,26.5438536934,6367.1464718375,1.7723217921e-02,0.9979133843,0.2744940976,15.4555078623,0
86890,8436171975.352689743042,8436171975.395472526550,4.278278350830e-02,8436171975.374080657959,40.9907910076,4411.6999998660,2.1291782038e-02,0.9953434672,0.2208878603,10.3260163175,0
87047,8436172022.263803482056,8436172022.288944244385,2.514076232910e-02,8436172022.276373863220,30.0921621576,12687.1598360315,1.2555464725e-02,0.9988133661,0.2578031984,20.5087813213,0
87339,8436172109.566119194031,8436172109.594048500061,2.792930603027e-02,8436172109.580083847046,32.3440397153,10288.1476872627,1.3942684588e-02,0.9984268548,0.2486668352,17.8068753227,0
87353,8436172113.642717361450,8436172113.682868003845,4.015064239502e-02,8436172113.662792205811,28.6686520881,4991.2197381484,2.0017583685e-02,0.9971239558,0.2641261255,13.1567571406,0
87478,8436172151.194917678833,8436172151.237308502197,4.239082336426e-02,8436172151.216113090515,23.6814793062,4475.5905249765,2.1139262171e-02,0.9973508648,0.2906100197,13.7109872672,0
87642,8436172200.105151176453,8436172200.141415596008,3.626441955566e-02,8436172200.123283386230,24.2426129480,6107.3926168198,1.8096187104e-02,0.9980133324,0.2872270144,15.8407065628,0
87690,8436172214.475246429443,8436172214.492117881775,1.687145233154e-02,8436172214.483682632446,19.7612402744,28124.8556536788,8.4327620669e-03,0.9996486255,0.3181323975,37.7125088341,0
87981,8436172301.431406021118,8436172301.453327178955,2.192115783691e-02,8436172301.442366600037,31.4703571853,16679.5064525319,1.0950234002e-02,0.9990561706,0.2520949592,23.0001499987,0
88121,8436172343.364641189575,8436172343.392246246338,2.760505676270e-02,8436172343.378443717957,25.4672795114,10523.6154479675,1.3785817120e-02,0.9987892609,0.2802358677,20.3032270611,0
88161,8436172355.180335044861,8436172355.223965644836,4.363059997559e-02,8436172355.202150344849,24.1080240376,4226.6070044589,2.1752995180e-02,0.9971439857,0.2880276559,13.2030114666,0
88413,8436172430.423632621765,8436172430.450251579285,2.661895751953e-02,8436172430.436942100525,23.1960135406,11313.5588935284,1.3295827651e-02,0.9989743318,0.2936353385,22.0621215784,0
89100,8436172636.111564636230,8436172636.145817756653,3.425312042236e-02,8436172636.128690719604,26.9417885059,6845.4552808661,1.7092824320e-02,0.9980302004,0.2724593941,15.9085882261,0
89284,8436172691.015311241150,8436172691.057555198669,4.224395751953e-02,8436172691.036433219910,21.1170557988,4504.0350307243,2.1072405651e-02,0.9976530083,0.3077501789,14.5701395886,0
89808,8436172847.489246368408,8436172847.529197692871,3.995132446289e-02,8436172847.509222030640,22.3011679683,5034.4923006021,1.9931370275e-02,0.9977827040,0.2994685318,14.9916697819,0
90051,8436172920.244153976440,8436172920.288372993469,4.421901702881e-02,8436172920.266263961792,35.9149318970,4127.3137811606,2.2013102410e-02,0.9956396089,0.2359812375,10.6732918696,0
90132,8436172944.527449607849,8436172944.551219940186,2.377033233643e-02,8436172944.539335250854,23.0739778195,14181.6468232694,1.1875493466e-02,0.9991861534,0.2944108170,24.7712831959,0
90248,8436172979.296604156494,8436172979.328619956970,3.201580047607e-02,8436172979.312612533569,25.0265856239,7829.8172198066,1.5982296593e-02,0.9984005619,0.2826924413,17.6595579128,0
90398,8436173024.029169082642,8436173024.053243637085,2.407455444336e-02,8436173024.041206359863,20.9672398636,13823.9666856154,1.2028145101e-02,0.9992413467,0.3088476962,25.6576043293,0
90612,8436173088.100525856018,8436173088.141995429993,4.146957397461e-02,8436173088.121260643005,28.4706292435,4680.3756540102,2.0671626147e-02,0.9969538708,0.2650430771,12.7825319464,0
90737,8436173125.334672927856,8436173125.378962516785,4.428958892822e-02,8436173125.356817245483,24.6490047437,4103.0196117135,2.2078176526e-02,0.9969917112,0.2848493965,12.8630408802,0
90772,8436173135.941516876221,8436173135.984094619751,4.257774353027e-02,8436173135.962805747986,33.1925915116,4446.0988672600,2.1209256282e-02,0.9962602300,0.2454677361,11.5303309070,0
91230,8436173272.727038383484,8436173272.770797729492,4.375934600830e-02,8436173272.748918533325,34.7546340740,4212.5613285647,2.1789229817e-02,0.9958663374,0.2398880630,10.9639692949,0
92068,8436173523.304666519165,8436173523.331324577332,2.665805816650e-02,8436173523.317995071411,19.1537066647,11276.4206473448,1.3317704177e-02,0.9991503577,0.3231384086,24.2432068073,0
92402,8436173623.171445846558,8436173623.194679260254,2.323341369629e-02,8436173623.183062553406,22.4793640586,14843.0162239513,1.1607906914e-02,0.9992424760,0.2982792122,25.6767443740,0
92457,8436173639.599129676819,8436173639.622447967529,2.331829071045e-02,8436173639.610788345337,20.1018749708,14732.9435735855,1.1651188674e-02,0.9993175588,0.3154254375,27.0539072885,0
92588,8436173678.815974235535,8436173678.852036476135,3.606224060059e-02,8436173678.834005355835,20.1429326812,6171.6931522661,1.8001671617e-02,0.9983667857,0.3151038048,17.4755533510,0
93226,8436173869.437340736389,8436173869.479832649231,4.249191284180e-02,8436173869.458586692810,26.4610260863,4457.2128303423,2.1182797368e-02,0.9970272436,0.2749233691,12.9400326172,0
93467,8436173941.567358016968,8436173941.596806526184,2.944850921631e-02,8436173941.582082748413,17.3525941907,9242.2885247548,1.4710425563e-02,0.9990607983,0.3394945389,23.0568234469,0
93469,8436173942.178744316101,8436173942.218964576721,4.022026062012e-02,8436173942.198854446411,21.2220620992,4966.6084162593,2.0067119539e-02,0.9978612386,0.3069878642,15.2653344085,0
93963,8436174089.577427864075,8436174089.597422599792,1.999473571777e-02,8436174089.587425231934,28.1517627933,20038.6844856058,9.9903428856e-03,0.9992973177,0.2665398817,26.6610057208,0
94182,8436174155.119709014893,8436174155.159757614136,4.004859924316e-02,8436174155.139733314514,32.5183254539,5020.3906215320,1.9959343068e-02,0.9967561136,0.2479995605,12.3849305687,0
94256,8436174177.413164138794,8436174177.456507682800,4.334354400635e-02,8436174177.434835433960,32.4217611062,4290.7697573847,2.1589739011e-02,0.9962147538,0.2483686045,11.4604659201,0
94363,8436174209.261669158936,8436174209.277907371521,1.623821258545e-02,8436174209.269788742065,20.5810796296,30360.4389168513,8.1163538901e-03,0.9996609969,0.3117316666,38.3948251593,0
94733,8436174319.982395172119,8436174320.008799552917,2.640438079834e-02,8436174319.995597839355,37.9026909862,11512.5147654491,1.3180439674e-02,0.9983524912,0.2297100389,17.3993884349,0
94922,8436174376.607472419739,8436174376.649217605591,4.174518585205e-02,8436174376.628345489502,18.7393612352,4609.4211423437,2.0830121497e-02,0.9979652059,0.3266913280,15.6516887546,0
95205,8436174460.875140190125,8436174460.897316932678,2.217674255371e-02,8436174460.886228561401,31.2025083175,16297.7159835167,1.1077751667e-02,0.9990422751,0.2531746650,22.8324483995,0
95294,8436174487.659362792969,8436174487.696063041687,3.670024871826e-02,8436174487.677713394165,23.9105536358,5963.4390734649,1.8313299775e-02,0.9979932243,0.2892145792,15.7609056775,0
95428,8436174527.607280731201,8436174527.640948295593,3.366756439209e-02,8436174527.624114990234,17.5502085426,7075.3053675966,1.6812891237e-02,0.9987589860,0.3375777834,20.0535910126,0
95809,8436174641.635491371155,8436174641.662980079651,2.748870849609e-02,8436174641.649235725403,24.0724192809,10611.2772466640,1.3728755385e-02,0.9988650712,0.2882405835,20.9715624536,0
96347,8436174802.520403862000,8436174802.539998054504,1.959419250488e-02,8436174802.530200958252,27.0810707687,20864.0836744568,9.7907359921e-03,0.9993508015,0.2717578399,27.7386107955,0
96488,8436174844.574211120605,8436174844.617509841919,4.329872131348e-02,8436174844.595860481262,16.1933233387,4283.3623384788,2.1608399020e-02,0.9981079517,0.3514366124,16.2331173640,0
96607,8436174880.193602561951,8436174880.221236228943,2.763366699219e-02,8436174880.207419395447,22.7796824901,10499.2008073357,1.3801836450e-02,0.9989145816,0.2963064905,21.4453254097,0
96702,8436174908.747444152832,8436174908.767704010010,2.025985717773e-02,8436174908.757574081421,19.5011017770,19509.7429447760,1.0124864602e-02,0.9995000965,0.3202472605,31.6139701995,0
96861,8436174956.142202377319,8436174956.171027183533,2.882480621338e-02,8436174956.156614303589,23.8088136811,9652.2768826597,1.4394616936e-02,0.9987659122,0.2898318571,20.1098911115,0
97417,8436175122.285920143127,8436175122.326352119446,4.043197631836e-02,8436175122.306136131287,25.9660720677,4919.6965462607,2.0162567763e-02,0.9973575174,0.2775312353,13.7283042082,0
97450,8436175132.188256263733,8436175132.218481063843,3.022480010986e-02,8436175132.203369140625,26.2314766081,8783.3880003794,1.5089816686e-02,0.9985056398,0.2761236647,18.2713310709,0
97630,8436175186.070880889893,8436175186.097599983215,2.671909332275e-02,8436175186.084239959717,22.0675484842,11227.9626652611,1.3346411712e-02,0.9990168117,0.3010495297,22.5344120835,0
97768,8436175227.209275245667,8436175227.249887466431,4.061222076416e-02,8436175227.229581832886,15.3127330484,4865.7010638234,2.0274132763e-02,0.9984252218,0.3614004110,17.7976187565,0
97811,8436175240.068371772766,8436175240.094901084900,2.652931213379e-02,8436175240.081636428833,28.6150114691,11395.4094986124,1.3247991160e-02,0.9987436609,0.2643735700,19.9306765814,0
98148,8436175340.764421463013,8436175340.807446479797,4.302501678467e-02,8436175340.785934448242,20.8360956418,4342.4691654385,2.1460835526e-02,0.9975980083,0.3098181289,14.4017667865,0
99165,8436175645.015179634094,8436175645.056669235229,4.148960113525e-02,8436175645.035924911499,16.7949988081,4664.2101291772,2.0707417699e-02,0.9981979644,0.3450841475,16.6347295757,0
99286,8436175681.229837417603,8436175681.262413978577,3.257656097412e-02,8436175681.246126174927,35.4140311118,7573.8199129239,1.6250155105e-02,0.9976593366,0.2376442527,14.5898919714,0
99302,8436175685.832614898682,8436175685.865472793579,3.285789489746e-02,8436175685.849043846130,28.9681592742,7438.8368980287,1.6396927618e-02,0.9980510114,0.2627571532,15.9935476122,0
99543,8436175757.916038513184,8436175757.960768699646,4.473018646240e-02,8436175757.938404083252,27.7956213156,4026.2170825851,2.2287759063e-02,0.9965421933,0.2682420162,11.9937803702,0
99666,8436175794.606784820557,8436175794.621935844421,1.515102386475e-02,8436175794.614360809326,28.2499106817,34878.5099082968,7.5724434113e-03,0.9995949421,0.2660764627,35.1232319478,0
99814,8436175838.718649864197,8436175838.748008728027,2.935886383057e-02,8436175838.733329772949,22.8828101882,9304.2402357277,1.4661369536e-02,0.9987695450,0.2956380430,20.1396106263,0
99881,8436175858.772101402283,8436175858.811070442200,3.896903991699e-02,8436175858.791585922241,25.7032919100,5293.7616175005,1.9437159902e-02,0.9975693496,0.2789463118,14.3163040399,0
100533,8436176053.827614784241,8436176053.870055198669,4.244041442871e-02,8436176053.848834991455,20.5726568827,4462.0837870232,2.1171232294e-02,0.9976920621,0.3117954738,14.6933284220,0
100694,8436176101.841645240784,8436176101.883534431458,4.188919067383e-02,8436176101.862589836121,24.7094208519,4583.8821665904,2.0888068127e-02,0.9973011075,0.2845009459,13.5835016773,0
101355,8436176299.534004211426,8436176299.573928833008,3.992462158203e-02,8436176299.553966522217,28.6854533733,5047.5834598908,1.9905506994e-02,0.9971544478,0.2640487639,13.2273646385,0
101549,8436176357.398331642151,8436176357.430253028870,3.192138671875e-02,8436176357.414292335510,34.1720396718,7885.1993457344,1.5926071429e-02,0.9978308004,0.2419243300,15.1575075414,0
101764,8436176421.668529510498,8436176421.689947128296,2.141761779785e-02,8436176421.679238319397,20.4786755901,17460.5259790332,1.0702527113e-02,0.9994134002,0.3125101049,29.1825270098,0
102314,8436176586.214815139771,8436176586.232846260071,1.803112030029e-02,8436176586.223831176758,32.8781052373,24639.0789835771,9.0095430120e-03,0.9993325830,0.2466389184,27.3570265530,0
102336,8436176592.531167030334,8436176592.569734573364,3.856754302979e-02,8436176592.550451278687,25.5156825489,5403.8282911502,1.9238190793e-02,0.9976363170,0.2799699390,14.5184223323,0
102600,8436176671.837557792664,8436176671.869202613831,3.164482116699e-02,8436176671.853380203247,27.2695180003,8016.1274044533,1.5795475066e-02,0.9982976350,0.2708172146,17.1160527768,0
102623,8436176678.551175117493,8436176678.582874298096,3.169918060303e-02,8436176678.567024230957,32.5438138785,7994.0257589622,1.5817295425e-02,0.9979624157,0.2479024244,15.6409358044,0
102839,8436176743.262052536011,8436176743.295771598816,3.371906280518e-02,8436176743.278911590576,21.1138697028,7057.3271704964,1.6834292627e-02,0.9985029966,0.3077733979,18.2551573076,0
102861,8436176749.982585906982,8436176750.023380279541,4.079437255859e-02,8436176750.002983093262,22.1978866169,4829.3677830672,2.0350255093e-02,0.9976991343,0.3001644004,14.7159709317,0
103145,8436176834.581266403198,8436176834.622301101685,4.103469848633e-02,8436176834.601783752441,18.6015815895,4769.6285283257,2.0477301262e-02,0.9980480918,0.3278989773,15.9815468070,0
103579,8436176964.291147232056,8436176964.312474250793,2.132701873779e-02,8436176964.301811218262,24.1054778304,17612.6412327129,1.0656209584e-02,0.9993154425,0.2880428673,27.0120142794,0
103840,8436177042.548007965088,8436177042.564298629761,1.629066467285e-02,8436177042.556153297424,19.7107539356,30164.5087873915,8.1426706508e-03,0.9996732257,0.3185395628,39.1070062768,0
104035,8436177100.569216728210,8436177100.603097915649,3.388118743896e-02,8436177100.586156845093,20.9107895880,6989.9473289528,1.6915235408e-02,0.9985031037,0.3092642942,18.2558120036,0
104433,8436177219.715147018433,8436177219.744817733765,2.967071533203e-02,8436177219.729982376099,24.6589876976,9111.9398958454,1.4815270136e-02,0.9986459693,0.2847917314,19.1968227381,0
104915,8436177363.803958892822,8436177363.842670440674,3.871154785156e-02,8436177363.823314666748,23.7113690396,5362.0843504519,1.9312930474e-02,0.9977865286,0.2904267955,15.0046594143,0
105220,8436177454.849660873413,8436177454.891694068909,4.203319549561e-02,8436177454.870677947998,21.5762908334,4549.5632939638,2.0966702944e-02,0.9976259333,0.3044574489,14.4865240606,0
105326,8436177486.665069580078,8436177486.701273918152,3.620433807373e-02,8436177486.683172225952,18.0119860424,6121.3688462941,1.8075516810e-02,0.9985276777,0.3332224069,18.4078717957,0
106697,8436177896.375895500183,8436177896.419504165649,4.360866546631e-02,8436177896.397699356079,25.5497726795,4232.2774051088,2.1738417976e-02,0.9969769881,0.2797830998,12.8315368899,0
107021,8436177993.345489501953,8436177993.389234542847,4.374504089355e-02,8436177993.367362022400,26.9670369337,4207.5065566625,2.1802314351e-02,0.9967902147,0.2723318165,12.4508657858,0
107563,8436178155.348900794983,8436178155.383055686951,3.415489196777e-02,8436178155.365978240967,23.0877425453,6880.8773166941,1.7048771518e-02,0.9983209160,0.2943230412,17.2346053092,0
107715,8436178200.716090202332,8436178200.743538856506,2.744865417480e-02,8436178200.729814529419,22.2247556283,10640.3507864490,1.3709986430e-02,0.9989550921,0.2999829010,21.8577493134,0
108016,8436178290.823078155518,8436178290.854216575623,3.113842010498e-02,8436178290.838647842407,19.5954847522,8270.4102994018,1.5550754671e-02,0.9988146232,0.3194750833,20.5196719837,0
109313,8436178678.400532722473,8436178678.433247566223,3.271484375000e-02,8436178678.416890144348,20.0988792133,7494.9110868319,1.6335474546e-02,0.9986582648,0.3154489439,19.2847593143,0
109753,8436178810.158710479736,8436178810.188660621643,2.995014190674e-02,8436178810.173685073853,30.0454271550,8948.5536705491,1.4949909864e-02,0.9983198017,0.2580036241,17.2288749036,0
109960,8436178872.002726554871,8436178872.023849487305,2.112293243408e-02,8436178872.013288497925,32.0972723526,17962.1500229191,1.0552025648e-02,0.9991061308,0.2496208939,23.6350605889,0
110095,8436178912.431095123291,8436178912.472562789917,4.146766662598e-02,8436178912.451828956604,27.3973573638,4679.7303304318,2.0673051382e-02,0.9970684663,0.2701846430,13.0310994068,0
110481,8436179027.744458198547,8436179027.785001754761,4.054355621338e-02,8436179027.764730453491,24.5266921171,4891.3581666827,2.0220889940e-02,0.9974897038,0.2855587736,14.0865183164,0
110673,8436179085.109774589539,8436179085.143488883972,3.371429443359e-02,8436179085.126631736755,29.2502730134,7067.4540441858,1.6822227471e-02,0.9979284902,0.2614869599,15.5119342847,0
110864,8436179142.341999053955,8436179142.374352455139,3.235340118408e-02,8436179142.358175277710,18.5791953075,7661.3370645359,1.6157073958e-02,0.9987867344,0.3280964624,20.2820383883,0
111380,8436179296.483011245728,8436179296.498614311218,1.560306549072e-02,8436179296.490812301636,24.3571469963,32884.5512358245,7.7986429647e-03,0.9996295881,0.2865509082,36.7300782505,0
111458,8436179319.714390754700,8436179319.743302345276,2.891159057617e-02,8436179319.728846549988,56.9595589111,9627.7105440439,1.4412970092e-02,0.9970375067,0.1873836478,12.9625277648,0
111601,8436179362.598106384277,8436179362.622198104858,2.409172058105e-02,8436179362.610152244568,22.9923268293,13806.3286046424,1.2035825843e-02,0.9991669796,0.2949331136,24.4841884698,0
111791,8436179419.286486625671,8436179419.329509735107,4.302310943604e-02,8436179419.307998657227,22.1342813703,4344.1505426076,2.1456681981e-02,0.9974491506,0.3005953684,13.9736700732,0
111797,8436179421.190484046936,8436179421.218141555786,2.765750885010e-02,8436179421.204313278198,22.1373064439,10480.5040442309,1.3814141903e-02,0.9989433233,0.3005748294,21.7354954899,0
112904,8436179752.277797698975,8436179752.322295188904,4.449748992920e-02,8436179752.300046920776,25.1373812447,4065.4871217986,2.2179855018e-02,0.9969036480,0.2820687552,12.6779625370,0
113643,8436179972.806022644043,8436179972.828157424927,2.213478088379e-02,8436179972.817090034485,31.5723300823,16359.8182487749,1.1056705970e-02,0.9990345988,0.2516875195,22.7413608273,0
113930,8436180058.790357589722,8436180058.822527885437,3.217029571533e-02,8436180058.806442260742,36.0295964197,7766.0364846635,1.6047791921e-02,0.9976776131,0.2356054320,14.6473898830,0
114230,8436180148.529381752014,8436180148.571294784546,4.191303253174e-02,8436180148.550338745117,17.4251578028,4571.4124886022,2.0916537457e-02,0.9980922970,0.3387869226,16.1661851768,0
114412,8436180202.820613861084,8436180202.842714309692,2.210044860840e-02,8436180202.831664085388,21.3948953062,16400.4109382375,1.1043014255e-02,0.9993475201,0.3057453882,27.6687042565,0
115691,8436180585.208345413208,8436180585.235888481140,2.754306793213e-02,8436180585.222116470337,36.9103036629,10582.3662189232,1.3747496076e-02,0.9982545234,0.2327776014,16.9028084996,0
115793,8436180615.749106407166,8436180615.791099548340,4.199314117432e-02,8436180615.770103454590,30.9643666302,4567.5933497150,2.0925280187e-02,0.9966046646,0.2541463620,12.1041843920,0
116432,8436180806.667281150818,8436180806.698102951050,3.082180023193e-02,8436180806.682691574097,23.5344814559,8444.7345324601,1.5389410951e-02,0.9986055866,0.2915161911,18.9162338947,0
116570,8436180848.007006645203,8436180848.041575431824,3.456878662109e-02,8436180848.024291038513,58.1008748895,6752.6558948431,1.7209873900e-02,0.9956886303,0.1855340658,10.7341960142,0
116657,8436180874.105233192444,8436180874.146677017212,4.144382476807e-02,8436180874.125955581665,22.0782501533,4679.7655633428,2.0672973560e-02,0.9976383056,0.3009765592,14.5245551479,0
117251,8436181051.572268486023,8436181051.610095977783,3.782749176025e-02,8436181051.591182708740,28.5176907239,5619.3297891985,1.8865691891e-02,0.9974593087,0.2648242923,14.0016839619,0
117864,8436181234.765627861023,8436181234.801253318787,3.562545776367e-02,8436181234.783440589905,66.9122587214,6370.2282619084,1.7718930332e-02,0.9947341842,0.1728869261,9.7058079775,0
118001,8436181275.867861747742,8436181275.907500267029,3.963851928711e-02,8436181275.887681007385,28.6971687408,5120.3072915456,1.9763642299e-02,0.9971937728,0.2639948606,13.3201171643,0
118074,8436181297.658841133118,8436181297.685438156128,2.659702301025e-02,8436181297.672140121460,22.8959615603,11331.8887977555,1.3285069961e-02,0.9989892445,0.2955531240,22.2245266979,0
118271,8436181356.590755462646,8436181356.630159378052,3.940391540527e-02,8436181356.610457420349,17.9098525301,5170.3295391284,1.9667804632e-02,0.9982665139,0.3341711805,16.9613185433,0
118432,8436181404.598365783691,8436181404.632520675659,3.415489196777e-02,8436181404.615443229675,19.9530805433,6877.7426546922,1.7052656226e-02,0.9985483920,0.3165993508,18.5390339465,0
118668,8436181475.143964767456,8436181475.169185638428,2.522087097168e-02,8436181475.156575202942,67.0418576188,12643.8323491442,1.2576958662e-02,0.9973453079,0.1727197410,13.6965722729,0
119240,8436181646.190869331360,8436181646.214663505554,2.379417419434e-02,8436181646.202766418457,30.4921665792,14160.7053339288,1.1884271229e-02,0.9989227726,0.2561066504,21.5268366337,0
119331,8436181673.445229530334,8436181673.485803604126,4.057407379150e-02,8436181673.465517044067,22.8396287864,4882.3527327705,2.0239529928e-02,0.9976582599,0.2959173828,14.5865255906,0
120003,8436181874.345270156860,8436181874.381986618042,3.671646118164e-02,8436181874.363628387451,26.6220914911,5960.9064714594,1.8317189735e-02,0.9977644438,0.2740904551,14.9301128871,0
120168,8436181923.598464012146,8436181923.634617805481,3.615379333496e-02,8436181923.616540908813,50.9900156089,6171.4243769116,1.8002063613e-02,0.9958602931,0.1980488958,10.9559123692,0
120661,8436182070.948705673218,8436182070.964263916016,1.555824279785e-02,8436182070.956484794617,19.9490282489,33069.7537389130,7.7767747028e-03,0.9996983340,0.3166315050,40.7027334761,0
120890,8436182139.312269210815,8436182139.341968536377,2.969932556152e-02,8436182139.327118873596,26.1774612008,9095.9587150818,1.4828279298e-02,0.9985600021,0.2764083991,18.6137828943,0
120994,8436182170.559363365173,8436182170.602678298950,4.331493377686e-02,8436182170.581020355225,20.6027524024,4284.5780249541,2.1605333269e-02,0.9975928108,0.3115676626,14.3861543999,0
121000,8436182172.544033050537,8436182172.572817802429,2.878475189209e-02,8436182172.558425903320,31.1900127579,9686.4729788348,1.4369185858e-02,0.9983887241,0.2532253742,17.5944107617,0
121310,8436182264.857749938965,8436182264.896034240723,3.828430175781e-02,8436182264.876892089844,28.0837026494,5486.2721466107,1.9093094600e-02,0.9974372640,0.2668626626,13.9411011990,0
121433,8436182301.627550125122,8436182301.665156364441,3.760623931885e-02,8436182301.646352767944,18.1350429657,5674.9265998195,1.8773051584e-02,0.9984008996,0.3320899275,17.6614271219,0
121447,8436182305.950117111206,8436182305.980270385742,3.015327453613e-02,8436182305.965193748474,17.8750343261,8816.6259480151,1.5061346150e-02,0.9989857739,0.3344964828,22.1864117894,0
122107,8436182503.252917289734,8436182503.289263725281,3.634643554688e-02,8436182503.271090507507,23.5628508334,6079.2904862406,1.8137964601e-02,0.9980601579,0.2913406473,16.0313187778,0
122321,8436182567.260999679565,8436182567.304356575012,4.335689544678e-02,8436182567.282678604126,21.4429746013,4277.1687201415,2.1624038544e-02,0.9974901718,0.3054024257,14.0878364376,0
122445,8436182604.155371665955,8436182604.180328369141,2.495670318604e-02,8436182604.167850494385,27.5510513122,12872.0024316403,1.2464990196e-02,0.9989292338,0.2694299745,21.5917921933,0
122493,8436182618.652899742126,8436182618.696916580200,4.401683807373e-02,8436182618.674907684326,24.5931531233,4153.6636991074,2.1943168211e-02,0.9970351880,0.2851726628,12.9574351685,0
122589,8436182647.246950149536,8436182647.283577919006,3.662776947021e-02,8436182647.265264511108,21.0476686525,5984.1057944458,1.8281648998e-02,0.9982398198,0.3082570364,16.8318759702,0
122711,8436182683.679753303528,8436182683.722279548645,4.252624511719e-02,8436182683.701016426086,32.7624469112,4456.3630725542,2.1184816884e-02,0.9963173013,0.2470738785,11.6198304280,0
122766,8436182700.182481765747,8436182700.224447250366,4.196548461914e-02,8436182700.203464508057,46.9544097668,4589.5649214538,2.0875132419e-02,0.9948715049,0.2063843705,9.8359102649,0
122878,8436182733.775337219238,8436182733.819754600525,4.441738128662e-02,8436182733.797546386719,24.2957299474,4079.2324991570,2.2142454878e-02,0.9970175745,0.2869128649,12.9189455375,0
123037,8436182781.261059761047,8436182781.287623405457,2.656364440918e-02,8436182781.274341583252,18.6062973684,11356.0376652056,1.3270936945e-02,0.9991804393,0.3278574215,24.6846717635,0
123491,8436182917.041106224060,8436182917.070468902588,2.936267852783e-02,8436182917.055788040161,24.2234624057,9303.1694411233,1.4662213273e-02,0.9986972584,0.2873405297,19.5718200189,0
123568,8436182939.935431480408,8436182939.958603858948,2.317237854004e-02,8436182939.947017669678,22.2594408161,14920.9725731801,1.1577543776e-02,0.9992538104,0.2997490896,25.8712405466,0
123656,8436182966.298621177673,8436182966.333256721497,3.463554382324e-02,8436182966.315938949585,29.2061439378,6697.9796098972,1.7279974103e-02,0.9978173977,0.2616844324,15.1107448303,0
123749,8436182994.077098846436,8436182994.102875709534,2.577686309814e-02,8436182994.089986801147,16.2052724886,12056.2987020890,1.2879766751e-02,0.9993277074,0.3513070205,27.2575463654,0
123886,8436183035.055288314819,8436183035.073809623718,1.852130889893e-02,8436183035.064548492432,24.1481773059,23345.1196145801,9.2558636026e-03,0.9994826665,0.2877880920,31.0764313204,0
124535,8436183228.933916091919,8436183228.969729423523,3.581333160400e-02,8436183228.951822280884,18.8443129155,6256.2004096197,1.7879677113e-02,0.9984928133,0.3257803190,18.1932428183,0
124633,8436183258.542012214661,8436183258.563123703003,2.111148834229e-02,8436183258.552568435669,24.8836293835,17974.3806542440,1.0548434985e-02,0.9993075631,0.2835033112,26.8577285144,0
125508,8436183519.812022209167,8436183519.844438552856,3.241634368896e-02,8436183519.828229904175,22.1848546849,7635.2917984530,1.6184607748e-02,0.9985461595,0.3002525494,18.5247634531,0
125655,8436183563.822003364563,8436183563.860886573792,3.888320922852e-02,8436183563.841444969177,28.5219004923,5319.8632899837,1.9389417488e-02,0.9973156986,0.2648047479,13.6205191468,0
126126,8436183704.812080383301,8436183704.853354454041,4.127407073975e-02,8436183704.832717895508,22.4665419323,4718.5453733304,2.0587846903e-02,0.9976164955,0.2983643172,14.4577121577,0
126645,8436183860.004707336426,8436183860.033710479736,2.900314331055e-02,8436183860.019208908081,36.6145948600,9547.0379499362,1.4473736884e-02,0.9980805686,0.2337156967,16.1165770367,0
126908,8436183938.469797134399,8436183938.496730804443,2.693367004395e-02,8436183938.483263969421,132.8859175974,11160.9407343438,1.3386424621e-02,0.9940290053,0.1226804945,9.1098238260,0
126971,8436183957.347900390625,8436183957.386430740356,3.853034973145e-02,8436183957.367165565491,24.5743802900,5413.2753572624,1.9221396541e-02,0.9977275926,0.2852815664,14.8081482996,0
127013,8436183969.850879669189,8436183969.882717132568,3.183746337891e-02,8436183969.866798400879,24.1810767470,7916.6534459636,1.5894401556e-02,0.9984716036,0.2875922510,18.0662791887,0
127232,8436184035.254420280457,8436184035.291686058044,3.726577758789e-02,8436184035.273053169250,22.9242722859,5783.5493632119,1.8595924510e-02,0.9980161807,0.2953705684,15.8521081545,0
127307,8436184057.635829925537,8436184057.676383018494,4.055309295654e-02,8436184057.656106948853,18.0894170632,4882.6321259180,2.0238950848e-02,0.9981458563,0.3325084695,16.3986737019,0
127388,8436184082.063984870911,8436184082.092614173889,2.862930297852e-02,8436184082.078299522400,15.7445709091,9776.1630330048,1.4303119927e-02,0.9991944224,0.3564097558,24.8982489080,0
127538,8436184126.741592407227,8436184126.782403945923,4.081153869629e-02,8436184126.761998176575,17.3420297166,4820.4687958111,2.0369030566e-02,0.9981995885,0.3395979303,16.6422507548,0
127549,8436184130.143252372742,8436184130.174791336060,3.153896331787e-02,8436184130.159021377563,27.5541378784,8070.1298676434,1.5742537483e-02,0.9982913721,0.2694148836,17.0845744571,0
128569,8436184434.766439437866,8436184434.786293029785,1.985359191895e-02,8436184434.776366233826,26.3191940958,20322.3823278998,9.9203658591e-03,0.9993522482,0.2756631436,27.7695990424,0
128767,8436184494.201121330261,8436184494.239890098572,3.876876831055e-02,8436184494.220505714417,19.4773988926,5342.1037501271,1.9349013993e-02,0.9981753270,0.3204420626,16.5309385147,0
128966,8436184553.751249313354,8436184553.791719436646,4.047012329102e-02,8436184553.771484375000,17.1943458788,4901.7035474371,2.0199539882e-02,0.9982445439,0.3410532312,16.8545684311,0
129198,8436184622.867001533508,8436184622.903711318970,3.670978546143e-02,8436184622.885356903076,39.6269392117,5976.0698294395,1.8293936450e-02,0.9966790173,0.2246568853,12.2396185383,0
129234,8436184633.695264816284,8436184633.715663909912,2.039909362793e-02,8436184633.705464363098,29.5521979793,19254.6361258786,1.0191716628e-02,0.9992323006,0.2601477680,25.5058163565,0
129288,8436184649.930129051208,8436184649.960638999939,3.050994873047e-02,8436184649.945384025574,35.7343225757,8629.9654930215,1.5223358268e-02,0.9979274893,0.2365768370,15.5081766356,0
129428,8436184691.752053260803,8436184691.788263320923,3.621006011963e-02,8436184691.770158767700,21.4414795320,6122.8695427263,1.8073301548e-02,0.9982475305,0.3054130731,16.8689624976,0
130002,8436184863.445539474487,8436184863.482590675354,3.705120086670e-02,8436184863.464065551758,25.7384046121,5853.2803755092,1.8484824603e-02,0.9977989469,0.2787559756,15.0470683299,0
130071,8436184884.092686653137,8436184884.134768486023,4.208183288574e-02,8436184884.113727569580,26.0184927199,4543.5448202203,2.0980584813e-02,0.9971326520,0.2772515169,13.1767795214,0
130866,8436185121.676171302795,8436185121.709631919861,3.346061706543e-02,8436185121.692901611328,24.6563901479,7169.9831723051,1.6701517373e-02,0.9982791017,0.2848067324,17.0233998863,0
130917,8436185136.822614669800,8436185136.864871978760,4.225730895996e-02,8436185136.843743324280,31.7203173008,4511.8059321802,2.1054250819e-02,0.9964785424,0.2510997246,11.8843215889,0
131268,8436185241.794227600098,8436185241.834291458130,4.006385803223e-02,8436185241.814259529114,17.5352206164,5001.6088611734,1.9996783054e-02,0.9982455029,0.3377220219,16.8591862347,0
131461,8436185299.673099517822,8436185299.709049224854,3.594970703125e-02,8436185299.691074371338,16.3994863139,6206.5224480256,1.7951090342e-02,0.9986779768,0.3492206171,19.4282872361,0
131605,8436185342.784685134888,8436185342.813708305359,2.902317047119e-02,8436185342.799196243286,34.0438380362,9531.3465685664,1.4485645984e-02,0.9982125143,0.2423794189,16.7024770209,0
131926,8436185438.585384368896,8436185438.612309455872,2.692508697510e-02,8436185438.598846435547,28.8704233849,11063.9573169919,1.3444967353e-02,0.9986944417,0.2632015372,19.5506545584,0
132938,8436185741.203738212585,8436185741.243708610535,3.997039794922e-02,8436185741.223723411560,15.4622549172,5022.8709908644,1.9954414347e-02,0.9984596287,0.3596487733,17.9957564482,0
133411,8436185882.415702819824,8436185882.460512161255,4.480934143066e-02,8436185882.438107490540,24.3598490950,4008.6674951547,2.2336492690e-02,0.9969569727,0.2865350150,12.7890750408,0
133814,8436186003.043564796448,8436186003.059796333313,1.623153686523e-02,8436186003.051680564880,15.6097709194,30380.4291449882,8.1136831829e-03,0.9997430619,0.3579453566,44.1049248281,0
133885,8436186024.184143066406,8436186024.226654052734,4.251098632812e-02,8436186024.205398559570,26.7782284330,4453.5550166918,2.1191494558e-02,0.9969890792,0.2732902116,12.8573921783,0
134194,8436186116.535203933716,8436186116.578315734863,4.311180114746e-02,8436186116.556759834290,39.0296313748,4343.2812569785,2.1458829096e-02,0.9954967561,0.2263694278,10.5015063988,0
134204,8436186119.558475494385,8436186119.591409683228,3.293418884277e-02,8436186119.574942588806,25.9656453058,7401.5433732540,1.6438184614e-02,0.9982443893,0.2775335160,16.8538242940,0
134504,8436186209.332196235657,8436186209.361238479614,2.904224395752e-02,8436186209.346717834473,16.3073178661,9501.1394424725,1.4508654935e-02,0.9991414545,0.3502061186,24.1170151363,0
134745,8436186281.174057006836,8436186281.217226028442,4.316902160645e-02,8436186281.195641517639,32.2903225824,4325.1389552462,2.1503787785e-02,0.9962601414,0.2488735863,11.5301935041,0
135014,8436186361.712967872620,8436186361.747841835022,3.487396240234e-02,8436186361.730404853821,28.0284772573,6605.9304480632,1.7399949965e-02,0.9978762817,0.2671254372,15.3194772690,0
135106,8436186389.117832183838,8436186389.153832435608,3.600025177002e-02,8436186389.135831832886,28.3793233372,6201.1324895312,1.7958890096e-02,0.9977091388,0.2654691014,14.7481802682,0
135219,8436186423.106002807617,8436186423.142504692078,3.650188446045e-02,8436186423.124254226685,25.0192423519,6029.2782020927,1.8213035584e-02,0.9979230307,0.2827339241,15.4914700033,0
135397,8436186476.202415466309,8436186476.236589431763,3.417396545410e-02,8436186476.219502449036,18.7578440542,6868.8944899137,1.7063635879e-02,0.9986336471,0.3265303376,19.1098886689,0
135891,8436186623.850212097168,8436186623.894839286804,4.462718963623e-02,8436186623.872526168823,32.0801512902,4048.9791351960,2.2225023478e-02,0.9960306109,0.2496874960,11.1899269476,0
135924,8436186633.733550071716,8436186633.745729446411,1.217937469482e-02,8436186633.739639282227,24.9631669783,53956.1532401440,6.0882784676e-03,0.9997686450,0.2830513020,46.4804325542,0
136415,8436186780.408560752869,8436186780.446832656860,3.827190399170e-02,8436186780.427696228027,17.8579136564,5479.5831716794,1.9104744599e-02,0.9983691746,0.3346567880,17.4883793644,0
136865,8436186915.095308303833,8436186915.138582229614,4.327392578125e-02,8436186915.116945266724,21.0926883643,4293.1531959228,2.1583745170e-02,0.9975404255,0.3079278926,14.2315672553,0
137178,8436187008.435207366943,8436187008.473380088806,3.817272186279e-02,8436187008.454294204712,21.4554656435,5511.5994087534,1.9049175167e-02,0.9980517101,0.3053135125,15.9964234986,0
137262,8436187033.772038459778,8436187033.805263519287,3.322505950928e-02,8436187033.788650512695,24.4585754648,7271.4617579177,1.6584566941e-02,0.9983167636,0.2859561349,17.2132805267,0
138946,8436187537.320383071899,8436187537.339327812195,1.894474029541e-02,8436187537.329854965210,28.6167868539,22318.7505540107,9.4662955302e-03,0.9993587014,0.2643653690,27.9091045766,0
139278,8436187636.347719192505,8436187636.377573966980,2.985477447510e-02,8436187636.362646102905,18.8407271721,8994.4181466479,1.4911744743e-02,0.9989520943,0.3258113186,21.8264129812,0
140630,8436188040.619106292725,8436188040.655456542969,3.635025024414e-02,8436188040.637281417847,19.5878342666,6074.0445262625,1.8145795503e-02,0.9983862769,0.3195374665,17.5810325546,0
140944,8436188134.518718719482,8436188134.558418273926,3.969955444336e-02,8436188134.538568496704,18.2965961278,5094.2627988510,1.9814098846e-02,0.9982025805,0.3306205522,16.6561341498,0
141489,8436188297.291824340820,8436188297.329624176025,3.779983520508e-02,8436188297.310724258423,18.7903323289,5617.7865494844,1.8868282973e-02,0.9983262028,0.3262479318,17.2618705906,0
141658,8436188347.955381393433,8436188347.983517646790,2.813625335693e-02,8436188347.969449996948,21.5581014949,10127.0499247708,1.4053144839e-02,0.9989350508,0.3045858627,21.6507762281,0
141661,8436188348.764391899109,8436188348.806281089783,4.188919067383e-02,8436188348.785336494446,31.7942460377,4590.9669917762,2.0871944568e-02,0.9965312880,0.2508076232,11.9748135079,0
142225,8436188517.269431114197,8436188517.309981346130,4.055023193359e-02,8436188517.289706230164,43.8089814245,4909.0381504371,2.0184444157e-02,0.9955279264,0.2136650161,10.5382882387,0
142857,8436188706.351502418518,8436188706.392364501953,4.086208343506e-02,8436188706.371932983398,18.4801101481,4809.7316796187,2.0391753530e-02,0.9980770346,0.3289748671,16.1017177498,0
143238,8436188820.090497016907,8436188820.128467559814,3.797054290771e-02,8436188820.109481811523,28.4400600443,5577.2055884999,1.8936803422e-02,0.9974470720,0.2651854815,13.9679583776,0
144143,8436189090.765696525574,8436189090.808202743530,4.250621795654e-02,8436189090.786949157715,50.5537808998,4478.3238215172,2.1132810127e-02,0.9943397057,0.1989015543,9.3587039196,0
144317,8436189142.801057815552,8436189142.827424049377,2.636623382568e-02,8436189142.814241409302,34.4502698493,11542.2895671582,1.3163428387e-02,0.9985065349,0.2409454246,18.2768177070,0
144621,8436189233.636297225952,8436189233.656252861023,1.995563507080e-02,8436189233.646274566650,17.1540539541,20106.1800250330,9.9735602239e-03,0.9995733224,0.3414535340,34.2212645994,0
145561,8436189514.760960578918,8436189514.795228004456,3.426742553711e-02,8436189514.778094291687,20.5851982337,6833.4070311146,1.7107886201e-02,0.9984926462,0.3117004800,18.1922321330,0
145797,8436189585.300030708313,8436189585.315164566040,1.513385772705e-02,8436189585.307598114014,23.4622125674,34952.8274407227,7.5643887729e-03,0.9996643168,0.2919648136,38.5843211804,0
145896,8436189614.804203033447,8436189614.816214561462,1.201152801514e-02,8436189614.810209274292,31.0935857738,55480.0618774628,6.0040808181e-03,0.9997197377,0.2536177197,42.2290518609,0
146101,8436189676.204554557800,8436189676.226518630981,2.196407318115e-02,8436189676.215536117554,19.9763559804,16603.0192043774,1.0975427940e-02,0.9993982309,0.3164148543,28.8120378850,0
147123,8436189981.643831253052,8436189981.685882568359,4.205131530762e-02,8436189981.664856910706,28.7186304644,4552.8042766020,2.0959238883e-02,0.9968410610,0.2638961991,12.5511507632,0
147183,8436189999.445636749268,8436189999.485533714294,3.989696502686e-02,8436189999.465585708618,20.0290739406,5045.8876870843,1.9908851537e-02,0.9980133338,0.3159981666,15.8407120150,0
147304,8436190035.888904571533,8436190035.916957855225,2.805328369141e-02,8436190035.902931213379,23.2936515392,10188.6493519811,1.4010598568e-02,0.9988562282,0.2930192893,20.8901954233,0
147467,8436190084.465208053589,8436190084.505367279053,4.015922546387e-02,8436190084.485287666321,29.7663198140,4990.1963806091,2.0019636119e-02,0.9970130593,0.2592104023,12.9091335440,0
147607,8436190126.272051811218,8436190126.311630249023,3.957843780518e-02,8436190126.291841506958,22.1445393112,5129.2248873629,1.9746454435e-02,0.9978390017,0.3005257384,15.1863365558,0
147842,8436190196.567666053772,8436190196.599152565002,3.148651123047e-02,8436190196.583409309387,27.3411855869,8096.7348281550,1.5716652097e-02,0.9983101641,0.2704620444,17.1795498314,0
148034,8436190253.878582954407,8436190253.916489601135,3.790664672852e-02,8436190253.897536277771,71.3237472913,5638.8112551916,1.8833074260e-02,0.9936555135,0.1674549236,8.8351219692,0
148036,8436190254.466771125793,8436190254.506956100464,4.018497467041e-02,8436190254.486864089966,19.6242452680,4973.6993827338,2.0052809665e-02,0.9980252485,0.3192408925,15.8885700487,0
148445,8436190376.809681892395,8436190376.852435112000,4.275321960449e-02,8436190376.831058502197,25.2195347352,4401.9755351131,2.1315287048e-02,0.9971313153,0.2816089561,13.1736958634,0
148462,8436190381.814767837524,8436190381.835098266602,2.033042907715e-02,8436190381.824933052063,32.4721956386,19387.6380796880,1.0156698154e-02,0.9991622032,0.2481756514,24.4142069428,0
148836,8436190493.817984580994,8436190493.845598220825,2.761363983154e-02,8436190493.831790924072,18.6680232408,10510.2909871019,1.3794552863e-02,0.9991115222,0.3273149420,23.7067582533,0
148937,8436190523.904794692993,8436190523.934965133667,3.017044067383e-02,8436190523.919879913330,29.7010019485,8818.4422772347,1.5059794982e-02,0.9983145519,0.2594952710,17.2019543086,0
148997,8436190541.783248901367,8436190541.808416366577,2.516746520996e-02,8436190541.795832633972,30.7562332514,12660.9796566232,1.2568439020e-02,0.9987846543,0.2550048409,20.2646423649,0
149173,8436190594.481536865234,8436190594.519805908203,3.826904296875e-02,8436190594.500671386719,21.3204594075,5483.8623934800,1.9097289142e-02,0.9980541796,0.3062786461,16.0066007560,0
149509,8436190694.976423263550,8436190695.001852989197,2.542972564697e-02,8436190694.989137649536,25.5930278521,12396.6451735258,1.2701731046e-02,0.9989672105,0.2795465670,21.9858106885,0
151226,8436191208.304678916931,8436191208.331425666809,2.674674987793e-02,8436191208.318052291870,21.8098672981,11204.5428257727,1.3360352828e-02,0.9990262659,0.3028227411,22.6437038117,0
151551,8436191305.351302146912,8436191305.391798973083,4.049682617188e-02,8436191305.371550559998,28.0350161407,4906.1048258831,2.0190477322e-02,0.9971387504,0.2670942832,13.1908748627,0
151602,8436191320.459842681885,8436191320.491020202637,3.117752075195e-02,8436191320.475431442261,25.0254930556,8255.1581052209,1.5565113795e-02,0.9984831006,0.2826986122,18.1347718070,0
151743,8436191362.936628341675,8436191362.981414794922,4.478645324707e-02,8436191362.959021568298,22.0470037289,4010.4280630905,2.2331589320e-02,0.9972475023,0.3011897653,13.4500387264,0
151946,8436191423.094536781311,8436191423.115072250366,2.053546905518e-02,8436191423.104804992676,42.9726507567,19013.5580537931,1.0256124882e-02,0.9988693079,0.2157341639,21.0108825197,0
152203,8436191500.496254920959,8436191500.512463569641,1.620864868164e-02,8436191500.504359245300,40.5216953904,30491.1577559512,8.0989373669e-03,0.9993352964,0.2221627252,27.4128620500,0
153350,8436191843.344060897827,8436191843.388628959656,4.456806182861e-02,8436191843.366344451904,22.7323423725,4050.2967207975,2.2221408218e-02,0.9971897950,0.2966148592,13.3106465506,0
153549,8436191902.628189086914,8436191902.651926994324,2.373790740967e-02,8436191902.640058517456,23.7070732759,14220.9862990584,1.1859056518e-02,0.9991661281,0.2904531072,24.4716690630,0
153695,8436191946.245547294617,8436191946.288027763367,4.248046875000e-02,8436191946.266787528992,25.7209624584,4458.8603467892,2.1178883562e-02,0.9971115755,0.2788504759,13.1284086142,0
153827,8436191985.770529747009,8436191985.791136741638,2.060699462891e-02,8436191985.780833244324,37.3429393179,18876.4654867968,1.0293300666e-02,0.9990103702,0.2314252536,22.4608447570,0
154231,8436192106.500452041626,8436192106.545045852661,4.459381103516e-02,8436192106.522748947144,31.8477123034,4054.7622685361,2.2209168525e-02,0.9960650597,0.2505970055,11.2390934842,0
154456,8436192173.881930351257,8436192173.921854019165,3.992366790771e-02,8436192173.901891708374,18.2805525371,5037.4183391923,1.9925580759e-02,0.9981838745,0.3307656020,16.5699004769,0
154759,8436192264.479686737061,8436192264.519277572632,3.959083557129e-02,8436192264.499482154846,115.3874711910,5219.2697824706,1.9575376549e-02,0.9888842338,0.1316544885,6.6507557411,0
154782,8436192271.322406768799,8436192271.351384162903,2.897739410400e-02,8436192271.336894989014,22.4225520536,9549.7552714942,1.4471677533e-02,0.9988253244,0.2986568481,20.6130921919,0
154844,8436192289.833295822144,8436192289.871473312378,3.817749023438e-02,8436192289.852384567261,33.5645012953,5522.3370912170,1.9030646462e-02,0.9969563921,0.2441040014,12.7878495868,0
154984,8436192331.683134078979,8436192331.721119880676,3.798580169678e-02,8436192331.702127456665,20.6341417903,5564.9427187725,1.8957656446e-02,0.9981443381,0.3113305885,16.3919451257,0
155348,8436192440.518417358398,8436192440.553158760071,3.474140167236e-02,8436192440.535787582397,16.1589436090,6644.3545128411,1.7349565371e-02,0.9987832693,0.3518102716,20.2530844851,0
155808,8436192577.968843460083,8436192578.012205123901,4.336166381836e-02,8436192577.990524291992,27.6565742057,4282.4463885966,2.1610709750e-02,0.9967657072,0.2689154820,12.4033747001,0
156110,8436192668.376898765564,8436192668.411296844482,3.439807891846e-02,8436192668.394098281860,26.6703495449,6787.8365214230,1.7165217500e-02,0.9980334972,0.2738423695,15.9219571623,0
156607,8436192816.738603591919,8436192816.769294738770,3.069114685059e-02,8436192816.753949165344,31.8023461115,8524.8537481066,1.5316923008e-02,0.9981329849,0.2507756807,16.3418905086,0
156815,8436192878.965286254883,8436192879.004305839539,3.901958465576e-02,8436192878.984796524048,36.6935721878,5291.1125844101,1.9442024969e-02,0.9965264951,0.2334640425,11.9665057731,0
156836,8436192885.451272964478,8436192885.495548248291,4.427528381348e-02,8436192885.473410606384,76.5427621155,4157.5491956418,2.1932912165e-02,0.9907519625,0.1616452446,7.3018275976,0
157246,8436193007.741938591003,8436193007.783139228821,4.120063781738e-02,8436193007.762538909912,75.5853213483,4788.4189470911,2.0437083886e-02,0.9920760925,0.1626658047,7.8962760436,0
157948,8436193217.730578422546,8436193217.757507324219,2.692890167236e-02,8436193217.744043350220,29.3448760881,11061.3055720710,1.3446578848e-02,0.9986726538,0.2610651240,19.3892143992,0
158829,8436193480.876214981079,8436193480.882170677185,5.955696105957e-03,8436193480.879192352295,24.2053137768,225564.9074596857,2.9776882726e-03,0.9999463437,0.2874482304,96.5288440903,0
158953,8436193518.222572326660,8436193518.249574661255,2.700233459473e-02,8436193518.236073493958,17.9426212928,10989.9820120643,1.3490141561e-02,0.9991833494,0.3338658912,24.7286685568,0
159091,8436193559.351472854614,8436193559.391469955444,3.999710083008e-02,8436193559.371471405029,24.6115111841,5025.3363824708,1.9949519005e-02,0.9975482518,0.2850662859,14.2543474398,0
159211,8436193595.330834388733,8436193595.367527961731,3.669357299805e-02,8436193595.349181175232,23.5714053574,5965.2612975587,1.8310502456e-02,0.9980223216,0.2912877759,15.8767736221,0
159462,8436193670.282981872559,8436193670.317248344421,3.426647186279e-02,8436193670.300115585327,21.9668987808,6835.1679538730,1.7105682334e-02,0.9983918042,0.3017384280,17.6112924136,0
159466,8436193671.243466377258,8436193671.274776458740,3.131008148193e-02,8436193671.259120941162,23.8725092411,8184.4631201258,1.5632192692e-02,0.9985405309,0.2894449407,18.4889292509,0
159570,8436193702.611817359924,8436193702.634160041809,2.234268188477e-02,8436193702.622988700867,21.8749462143,16047.6625601765,1.1163724387e-02,0.9993182058,0.3023719501,27.0667551639,0
159820,8436193777.278478622437,8436193777.318799018860,4.032039642334e-02,8436193777.298639297485,28.9050808046,4949.7581788076,2.0101247312e-02,0.9970758770,0.2630436995,13.0476742716,0
159828,8436193779.568840026855,8436193779.601537704468,3.269767761230e-02,8436193779.585188865662,27.5073118464,7510.1700670897,1.6318871099e-02,0.9981669825,0.2696441002,16.4931652554,0
159833,8436193781.278977394104,8436193781.318870544434,3.989315032959e-02,8436193781.298923492432,32.8972503221,5059.7170834044,1.9881625134e-02,0.9967438004,0.2465671402,12.3613772384,0
160471,8436193971.925680160522,8436193971.947715759277,2.203559875488e-02,8436193971.936697959900,23.8052427720,16499.3686746874,1.1009848283e-02,0.9992783410,0.2898535945,26.3077575224,0
160614,8436194014.607087135315,8436194014.639790534973,3.270339965820e-02,8436194014.623438835144,25.1486090520,7505.1931414530,1.6324280977e-02,0.9983231803,0.2820057821,17.2462670606,0
160709,8436194043.072610855103,8436194043.099964141846,2.735328674316e-02,8436194043.086287498474,23.9371086501,10716.2325566477,1.3661359907e-02,0.9988825135,0.2890541123,21.1348723817,0
161190,8436194186.789921760559,8436194186.821717262268,3.179550170898e-02,8436194186.805819511414,19.4625963818,7932.7806726058,1.5878236794e-02,0.9987725270,0.3205638975,20.1641037410,0
161762,8436194357.813100814819,8436194357.853025436401,3.992462158203e-02,8436194357.833063125610,31.2783345185,5050.1763410361,1.9900396356e-02,0.9968984335,0.2528676007,12.6672509674,0
161884,8436194394.286702156067,8436194394.331266403198,4.456424713135e-02,8436194394.308984756470,34.3105607690,4062.5644873133,2.2187831747e-02,0.9957682750,0.2414354788,10.8353890989,0
162492,8436194576.108000755310,8436194576.147655487061,3.965473175049e-02,8436194576.127828598022,21.2573943800,5108.7050546176,1.9786071899e-02,0.9979173241,0.3067326332,15.4701655836,0
163099,8436194757.377051353455,8436194757.417542457581,4.049110412598e-02,8436194757.397296905518,29.8575506744,4909.3061576710,2.0183893198e-02,0.9969544488,0.2588140858,12.7837504733,0
165337,8436195426.579401016235,8436195426.617684364319,3.828334808350e-02,8436195426.598543167114,23.5356844754,5481.9960690702,1.9100539665e-02,0.9978510565,0.2915087406,15.2290097516,0
165479,8436195469.217004776001,8436195469.250076293945,3.307151794434e-02,8436195469.233540534973,17.9142933852,7332.3651946050,1.6515546695e-02,0.9987776626,0.3341297584,20.2064966546,0
166703,8436195835.041116714478,8436195835.069769859314,2.865314483643e-02,8436195835.055442810059,29.5034736602,9773.6856939316,1.4304932520e-02,0.9984895272,0.2603624934,18.1733973637,0
166971,8436195915.248910903931,8436195915.279829025269,3.091812133789e-02,8436195915.264369964600,25.2278544675,8394.0394826618,1.5435812482e-02,0.9984961449,0.2815625173,18.2134298662,0
167060,8436195941.671130180359,8436195941.711163520813,4.003334045410e-02,8436195941.691146850586,20.6026085887,5012.2779046115,1.9975489323e-02,0.9979426696,0.3115687500,15.5654635091,0
167423,8436196050.068966865540,8436196050.112666130066,4.369926452637e-02,8436196050.090816497803,22.8673431086,4212.1699460243,2.1790242089e-02,0.9972818685,0.2957380083,13.5351480878,0
167443,8436196055.991741180420,8436196056.034802436829,4.306125640869e-02,8436196056.013271331787,19.9866405338,4334.3487447955,2.1480929601e-02,0.9976917254,0.3163334348,14.6922529064,0
167737,8436196143.962335586548,8436196143.986837387085,2.450180053711e-02,8436196143.974586486816,23.0134701755,13348.8348256794,1.2240335401e-02,0.9991376252,0.2947975994,24.0633417080,0
167756,8436196149.947854995728,8436196149.992049217224,4.419422149658e-02,8436196149.969951629639,45.8784212546,4141.8695845274,2.1974387961e-02,0.9944462066,0.2087905150,9.4487699025,0
167802,8436196163.317456245422,8436196163.361102104187,4.364585876465e-02,8436196163.339279174805,21.6330642046,4221.1941330765,2.1766937733e-02,0.9974342744,0.3040576805,13.9329452618,0
168194,8436196280.591472625732,8436196280.636125564575,4.465293884277e-02,8436196280.613799095154,19.8255784344,4032.0931923944,2.2271512778e-02,0.9975384983,0.3176157749,14.2259740625,0
168923,8436196498.414760589600,8436196498.456523895264,4.176330566406e-02,8436196498.435642242432,28.3803838745,4615.0795182820,2.0817348065e-02,0.9969205135,0.2654641412,12.7127935407,0
169251,8436196596.568590164185,8436196596.613061904907,4.447174072266e-02,8436196596.590826034546,20.5763327702,4065.6061652984,2.2179530295e-02,0.9974662532,0.3117676220,14.0209318055,0
169732,8436196740.506726264954,8436196740.516119956970,9.393692016602e-03,8436196740.511423110962,30.1115075899,90690.4534098085,4.6960662082e-03,0.9998339737,0.2577203710,54.8709433045,0
170050,8436196835.600769996643,8436196835.622833251953,2.206325531006e-02,8436196835.611801147461,17.6651199820,16451.9498070573,1.1025703513e-02,0.9994629857,0.3364780218,30.5012127240,0
170132,8436196860.010629653931,8436196860.051798820496,4.116916656494e-02,8436196860.031213760376,36.3680945034,4756.4098072366,2.0505736147e-02,0.9961696025,0.2345064133,11.3923323152,0
170387,8436196936.253909111023,8436196936.291951179504,3.804206848145e-02,8436196936.272930145264,14.3519438838,5542.2718372833,1.8996390396e-02,0.9987043899,0.3733014132,19.6257158509,0
170607,8436197001.999892234802,8436197002.040890693665,4.099845886230e-02,8436197002.020391464233,23.5786780418,4783.0084540680,2.0448639735e-02,0.9975321172,0.2912428496,14.2075023149,0
170893,8436197087.507863044739,8436197087.535181045532,2.731800079346e-02,8436197087.521522521973,19.6651033460,10739.6003093694,1.3646489283e-02,0.9990840388,0.3189090775,23.3479074780,0
171438,8436197250.370115280151,8436197250.400986671448,3.087139129639e-02,8436197250.385551452637,26.4843246583,8420.6508774894,1.5411402638e-02,0.9984261797,0.2748024158,17.8030470454,0
171536,8436197279.583010673523,8436197279.627793312073,4.478263854980e-02,8436197279.605401992798,54.5597887392,4043.6203576079,2.2239745375e-02,0.9932306847,0.1914602659,8.5506469535,0
171643,8436197311.815805435181,8436197311.831775665283,1.597023010254e-02,8436197311.823790550232,23.9056141228,31390.5196363858,7.9820739191e-03,0.9996191499,0.2892444572,36.2229542554,0
171798,8436197357.903174400330,8436197357.943723678589,4.054927825928e-02,8436197357.923448562622,37.5665815081,4903.0246028635,2.0196818449e-02,0.9961616737,0.2307353624,11.3804917034,0
171960,8436197406.515082359314,8436197406.553421020508,3.833866119385e-02,8436197406.534252166748,18.0384887822,5460.7598459071,1.9137643451e-02,0.9983469874,0.3329775262,17.3703262377,0
172527,8436197575.904877662659,8436197575.925189018250,2.031135559082e-02,8436197575.915033340454,25.5369888563,19417.0710833850,1.0148997314e-02,0.9993421925,0.2798531208,27.5563213453,0
172812,8436197661.131958961487,8436197661.160101890564,2.814292907715e-02,8436197661.146030426025,19.7684288233,10120.4666192350,1.4057714841e-02,0.9990228666,0.3180745498,22.6042249496,0
173048,8436197731.550813674927,8436197731.586369514465,3.555583953857e-02,8436197731.568592071533,34.3774332186,6362.4013486774,1.7729825739e-02,0.9972947324,0.2412005392,13.5674219655,0
174617,8436198200.687830924988,8436198200.716176033020,2.834510803223e-02,8436198200.702003479004,22.1715071924,9979.2917989592,1.4156801315e-02,0.9988885065,0.3003429135,21.1918693810,0
174649,8436198210.380118370056,8436198210.386367797852,6.249427795410e-03,8436198210.383243560791,22.9891470233,204860.4942974933,3.1245385674e-03,0.9999438892,0.2949535102,94.3937652598,0
174915,8436198289.950085639954,8436198289.990675926208,4.059028625488e-02,8436198289.970380783081,43.6585754338,4899.2905072694,2.0204513695e-02,0.9955344275,0.2140327431,10.5460080631,0
175408,8436198437.224064826965,8436198437.267260551453,4.319572448730e-02,8436198437.245662689209,22.6438929822,4310.1866304296,2.1541054529e-02,0.9973697529,0.2971935988,13.7603247692,0
175421,8436198441.185385704041,8436198441.228393554688,4.300785064697e-02,8436198441.206890106201,14.8453730298,4339.9290013856,2.1467115129e-02,0.9982882105,0.3670451082,17.0687492023,0
175656,8436198511.493854522705,8436198511.535453796387,4.159927368164e-02,8436198511.514654159546,19.5746833299,4642.5171762406,2.0755740785e-02,0.9978895759,0.3196447865,15.3678061274,0
176538,8436198774.927307128906,8436198774.969183921814,4.187679290771e-02,8436198774.948246002197,20.5625119682,4582.4351743164,2.0891365772e-02,0.9977538546,0.3118723795,14.8947594989,0
176729,8436198832.322825431824,8436198832.358996391296,3.617095947266e-02,8436198832.340910911560,27.7577422356,6142.3841686831,1.8044568869e-02,0.9977379164,0.2684249795,14.8420159927,0
177984,8436199207.254316329956,8436199207.293215751648,3.889942169189e-02,8436199207.273765563965,44.7208374509,5331.6525057724,1.9367968929e-02,0.9957972683,0.2114754871,10.8729373306,0
178174,8436199264.133684158325,8436199264.158199310303,2.451515197754e-02,8436199264.145941734314,24.3509727803,13335.6612649977,1.2246379683e-02,0.9990865808,0.2865872336,23.3804166354,0
178270,8436199292.960007667542,8436199292.989105224609,2.909755706787e-02,8436199292.974555969238,32.7022101431,9481.5081549037,1.4523667119e-02,0.9982739847,0.2473013262,16.9980817028,0
178338,8436199313.223945617676,8436199313.257957458496,3.401184082031e-02,8436199313.240951538086,25.9662572448,6941.5637994115,1.6974083648e-02,0.9981279013,0.2775302457,16.3196251084,0
178608,8436199394.024434089661,8436199394.068520545959,4.408645629883e-02,8436199394.046477317810,36.4713562775,4152.5115242419,2.1946212226e-02,0.9955988332,0.2341741976,10.6234076087,0
178640,8436199403.635815620422,8436199403.658996582031,2.318096160889e-02,8436199403.647405624390,26.6065140795,14914.2887833872,1.1580137705e-02,0.9991076212,0.2741706798,23.6548150484,0
179079,8436199534.670570373535,8436199534.707551002502,3.698062896729e-02,8436199534.689060211182,23.6296563203,5873.4348029131,1.8453082427e-02,0.9979864022,0.2909285184,15.7341033153,0
179170,8436199561.826299667358,8436199561.869107246399,4.280757904053e-02,8436199561.847703933716,21.5534573657,4387.2008207943,2.1351148476e-02,0.9975405737,0.3046186755,14.2319973389,0
179197,8436199569.917791366577,8436199569.961503028870,4.371166229248e-02,8436199569.939647674561,24.9390376464,4211.8655868666,2.1791029382e-02,0.9970350355,0.2831881996,12.9571004511,0
179213,8436199574.831979751587,8436199574.854731559753,2.275180816650e-02,8436199574.843355178833,25.5020093490,15480.1156532120,1.1366529864e-02,0.9991759583,0.2800449835,24.6173826257,0
179367,8436199621.034573554993,8436199621.079092979431,4.451942443848e-02,8436199621.056833267212,36.9601204432,4073.3295194766,2.2158493249e-02,0.9954528177,0.2326206736,10.4503001334,0
179422,8436199637.020956993103,8436199637.055108070374,3.415107727051e-02,8436199637.038032531738,21.1507506909,6880.4724494047,1.7049273110e-02,0.9984618040,0.3075049455,18.0085063233,0
179563,8436199679.331090927124,8436199679.366201400757,3.511047363281e-02,8436199679.348646163940,21.3612437377,6510.9415479003,1.7526415349e-02,0.9983582410,0.3059861224,17.4299057096,0
179744,8436199733.451299667358,8436199733.479555130005,2.825546264648e-02,8436199733.465427398682,26.6934464929,10047.0953685014,1.4108951335e-02,0.9986707004,0.2737238705,19.3749346071,0
179788,8436199746.727581024170,8436199746.748652458191,2.107143402100e-02,8436199746.738117218018,28.2860475280,18046.0877017295,1.0527456753e-02,0.9992159758,0.2659064454,25.2385713396,0
179907,8436199782.119057655334,8436199782.147630691528,2.857303619385e-02,8436199782.133344650269,20.8966291400,9819.7938932324,1.4271309068e-02,0.9989354279,0.3093690618,21.6546158884,0
180042,8436199822.731659889221,8436199822.760565757751,2.890586853027e-02,8436199822.746112823486,25.6317005877,9600.1722066462,1.4433627274e-02,0.9986641473,0.2793355995,19.3272586969,0
180076,8436199832.763278961182,8436199832.802291870117,3.901290893555e-02,8436199832.782785415649,19.1133110245,5275.3307040028,1.9471085003e-02,0.9981867814,0.3234797020,16.5832136498,0
180132,8436199849.610984802246,8436199849.649832725525,3.884792327881e-02,8436199849.630409240723,24.9368051038,5325.8949146488,1.9378435032e-02,0.9976561626,0.2832008760,14.5799750440,0
180734,8436200029.520260810852,8436200029.551465034485,3.120422363281e-02,8436200029.535862922668,24.8435582450,8240.8963958057,1.5578576480e-02,0.9984915288,0.2837318558,18.1854776570,0
180886,8436200074.942916870117,8436200074.979790687561,3.687381744385e-02,8436200074.961353302002,27.1437279649,5910.8879458656,1.8394527417e-02,0.9977012792,0.2714440027,14.7228587388,0
180923,8436200085.870988845825,8436200085.915077209473,4.408836364746e-02,8436200085.893033027649,26.4642239699,4142.1482637808,2.1973648742e-02,0.9968003765,0.2749067580,12.4707172248,0
181517,8436200263.679592132568,8436200263.718753814697,3.916168212891e-02,8436200263.699172973633,39.5754109851,5255.9324687900,1.9506983183e-02,0.9962280537,0.2248030923,11.4807679409,0
181577,8436200281.513569831848,8436200281.549975395203,3.640556335449e-02,8436200281.531772613525,24.5991447048,6060.6720299066,1.8165803258e-02,0.9979685292,0.2851379312,15.6645251373,0
181827,8436200356.220545768738,8436200356.259220123291,3.867435455322e-02,8436200356.239883422852,22.7718827590,5371.4176754576,1.9296144196e-02,0.9978780212,0.2963572309,15.3257751485,0
182132,8436200447.424067497253,8436200447.453592300415,2.952480316162e-02,8436200447.438829421997,26.9898171345,9204.3117186992,1.4740741785e-02,0.9985327729,0.2722168642,18.4398766482,0
182361,8436200515.674162864685,8436200515.699509620667,2.534675598145e-02,8436200515.686836242676,22.1106194526,12474.2857298382,1.2662141254e-02,0.9991133590,0.3007561681,23.7313341627,0
182827,8436200655.124857902527,8436200655.164317131042,3.945922851562e-02,8436200655.144587516785,18.9840678206,5156.9687733772,1.9693265999e-02,0.9981576802,0.3245789563,16.4513584549,0
183060,8436200724.829363822937,8436200724.865228652954,3.586483001709e-02,8436200724.847295761108,20.6979675853,6240.1544492814,1.7902650294e-02,0.9983401725,0.3108501968,17.3345417563,0
183449,8436200841.054366111755,8436200841.087958335876,3.359222412109e-02,8436200841.071162223816,22.7457026881,7112.1944743507,1.6769232501e-02,0.9983996558,0.2965277340,17.6545460580,0
183476,8436200849.035894393921,8436200849.067188262939,3.129386901855e-02,8436200849.051541328430,21.6757033435,8190.7240442475,1.5626216988e-02,0.9986759374,0.3037584713,19.4132896225,0
183571,8436200877.402324676514,8436200877.422219276428,1.989459991455e-02,8436200877.412271499634,18.4900579348,20230.9683922427,9.9427532595e-03,0.9995429214,0.3288863597,33.0628774776,0
183824,8436200953.296378135681,8436200953.336514472961,4.013633728027e-02,8436200953.316446304321,21.5041452545,4987.5932977348,2.0024859678e-02,0.9978419076,0.3049677428,15.1965905945,0
184269,8436201086.190735816956,8436201086.210707664490,1.997184753418e-02,8436201086.200721740723,25.7554046071,20082.1794439663,9.9795182367e-03,0.9993585440,0.2786639632,27.9056769997,0
184606,8436201186.866736412048,8436201186.911275863647,4.453945159912e-02,8436201186.889005661011,26.4381973876,4059.1785061967,2.2197083855e-02,0.9967380854,0.2750420381,12.3504905511,0
184696,8436201213.770690917969,8436201213.813281059265,4.259014129639e-02,8436201213.791986465454,22.3401492004,4432.6776512703,2.1241340598e-02,0.9974768785,0.2992071471,14.0505355456,0
185058,8436201321.954303741455,8436201321.980950355530,2.664661407471e-02,8436201321.967626571655,46.0678949462,11313.0063729135,1.3296152327e-02,0.9979618641,0.2083607029,15.6388126730,0
185362,8436201412.883490562439,8436201412.928051948547,4.456138610840e-02,8436201412.905771255493,31.0049863626,4059.7761902139,2.2195449858e-02,0.9961741228,0.2539798284,11.3990991135,0
185782,8436201538.451565742493,8436201538.468195915222,1.663017272949e-02,8436201538.459880828857,23.8881860592,28950.4266910381,8.3116550971e-03,0.9995873443,0.2893499498,34.7981893502,0
185878,8436201567.229447364807,8436201567.266929626465,3.748226165771e-02,8436201567.248188018799,20.0536222847,5714.3282766988,1.8708217261e-02,0.9982437790,0.3158046952,16.8508879242,0
185943,8436201586.555953025818,8436201586.581972122192,2.601909637451e-02,8436201586.568962097168,18.0379625593,11834.9925767108,1.2999630343e-02,0.9992376488,0.3329823832,25.5952303945,0
186110,8436201636.477116584778,8436201636.510561943054,3.344535827637e-02,8436201636.493839263916,28.9942875829,7180.8423875523,1.6688884176e-02,0.9979790940,0.2626387343,15.7055416838,0
186247,8436201677.499932289124,8436201677.531977653503,3.204536437988e-02,8436201677.515954971313,21.1135400784,7811.5099772996,1.6001013880e-02,0.9986476477,0.3077758004,19.2087564808,0
186282,8436201687.968186378479,8436201688.005308151245,3.712177276611e-02,8436201687.986747741699,18.2663902887,5823.6720377832,1.8531754706e-02,0.9984304803,0.3308938013,17.8274784095,0
186402,8436201723.823739051819,8436201723.864823341370,4.108428955078e-02,8436201723.844281196594,17.5058196650,4757.0701713452,2.0504312821e-02,0.9981583250,0.3380055043,16.4542460394,0
186950,8436201887.775435447693,8436201887.801680564880,2.624511718750e-02,8436201887.788558006287,22.3605262820,11636.6582439673,1.3109944645e-02,0.9990387585,0.2990707827,22.7905846701,0
187651,8436202097.468313217163,8436202097.508110046387,3.979682922363e-02,8436202097.488211631775,90.0491479712,5141.2314642698,1.9723383512e-02,0.9912037666,0.1490305121,7.4895671355,0
187876,8436202164.430422782898,8436202164.471524238586,4.110145568848e-02,8436202164.450973510742,17.7442458140,4753.3504396724,2.0512334071e-02,0.9981317560,0.3357269656,16.3365000098,0
189070,8436202521.576916694641,8436202521.616009712219,3.909301757812e-02,8436202521.596463203430,35.3044134770,5270.0020034867,1.9480926495e-02,0.9966448078,0.2380129008,12.1767474385,0
189300,8436202590.307026863098,8436202590.343200683594,3.617382049561e-02,8436202590.325113296509,38.5087114969,6152.1679525887,1.8030215034e-02,0.9968654008,0.2278953711,12.6000166978,0
189373,8436202612.138813018799,8436202612.180224418640,4.141139984131e-02,8436202612.159519195557,18.0875651003,4683.0716273280,2.0665675120e-02,0.9980669670,0.3325254916,16.0596112615,0
190585,8436202974.480914115906,8436202974.513563156128,3.264904022217e-02,8436202974.497238159180,27.3153838795,7532.2886428599,1.6294893290e-02,0.9981851337,0.2705897514,16.5756634548,0
190872,8436203060.086337089539,8436203060.119851112366,3.351402282715e-02,8436203060.103094100952,20.6487179323,7143.2209908044,1.6732774363e-02,0.9985536174,0.3112206834,18.5725649805,0
190912,8436203072.033882141113,8436203072.059733390808,2.585124969482e-02,8436203072.046808242798,22.2406353706,11993.1433670019,1.2913634350e-02,0.9990723468,0.2998757884,23.2000999545,0
191191,8436203155.747510910034,8436203155.790535926819,4.302501678467e-02,8436203155.769023895264,26.7207206323,4348.3537904290,2.1446309140e-02,0.9969227553,0.2735841384,12.7174448171,0
191291,8436203185.433407783508,8436203185.474481582642,4.107379913330e-02,8436203185.453945159912,33.8135105383,4775.7991799013,2.0464067965e-02,0.9964536224,0.2432035259,11.8422707920,0
191383,8436203213.024157524109,8436203213.054285049438,3.012752532959e-02,8436203213.039220809937,26.7238763498,8840.5213409872,1.5040977424e-02,0.9984874137,0.2735679846,18.1606674726,0
191496,8436203246.909148216248,8436203246.953009605408,4.386138916016e-02,8436203246.931078910828,26.1679986023,4184.5580416754,2.1862015596e-02,0.9968683626,0.2764583705,12.6060015787,0
191655,8436203294.261846542358,8436203294.297921180725,3.607463836670e-02,8436203294.279884338379,22.3387267243,6169.6614679901,1.8004635370e-02,0.9981879894,0.2992166733,16.5887552518,0
191687,8436203303.777452468872,8436203303.821832656860,4.438018798828e-02,8436203303.799642562866,17.5367534530,4079.2729381918,2.2142345125e-02,0.9978481899,0.3377072619,15.2188297192,0
191754,8436203323.813223838806,8436203323.847733497620,3.450965881348e-02,8436203323.830478668213,23.8096286558,6741.3247983324,1.7224331360e-02,0.9982324921,0.2898268968,16.7968566921,0
192069,8436203418.184417724609,8436203418.228809356689,4.439163208008e-02,8436203418.206613540649,28.9306899188,4088.5729264079,2.2117147974e-02,0.9964557254,0.2629272521,11.8458024539,0
192193,8436203455.120934486389,8436203455.154011726379,3.307723999023e-02,8436203455.137473106384,22.5170247694,7334.4374848972,1.6513213358e-02,0.9984637995,0.2980296653,18.0202257129,0
192225,8436203464.824376106262,8436203464.844944953918,2.056884765625e-02,8436203464.834660530090,18.6004833881,18927.6658797551,1.0279369262e-02,0.9995085222,0.3279086570,31.8840085215,0
192742,8436203619.200621604919,8436203619.243786811829,4.316520690918e-02,8436203619.222204208374,18.7349858107,4312.3424074492,2.1535669577e-02,0.9978253839,0.3267294740,15.1385570640,0
192806,8436203638.331614494324,8436203638.367194175720,3.557968139648e-02,8436203638.349404335022,33.1924591020,6352.7384291888,1.7743304712e-02,0.9973841258,0.2454682257,13.7982250575,0
193069,8436203716.960409164429,8436203716.981719017029,2.130985260010e-02,8436203716.971063613892,25.7805992316,17642.6646342204,1.0647138621e-02,0.9992691007,0.2785277648,26.1407500152,0
193096,8436203724.758959770203,8436203724.786100387573,2.714061737061e-02,8436203724.772529602051,31.6348562046,10892.1529188572,1.3550587748e-02,0.9985467584,0.2514386669,18.5285886085,0
193223,8436203763.147235870361,8436203763.177825927734,3.059005737305e-02,8436203763.162530899048,25.2479246133,8574.5252261636,1.5272493770e-02,0.9985266509,0.2814505848,18.4014421030,0
193240,8436203767.970888137817,8436203767.992179870605,2.129173278809e-02,8436203767.981534004211,30.9825597919,17677.8641962021,1.0636533229e-02,0.9991233062,0.2540717328,23.8657638020,0
193262,8436203774.683333396912,8436203774.717314720154,3.398132324219e-02,8436203774.700324058533,27.8580570478,6955.8825464701,1.6956603996e-02,0.9979955092,0.2679412543,15.7699129267,0
193300,8436203785.961700439453,8436203785.998885154724,3.718471527100e-02,8436203785.980293273926,35.5503066478,5821.3189872359,1.8535499712e-02,0.9969418659,0.2371883327,12.7573026152,0
193413,8436203819.827105522156,8436203819.862185478210,3.507995605469e-02,8436203819.844645500183,16.7411580727,6517.6175093656,1.7517436942e-02,0.9987148738,0.3456386095,19.7057606882,0
193510,8436203848.803768157959,8436203848.840104103088,3.633594512939e-02,8436203848.821935653687,23.1236080814,6082.3484020822,1.8133404574e-02,0.9980973116,0.2940946999,16.1875354480,0
193795,8436203934.130640983582,8436203934.167935371399,3.729438781738e-02,8436203934.149288177490,26.5198233926,5778.3098269077,1.8604353613e-02,0.9977025875,0.2746184326,14.7270647763,0
193967,8436203985.334171295166,8436203985.377092361450,4.292106628418e-02,8436203985.355631828308,27.4321859495,4370.0237249340,2.1393069420e-02,0.9968563818,0.2700130719,12.5818436173,0
194111,8436204028.369983673096,8436204028.412225723267,4.224205017090e-02,8436204028.391104698181,30.4649257352,4513.7877427778,2.1049628302e-02,0.9966196346,0.2562211263,12.1310933190,0
194143,8436204037.951967239380,8436204037.979548454285,2.758121490479e-02,8436204037.965757369995,20.4476537760,10536.7533644901,1.3777219908e-02,0.9990292274,0.3127470748,22.6782667766,0
194630,8436204183.480293273926,8436204183.513198852539,3.290557861328e-02,8436204183.496746063232,21.4801146101,7409.8890229358,1.6428924962e-02,0.9985495259,0.3051382848,18.5462950449,0
194945,8436204277.685070991516,8436204277.722632408142,3.756141662598e-02,8436204277.703851699829,27.2214084426,5697.5217164439,1.8735789710e-02,0.9976082583,0.2710564224,14.4327049788,0
195103,8436204324.999583244324,8436204325.020837783813,2.125453948975e-02,8436204325.010210037231,47.6681477140,17756.3643440843,1.0612995350e-02,0.9986568145,0.2048334404,19.2743240136,0
195312,8436204387.456087112427,8436204387.488438606262,3.235149383545e-02,8436204387.472263336182,24.4294286324,7668.0885133390,1.6149959559e-02,0.9984058011,0.2861266717,17.6886219311,0
196347,8436204696.897561073303,8436204696.938389778137,4.082870483398e-02,8436204696.917975425720,45.7039538100,4844.7926881925,2.0317833582e-02,0.9952720109,0.2091886474,10.2471360885,0
196425,8436204720.012349128723,8436204720.048509597778,3.616046905518e-02,8436204720.030429840088,34.7957533375,6152.9704904177,1.8029039147e-02,0.9971684338,0.2397462794,13.2601310567,0
196779,8436204825.983348846436,8436204826.026206970215,4.285812377930e-02,8436204826.004777908325,23.0613030957,4378.4174839858,2.1372553513e-02,0.9973630028,0.2944917114,13.7426319900,0
197011,8436204895.472713470459,8436204895.516203880310,4.349040985107e-02,8436204895.494459152222,22.1451815456,4251.7811059417,2.1688501609e-02,0.9973923761,0.3005213806,13.8201217989,0
197479,8436205035.224169731140,8436205035.268352508545,4.418277740479e-02,8436205035.246261596680,24.6391273464,4122.7524283537,2.2025276531e-02,0.9970073329,0.2849064863,12.8967214409,0
197567,8436205061.552587509155,8436205061.579770088196,2.718257904053e-02,8436205061.566179275513,20.3077951429,10847.3210367564,1.3578561104e-02,0.9990634873,0.3138221627,23.0899475865,0
197994,8436205189.286981582642,8436205189.326428413391,3.944683074951e-02,8436205189.306705474854,29.0411358133,5170.2559889656,1.9667944525e-02,0.9971875637,0.2624268086,13.3053430951,0
198037,8436205202.127531051636,8436205202.169597625732,4.206657409668e-02,8436205202.148564338684,17.2752293494,4538.0794317245,2.0993214886e-02,0.9980948217,0.3402538805,16.1769237357,0
198051,8436205206.344033241272,8436205206.386747360229,4.271411895752e-02,8436205206.365390777588,22.0771150275,4406.8497770502,2.1303495789e-02,0.9974919914,0.3009842967,14.0929652305,0
198164,8436205240.006555557251,8436205240.045485496521,3.892993927002e-02,8436205240.026020050049,18.2894319243,5296.9353893761,1.9431335935e-02,0.9982720908,0.3306853000,16.9887395793,0
198328,8436205289.229950904846,8436205289.263285636902,3.333473205566e-02,8436205289.246618270874,40.4071862631,7239.8029762469,1.6620788537e-02,0.9972054678,0.2224772937,13.3480775167,0
198364,8436205299.822593688965,8436205299.839408874512,1.681518554688e-02,8436205299.831001281738,41.2184200308,28334.7174269511,8.4014752991e-03,0.9992723869,0.2202770885,26.1997808912,0
198686,8436205396.076166152954,8436205396.109096527100,3.293037414551e-02,8436205396.092631340027,19.3930729550,7396.6796928641,1.6443588182e-02,0.9986882086,0.3211379881,19.5040594844,0
199255,8436205566.252832412720,8436205566.283880233765,3.104782104492e-02,8436205566.268356323242,19.1462439720,8318.1838765810,1.5506034276e-02,0.9988484702,0.3232013778,20.8195852037,0
199387,8436205605.705896377563,8436205605.731153488159,2.525711059570e-02,8436205605.718524932861,39.4963835642,12580.2216905669,1.2608715649e-02,0.9984289851,0.2250278817,17.8189726667,0
199563,8436205658.297769546509,8436205658.332561492920,3.479194641113e-02,8436205658.315165519714,21.1708366819,6630.1218913591,1.7368177203e-02,0.9984021588,0.3073590371,17.6684013835,0
199825,8436205736.509063720703,8436205736.545283317566,3.621959686279e-02,8436205736.527173995972,18.8347018687,6117.0501345040,1.8081896452e-02,0.9984592882,0.3258634286,17.9937634246,0
199879,8436205752.716565132141,8436205752.749601364136,3.303623199463e-02,8436205752.733083724976,38.4144519386,7368.4988057489,1.6475002497e-02,0.9973899263,0.2281747992,13.8136092085,0
200970,8436206078.930586814880,8436206078.947699546814,1.711273193359e-02,8436206078.939143180847,30.2298555549,27348.3802993292,8.5516357191e-03,0.9994471663,0.2572153969,30.0612897888,0
201357,8436206194.582155227661,8436206194.614789962769,3.263473510742e-02,8436206194.598472595215,26.9909887487,7538.5451519878,1.6288130028e-02,0.9982081959,0.2722109560,16.6822837741,0
201467,8436206227.380033493042,8436206227.413127899170,3.309440612793e-02,8436206227.396580696106,19.8028130338,7324.1398235675,1.6524817981e-02,0.9986471984,0.3177982887,19.2055592398,0
201733,8436206306.989674568176,8436206307.030246734619,4.057216644287e-02,8436206307.009960174561,40.4044541434,4900.3744725275,2.0202278947e-02,0.9958688785,0.2224848155,10.9673618638,0
202298,8436206475.861493110657,8436206475.896372795105,3.487968444824e-02,8436206475.878932952881,36.7782048719,6612.5221303729,1.7391275246e-02,0.9972151710,0.2331952683,13.3714092868,0
202812,8436206629.615135192871,8436206629.635554313660,2.041912078857e-02,8436206629.625345230103,28.8135309261,19216.2038645027,1.0201903215e-02,0.9992499991,0.2634612554,25.8053476597,0
203339,8436206787.074945449829,8436206787.115074157715,4.012870788574e-02,8436206787.095009803772,15.5995612214,4983.5772297857,2.0032926675e-02,0.9984336765,0.3580624726,17.8457015689,0
203570,8436206856.175293922424,8436206856.214135169983,3.884124755859e-02,8436206856.194714546204,30.9616589937,5333.7420969402,1.9364174679e-02,0.9970933426,0.2541574745,13.0869882113,0
203596,8436206863.888978958130,8436206863.932662010193,4.368305206299e-02,8436206863.910820007324,20.6151377496,4213.0279408683,2.1788023155e-02,0.9975504057,0.3114740553,14.2606361318,0
203827,8436206932.771686553955,8436206932.810503005981,3.881645202637e-02,8436206932.791094779968,69.9963515089,5379.5536715277,1.9281547004e-02,0.9934729218,0.1690352562,8.7094645362,0
203984,8436206979.877497673035,8436206979.894113540649,1.661586761475e-02,8436206979.885805130005,29.0731691078,29005.4406192416,8.3037690970e-03,0.9994987068,0.2622821956,31.5700873074,0
204249,8436207059.005446434021,8436207059.049005508423,4.355907440186e-02,8436207059.027225494385,33.8431290845,4250.1547509113,2.1692650849e-02,0.9960106429,0.2430970802,11.1617192756,0
204298,8436207073.807576179504,8436207073.848717689514,4.114151000977e-02,8436207073.828146934509,25.6879117890,4752.0776642762,2.0515080853e-02,0.9972935290,0.2790298061,13.5643930417,0
204697,8436207193.144826889038,8436207193.179464340210,3.463745117188e-02,8436207193.162145614624,21.0479145186,6689.0869542826,1.7291456523e-02,0.9984254579,0.3082552360,17.7989560747,0
204935,8436207264.183740615845,8436207264.204532623291,2.079200744629e-02,8436207264.194136619568,36.4164578217,18541.7596155173,1.0385789706e-02,0.9990175054,0.2343506420,22.5423776565,0
205068,8436207303.866323471069,8436207303.879785537720,1.346206665039e-02,8436207303.873054504395,32.2530826782,44175.7276852526,6.7285756836e-03,0.9996348790,0.2490172214,36.9953927436,0
205697,8436207492.070865631104,8436207492.113247871399,4.238224029541e-02,8436207492.092056274414,40.7843190619,4494.4967102252,2.1094753963e-02,0.9954525205,0.2214462804,10.4499563449,0
206234,8436207652.448565483093,8436207652.482026100159,3.346061706543e-02,8436207652.465295791626,20.2945117427,7165.6212938998,1.6706599898e-02,0.9985828932,0.3139248491,18.7638409962,0
206595,8436207760.463127136230,8436207760.507618904114,4.449176788330e-02,8436207760.485372543335,22.8773238781,4064.2663826889,2.2183185728e-02,0.9971815814,0.2956734900,13.2911549282,0
207140,8436207923.408759117126,8436207923.424332618713,1.557350158691e-02,8436207923.416545867920,17.1236581068,33002.1962414039,7.7847303982e-03,0.9997405342,0.3417564531,43.8894812759,0
207472,8436208022.696360588074,8436208022.739916801453,4.355621337891e-02,8436208022.718138694763,21.2685483609,4238.1340916404,2.1723392600e-02,0.9974876563,0.3066521919,14.0807553323,0
207709,8436208093.298088073730,8436208093.342061996460,4.397392272949e-02,8436208093.320075035095,28.8256573044,4165.9594798961,2.1910761779e-02,0.9965343285,0.2634058332,11.9800926006,0
208829,8436208428.245248794556,8436208428.282547950745,3.729915618896e-02,8436208428.263898849487,26.6504438778,5776.9699090928,1.8606511047e-02,0.9976907227,0.2739446192,14.6890518260,0
208910,8436208452.389113426208,8436208452.425642013550,3.652858734131e-02,8436208452.407377243042,30.1845524416,6025.6683351897,1.8218490314e-02,0.9974921912,0.2574083480,14.0935287549,0
209155,8436208525.767406463623,8436208525.807575225830,4.016876220703e-02,8436208525.787490844727,26.0539787430,4984.1289392456,2.0031817889e-02,0.9973828810,0.2770626416,13.7949305068,0
209548,8436208643.075668334961,8436208643.117258071899,4.158973693848e-02,8436208643.096463203430,25.1865249986,4650.2493905417,2.0738477775e-02,0.9972882399,0.2817934356,13.5511044956,0
209713,8436208692.641854286194,8436208692.663632392883,2.177810668945e-02,8436208692.652743339539,19.0534430164,16886.5156161343,1.0882908427e-02,0.9994356793,0.3239875078,29.7535054247,0
209945,8436208761.802683830261,8436208761.828819274902,2.613544464111e-02,8436208761.815752029419,72.9480901709,11784.9248174676,1.3027215268e-02,0.9969002209,0.1655800596,12.6709196587,0
209998,8436208777.926106452942,8436208777.968279838562,4.217338562012e-02,8436208777.947193145752,22.7835933187,4520.7173291547,2.1033489142e-02,0.9974769079,0.2962810587,14.0506176747,0
210027,8436208786.525419235229,8436208786.564063072205,3.864383697510e-02,8436208786.544740676880,23.7830279150,5380.8799569514,1.9279170588e-02,0.9977875955,0.2899889337,15.0082888439,0
210091,8436208805.722509384155,8436208805.737834930420,1.532554626465e-02,8436208805.730172157288,23.5866111640,34084.6388224874,7.6601213494e-03,0.9996539395,0.2911938672,38.0011077100,0
210475,8436208920.435175895691,8436208920.454070091248,1.889419555664e-02,8436208920.444622993469,24.8286391233,22434.3806647073,9.4418686722e-03,0.9994464854,0.2838170879,30.0427808205,0
210812,8436209021.099808692932,8436209021.135062217712,3.525352478027e-02,8436209021.117435455322,21.4173942430,6458.4379382174,1.7597511291e-02,0.9983405291,0.3055847535,17.3364085117,0
211115,8436209111.622258186340,8436209111.662129402161,3.987121582031e-02,8436209111.642193794250,35.9651641632,5068.3173670570,1.9864749690e-02,0.9964456454,0.2358163833,11.8289035562,0
211281,8436209161.277023315430,8436209161.315675735474,3.865242004395e-02,8436209161.296349525452,23.4342294732,5378.1522530455,1.9284058996e-02,0.9978189709,0.2921390810,15.1162116432,0
211949,8436209361.051420211792,8436209361.082383155823,3.096294403076e-02,8436209361.066902160645,30.1195159649,8374.7189011678,1.5453607531e-02,0.9982001398,0.2576861066,16.6448065342,0
212246,8436209449.643538475037,8436209449.684760093689,4.122161865234e-02,8436209449.664149284363,41.7607006905,4749.7981042498,2.0520003141e-02,0.9955942446,0.2188422188,10.6178372394,0
212253,8436209451.808700561523,8436209451.851994514465,4.329395294189e-02,8436209451.830347061157,33.9282249620,4302.0372590476,2.1561447542e-02,0.9960489203,0.2427920311,11.2159788897,0
212572,8436209547.208146095276,8436209547.244892120361,3.674602508545e-02,8436209547.226518630981,25.4555989374,5950.1949988940,1.8333669519e-02,0.9978586515,0.2803001550,15.2560803152,0
212681,8436209579.686186790466,8436209579.723365783691,3.717899322510e-02,8436209579.704776763916,27.0227285164,5814.5724676380,1.8546249759e-02,0.9976735866,0.2720510452,14.6346644490,0
213046,8436209688.798140525818,8436209688.817989349365,1.984882354736e-02,8436209688.808065414429,22.6846133441,20328.5005463797,9.9188728928e-03,0.9994418933,0.2969267380,29.9188248932,0
213161,8436209723.249917984009,8436209723.279599189758,2.968120574951e-02,8436209723.264759063721,22.1371350175,9102.9956272528,1.4822546818e-02,0.9987833340,0.3005759932,20.2536241804,0
213270,8436209755.960923194885,8436209755.996804237366,3.588104248047e-02,8436209755.978863716125,31.9536527642,6245.7910150931,1.7894570273e-02,0.9974387050,0.2501812408,13.9450374623,0
213369,8436209785.453837394714,8436209785.489296913147,3.545951843262e-02,8436209785.471567153931,26.9118432185,6389.3609360324,1.7692381144e-02,0.9978917891,0.2726109372,15.3758961907,0
213486,8436209820.432606697083,8436209820.461440086365,2.883338928223e-02,8436209820.447023391724,23.4376601654,9646.1742139762,1.4399169606e-02,0.9987843930,0.2921176992,20.2624600496,0
213893,8436209942.043606758118,8436209942.085945129395,4.233837127686e-02,8436209942.064775466919,30.8647693179,4493.8113944578,2.1096362399e-02,0.9965599414,0.2545560833,12.0248406172,0
214212,8436210037.431777000427,8436210037.469723701477,3.794670104980e-02,8436210037.450750350952,31.2666113408,5587.0068930876,1.8920185682e-02,0.9971979202,0.2529150016,13.3300126035,0
214235,8436210044.309742927551,8436210044.353561401367,4.381847381592e-02,8436210044.331651687622,77.6940745868,4244.2334717983,2.1707777665e-02,0.9908048261,0.1604431015,7.3230803155,0
214447,8436210107.794013977051,8436210107.829485893250,3.547191619873e-02,8436210107.811750411987,18.9286257120,6376.9310249420,1.7709615741e-02,0.9985147485,0.3250539561,18.3273976084,0
214473,8436210115.452356338501,8436210115.493682861328,4.132652282715e-02,8436210115.473019599915,21.8024522720,4705.9682164695,2.0615340055e-02,0.9976808425,0.3028742318,14.6576199049,0
215252,8436210348.397171974182,8436210348.440445899963,4.327392578125e-02,8436210348.418808937073,29.2649023587,4301.3254099171,2.1563231627e-02,0.9965923469,0.2614215938,12.0821760033,0
215989,8436210568.645916938782,8436210568.681289672852,3.537273406982e-02,8436210568.663602828979,25.4516803964,6419.1586585772,1.7651269378e-02,0.9980155531,0.2803217317,15.8495937073,0
216189,8436210628.484554290771,8436210628.527356147766,4.280185699463e-02,8436210628.505954742432,20.5707123101,4387.3854131451,2.1350699314e-02,0.9976529437,0.3118102106,14.5699384334,0
216281,8436210655.929903030396,8436210655.971766471863,4.186344146729e-02,8436210655.950834274292,33.3242864838,4598.1072343481,2.0855732610e-02,0.9963697144,0.2449822213,11.7038739629,0
216585,8436210746.917117118835,8436210746.941938400269,2.482128143311e-02,8436210746.929527282715,25.1039353639,13010.0930351492,1.2398661311e-02,0.9990347472,0.2822565922,22.7431120313,0
217720,8436211086.089980125427,8436211086.116584777832,2.660465240479e-02,8436211086.103282928467,30.3636677664,11332.8712926194,1.3284494079e-02,0.9986594733,0.2566479989,19.2934675497,0
217763,8436211099.067910194397,8436211099.112186431885,4.427623748779e-02,8436211099.090047836304,26.1833421123,4107.0139743814,2.2067437617e-02,0.9968072659,0.2763773559,12.4842295384,0
218128,8436211208.310741424561,8436211208.344259262085,3.351783752441e-02,8436211208.327500343323,30.0145939836,7150.9657055379,1.6723710855e-02,0.9978991540,0.2581361101,15.4029095676,0
218183,8436211224.676875114441,8436211224.712471008301,3.559589385986e-02,8436211224.694673538208,18.1196782011,6331.9103734854,1.7772462985e-02,0.9985681525,0.3322306972,18.6667989578,0
218745,8436211392.456293106079,8436211392.500517845154,4.422473907471e-02,8436211392.478404998779,24.3474709863,4114.6876522754,2.2046850704e-02,0.9970370053,0.2866078421,12.9614260312,0
218810,8436211411.980304718018,8436211412.015003204346,3.469848632812e-02,8436211411.997653961182,26.6936366239,6671.2949474536,1.7314498891e-02,0.9979973609,0.2737228957,15.7772240044,0
218943,8436211451.788466453552,8436211451.820465087891,3.199863433838e-02,8436211451.804466247559,37.2426950916,7850.4095647447,1.5961321313e-02,0.9976251576,0.2317365020,14.4841495136,0
219138,8436211509.855887413025,8436211509.898751258850,4.286384582520e-02,8436211509.877319335938,31.6138758980,4385.8073106995,2.1354540176e-02,0.9963893703,0.2515220858,11.7358618161,0
219185,8436211524.277264595032,8436211524.316929817200,3.966522216797e-02,8436211524.297097206116,20.8399403820,5105.5969618415,1.9792093485e-02,0.9979570215,0.3097895485,15.6202099264,0
219204,8436211529.744809150696,8436211529.782070159912,3.726100921631e-02,8436211529.763439178467,19.2874115738,5781.3869960349,1.8599401829e-02,0.9983305455,0.3220164247,17.2843640851,0
219263,8436211547.494965553284,8436211547.538999557495,4.403400421143e-02,8436211547.516983032227,25.8969886205,4151.7488231152,2.1948227959e-02,0.9968763165,0.2779011634,12.6221164005,0
219457,8436211605.512605667114,8436211605.556488037109,4.388236999512e-02,8436211605.534546852112,29.3781958089,4183.7928091929,2.1864014830e-02,0.9964828624,0.2609170366,11.8916565627,0
219641,8436211660.644477844238,8436211660.678517341614,3.403949737549e-02,8436211660.661497116089,25.7525869052,6930.1170662349,1.6988096228e-02,0.9981402511,0.2786792077,16.3738732457,0
219672,8436211669.759996414185,8436211669.803985595703,4.398918151855e-02,8436211669.781991004944,41.0074422512,4175.2716181975,2.1886314275e-02,0.9950771312,0.2208430095,10.0407873895,0
220087,8436211793.831102371216,8436211793.849934577942,1.883220672607e-02,8436211793.840518951416,26.4240547340,22583.7472067561,9.4105931071e-03,0.9994148051,0.2751156321,29.2175671251,0
220179,8436211821.313659667969,8436211821.351007461548,3.734779357910e-02,8436211821.332333564758,44.1110601110,5779.4631929682,1.8602497152e-02,0.9961765004,0.2129321554,11.4026631822,0
220574,8436211939.413404464722,8436211939.448704719543,3.530025482178e-02,8436211939.431055068970,15.4933658935,6435.4826935463,1.7628868348e-02,0.9987955292,0.3592875010,20.3560854082,0
220928,8436212045.106803894043,8436212045.146067619324,3.926372528076e-02,8436212045.126436233521,18.5140679585,5207.7926038797,1.9596935246e-02,0.9982208823,0.3286730319,16.7418159923,0
220939,8436212048.664761543274,8436212048.704972267151,4.021072387695e-02,8436212048.684866905212,38.0042050475,4985.7366235282,2.0028587932e-02,0.9961814163,0.2294030414,11.4100428608,0
221039,8436212078.264545440674,8436212078.304633140564,4.008769989014e-02,8436212078.284589767456,103.6799253191,5081.8268482356,1.9838327986e-02,0.9897463831,0.1388889389,6.9292545739,0
221818,8436212311.361984252930,8436212311.404742240906,4.275798797607e-02,8436212311.383363723755,16.6947928196,4392.4746558155,2.1338326973e-02,0.9980978050,0.3461182354,16.1896408963,0
221918,8436212341.171558380127,8436212341.200484275818,2.892589569092e-02,8436212341.186021804810,20.5976153558,9581.8846351641,1.4447394407e-02,0.9989246011,0.3116065126,21.5451591178,0
222149,8436212410.397275924683,8436212410.407764434814,1.048851013184e-02,8436212410.402520179749,22.6021877169,72744.0275930072,5.2434402853e-03,0.9998446337,0.2974676613,56.7225769125,0
222447,8436212499.329589843750,8436212499.373547554016,4.395771026611e-02,8436212499.351568222046,16.8658454469,4157.0519425601,2.1934223898e-02,0.9979693558,0.3443586049,15.6677225823,0
223173,8436212716.191405296326,8436212716.209527969360,1.812267303467e-02,8436212716.200466156006,19.5047887099,24377.7207620149,9.0577107719e-03,0.9995998664,0.3202169914,35.3388256565,0
223313,8436212758.296423912048,8436212758.331937789917,3.551387786865e-02,8436212758.314180374146,22.5840565726,6365.5706479645,1.7725411514e-02,0.9982245014,0.2975870453,16.7589158446,0
223676,8436212866.777216911316,8436212866.815188407898,3.797149658203e-02,8436212866.796202659607,29.0491642728,5577.5359758383,1.8936242549e-02,0.9973924788,0.2623905420,13.8203950643,0
223851,8436212919.008377075195,8436212919.036552429199,2.817535400391e-02,8436212919.022464752197,20.4361405056,10097.8994183795,1.4073414454e-02,0.9989875869,0.3128351598,22.2062984385,0
224063,8436212982.368483543396,8436212982.394169807434,2.568626403809e-02,8436212982.381326675415,29.9400423848,12155.1174597382,1.2827304899e-02,0.9987676589,0.2584572936,20.1241638920,0
224248,8436213037.722619056702,8436213037.748652458191,2.603340148926e-02,8436213037.735635757446,41.2774617301,11845.2490280830,1.2994001126e-02,0.9982561158,0.2201194942,16.9105442676,0
224290,8436213050.293577194214,8436213050.337438583374,4.386138916016e-02,8436213050.315507888794,28.2115525059,4186.6015955790,2.1856679328e-02,0.9966250384,0.2662572883,12.1408506846,0
224341,8436213065.601464271545,8436213065.632848739624,3.138446807861e-02,8436213065.617156982422,47.3147753300,8169.2672185751,1.5646724895e-02,0.9970998939,0.2055969211,13.1018260770,0
224529,8436213121.500449180603,8436213121.534004211426,3.355503082275e-02,8436213121.517227172852,24.3600777564,7129.5338308452,1.6748828312e-02,0.9982901462,0.2865336702,17.0784328431,0
224579,8436213136.750880241394,8436213136.784444808960,3.356456756592e-02,8436213136.767662048340,39.0142935949,7140.1510162236,1.6736371183e-02,0.9972642222,0.2264139200,13.4912460623,0
224612,8436213146.743549346924,8436213146.754094123840,1.054477691650e-02,8436213146.748821258545,49.5529943608,71996.9679260349,5.2705737457e-03,0.9996558083,0.2009000507,38.1041822509,0
224822,8436213209.457327842712,8436213209.496714591980,3.938674926758e-02,8436213209.477021217346,19.4726040964,5176.3844826957,1.9656298310e-02,0.9981173199,0.3204815119,16.2735700630,0
224828,8436213210.992562294006,8436213211.031754493713,3.919219970703e-02,8436213211.012158393860,47.1762093973,5255.4128449144,1.9507947526e-02,0.9955015372,0.2058986393,10.5071234004,0
225065,8436213281.896848678589,8436213281.927693367004,3.084468841553e-02,8436213281.912271499634,22.7478940761,8431.4547432011,1.5401525570e-02,0.9986500990,0.2965134508,19.2262244201,0
225073,8436213284.363623619080,8436213284.406269073486,4.264545440674e-02,8436213284.384946823120,29.8549124273,4428.7590140798,2.1250735860e-02,0.9966237272,0.2588255211,12.1384810963,0
225449,8436213396.680044174194,8436213396.720444679260,4.040050506592e-02,8436213396.700244903564,22.4203009897,4923.7779973215,2.0154209385e-02,0.9977206647,0.2986718407,14.7855498450,0
225498,8436213411.284421920776,8436213411.320946693420,3.652477264404e-02,8436213411.302684783936,27.2747184393,6024.0109196570,1.8220996412e-02,0.9977335980,0.2707913952,14.8278209866,0
226180,8436213615.447382926941,8436213615.491818428040,4.443550109863e-02,8436213615.469600677490,18.9776927814,4070.6081096607,2.2165899055e-02,0.9976662131,0.3246334685,14.6114462742,0
227066,8436213880.216208457947,8436213880.254044532776,3.783607482910e-02,8436213880.235126495361,20.9582288685,5609.2340768176,1.8882661853e-02,0.9981300618,0.3089140836,16.3290766806,0
227529,8436214018.482507705688,8436214018.518635749817,3.612804412842e-02,8436214018.500572204590,26.7668965410,6155.9286879269,1.8024706749e-02,0.9978235569,0.2733480548,15.1321811837,0
227616,8436214044.712010383606,8436214044.752223014832,4.021263122559e-02,8436214044.732116699219,23.7503055167,4971.0133775971,2.0058226536e-02,0.9976082601,0.2901886336,14.4327105555,0
227677,8436214062.669195175171,8436214062.706913948059,3.771877288818e-02,8436214062.688055038452,46.3521997647,5669.4401505435,1.8782132947e-02,0.9959037110,0.2077207218,11.0141823768,0
227719,8436214075.290614128113,8436214075.334013938904,4.339981079102e-02,8436214075.312314033508,21.2971821011,4268.6106496415,2.1645704537e-02,0.9975022537,0.3064459779,14.1219960341,0
227912,8436214132.983824729919,8436214133.028450012207,4.462528228760e-02,8436214133.006137847900,27.3323058266,4044.5746731298,2.2237121492e-02,0.9966153871,0.2705059748,12.1234403895,0
228340,8436214260.891834259033,8436214260.918076515198,2.624225616455e-02,8436214260.904954910278,31.2893075260,11648.1196263306,1.3103493172e-02,0.9986559913,0.2528232571,19.2684085918,0
229418,8436214583.282604217529,8436214583.323101043701,4.049682617188e-02,8436214583.302852630615,23.7976430803,4901.8674528228,2.0199202170e-02,0.9975696409,0.2898998726,14.3171650725,0
229495,8436214606.309270858765,8436214606.352704048157,4.343318939209e-02,8436214606.330987930298,29.5146747641,4270.3024918215,2.1641416229e-02,0.9965382019,0.2603130837,11.9868279227,0
229525,8436214615.321338653564,8436214615.348894119263,2.755546569824e-02,8436214615.335116386414,29.9939591101,10565.9627776101,1.3758163291e-02,0.9985796242,0.2582248895,18.7421901958,0
229864,8436214716.576842308044,8436214716.607524871826,3.068256378174e-02,8436214716.592184066772,40.8546518448,8538.6583712387,1.5304536408e-02,0.9976047971,0.2212555844,14.4222357661,0
229997,8436214756.257074356079,8436214756.284762382507,2.768802642822e-02,8436214756.270917892456,35.6975003098,10471.0226439650,1.3820394767e-02,0.9982939595,0.2366988211,17.0975581572,0
230183,8436214811.910848617554,8436214811.953230857849,4.238224029541e-02,8436214811.932039260864,25.1942239790,4478.9066151424,2.1131435185e-02,0.9971834919,0.2817503764,13.2956811344,0
230285,8436214842.363042831421,8436214842.394824981689,3.178215026855e-02,8436214842.378933906555,29.1751322438,7949.1432548785,1.5861886429e-02,0.9981632013,0.2618234741,16.4761334215,0
230497,8436214905.766671180725,8436214905.792458534241,2.578735351562e-02,8436214905.779564857483,25.6348783127,12055.9343664259,1.2879961366e-02,0.9989362699,0.2793182856,21.6631990101,0
231349,8436215160.566685676575,8436215160.591878890991,2.519321441650e-02,8436215160.579282760620,25.2877531010,12629.7064475897,1.2583990149e-02,0.9989983764,0.2812288536,22.3257619272,0
231655,8436215252.037367820740,8436215252.073535919189,3.616809844971e-02,8436215252.055452346802,23.1406000541,6138.7344413894,1.8049932187e-02,0.9981134182,0.2939867043,16.2566856922,0
231901,8436215325.550137519836,8436215325.583720207214,3.358268737793e-02,8436215325.566928863525,22.5870458295,7116.0628836564,1.6764673865e-02,0.9984116921,0.2975673527,17.7214735288,0
232378,8436215468.205845832825,8436215468.250391960144,4.454612731934e-02,8436215468.228118896484,28.0346378484,4059.5663374973,2.2196023529e-02,0.9965411076,0.2670960852,11.9918880182,0
233013,8436215658.044445037842,8436215658.079143524170,3.469848632812e-02,8436215658.061794281006,24.6705091128,6669.2718199425,1.7317124874e-02,0.9981487210,0.2847252231,16.4113915739,0
233278,8436215737.133532524109,8436215737.173522949219,3.999042510986e-02,8436215737.153528213501,50.1858704130,5052.5804527077,1.9895661304e-02,0.9950212457,0.1996292924,9.9838544781,0
233450,8436215788.445811271667,8436215788.485227584839,3.941631317139e-02,8436215788.465518951416,21.8965776461,5171.0755528193,1.9666385877e-02,0.9978805370,0.3022225580,15.3348973385,0
233758,8436215880.705758094788,8436215880.749657630920,4.389953613281e-02,8436215880.727707862854,20.4333690457,4171.5995968525,2.1895944794e-02,0.9975478888,0.3128563746,14.2532884033,0
233847,8436215907.123614311218,8436215907.129407882690,5.793571472168e-03,8436215907.126510620117,25.2087477029,238365.3810712443,2.8966325547e-03,0.9999471202,0.2816692011,97.2350828637,0
234141,8436215995.122066497803,8436215995.145624160767,2.355766296387e-02,8436215995.133845329285,31.8173752619,14447.1802343418,1.1765853930e-02,0.9988982309,0.2507164459,21.2853411062,0
234528,8436216110.846134185791,8436216110.884740829468,3.860664367676e-02,8436216110.865437507629,28.1493254619,5395.5731859412,1.9252902167e-02,0.9973880313,0.2665514207,13.8085777641,0
234655,8436216148.912042617798,8436216148.952384948730,4.034233093262e-02,8436216148.932213783264,20.0935048703,4935.5970282510,2.0130063775e-02,0.9979623542,0.3154911271,15.6406989774,0
234916,8436216226.803190231323,8436216226.842397689819,3.920745849609e-02,8436216226.822793960571,24.7154678274,5228.8990010579,1.9557343839e-02,0.9976338477,0.2844661402,14.5108176432,0
235263,8436216330.505199432373,8436216330.547627449036,4.242801666260e-02,8436216330.526412963867,28.1474613074,4472.2546525263,2.1147144631e-02,0.9968481346,0.2665602472,12.5652937911,0
236123,8436216587.525816917419,8436216587.562377929688,3.656101226807e-02,8436216587.544097900391,23.0459377768,6007.8999865451,1.8245410993e-02,0.9980801877,0.2945898677,16.1149732681,0
236279,8436216634.305103302002,8436216634.348399162292,4.329586029053e-02,8436216634.326751708984,18.0357268454,4285.7687160824,2.1602331816e-02,0.9978936402,0.3330030208,15.3826725513,0
236317,8436216645.794488906860,8436216645.832237243652,3.774833679199e-02,8436216645.813363075256,23.1749530775,5637.4585248049,1.8835333660e-02,0.9979424399,0.2937687302,15.5645919894,0
236675,8436216752.680648803711,8436216752.707470893860,2.682209014893e-02,8436216752.694059371948,25.9622304731,11145.9613104002,1.3395416829e-02,0.9988346736,0.2775517675,20.6957597989,0
236961,8436216838.024580955505,8436216838.064244270325,3.966331481934e-02,8436216838.044412612915,35.0230347268,5120.2691044461,1.9763715998e-02,0.9965740931,0.2389670985,12.0497794790,0
237619,8436217034.860214233398,8436217034.879020690918,1.880645751953e-02,8436217034.869617462158,19.8488248196,22638.9838094523,9.3991056955e-03,0.9995615268,0.3174297291,33.7575249083,0
238116,8436217183.420141220093,8436217183.457940101624,3.779888153076e-02,8436217183.439041137695,19.5009032066,5618.7796518039,1.8866615443e-02,0.9982631591,0.3202488910,16.9448871521,0
238129,8436217187.406517028809,8436217187.446530342102,4.001331329346e-02,8436217187.426523208618,28.5362136072,5025.2095511663,1.9949770757e-02,0.9971566519,0.2647383295,13.2325122694,0
238227,8436217216.631664276123,8436217216.667819023132,3.615474700928e-02,8436217216.649742126465,20.5751930277,6140.6866742353,1.8047062763e-02,0.9983232773,0.3117762569,17.2467674467,0
239026,8436217455.391933441162,8436217455.427265167236,3.533172607422e-02,8436217455.409599304199,23.6786326209,6432.2360183460,1.7633316877e-02,0.9981576807,0.2906274880,16.4513608746,0
239217,8436217512.576669692993,8436217512.600228309631,2.355861663818e-02,8436217512.588449478149,19.8966244390,14434.0924130347,1.1771186946e-02,0.9993105391,0.3170482035,26.9156893482,0
239453,8436217582.995873451233,8436217583.037479400635,4.160594940186e-02,8436217583.016675949097,26.7902943571,4648.2493938965,2.0742938855e-02,0.9971140740,0.2732286618,13.1341149888,0
240147,8436217790.444679260254,8436217790.489442825317,4.476356506348e-02,8436217790.467061042786,26.5835072770,4019.0442299028,2.2307638857e-02,0.9966873204,0.2742892951,12.2550245834,0
240347,8436217850.398040771484,8436217850.439124107361,4.108333587646e-02,8436217850.418582916260,33.9623479194,4773.7467427464,2.0468466680e-02,0.9964364501,0.2426700304,11.8135504428,0
240786,8436217981.529772758484,8436217981.567289352417,3.751659393311e-02,8436217981.548530578613,23.2828481351,5707.1403546649,1.8719994691e-02,0.9979581155,0.2930872629,15.6244068119,0
240837,8436217996.869230270386,8436217996.910263061523,4.103279113770e-02,8436217996.889746665955,31.6340647942,4783.1027107233,2.0448438252e-02,0.9966876581,0.2514418121,12.2556523762,0
240884,8436218010.848181724548,8436218010.883522987366,3.534126281738e-02,8436218010.865852355957,16.2281048077,6421.3272938034,1.7648288500e-02,0.9987355908,0.3510597958,19.8668506906,0
241459,8436218182.800088882446,8436218182.822539329529,2.245044708252e-02,8436218182.811313629150,28.0731254138,15900.3780764735,1.1215309742e-02,0.9991168283,0.2669129313,23.7779613355,0
241621,8436218231.335872650146,8436218231.365007400513,2.913475036621e-02,8436218231.350440025330,28.0964917811,9452.7932243067,1.4545709803e-02,0.9985127464,0.2668019196,18.3150304168,0
241652,8436218240.567405700684,8436218240.580535888672,1.313018798828e-02,8436218240.573970794678,18.2257604209,46421.4437157399,6.5638050901e-03,0.9998036732,0.3312624193,50.4581380803,0
242023,8436218351.458333969116,8436218351.497500419617,3.916645050049e-02,8436218351.477916717529,43.6803786107,5258.7673690847,1.9501724555e-02,0.9958382394,0.2139793189,10.9266638235,0
242348,8436218448.732278823853,8436218448.776171684265,4.389286041260e-02,8436218448.754224777222,24.8530350051,4177.2820709962,2.1881046892e-02,0.9970207768,0.2836777555,12.9259179209,0
242408,8436218466.712191581726,8436218466.745256423950,3.306484222412e-02,8436218466.728723526001,29.5580602461,7346.9628032940,1.6499131248e-02,0.9979863891,0.2601219691,15.7340517331,0
243430,8436218771.974892616272,8436218772.004796981812,2.990436553955e-02,8436218771.989845275879,16.0197235398,8961.8530328329,1.4938812936e-02,0.9991058273,0.3533356755,23.6310431001,0
243453,8436218778.805793762207,8436218778.847854614258,4.206085205078e-02,8436218778.826824188232,16.9724230697,4539.0067483485,2.0991070325e-02,0.9981286304,0.3432757095,16.3228129122,0
243783,8436218877.680428504944,8436218877.708807945251,2.837944030762e-02,8436218877.694618225098,19.7087286103,9952.7521665785,1.4175663744e-02,0.9990093948,0.3185559294,22.4497682796,0
244672,8436219143.154125213623,8436219143.190411567688,3.628635406494e-02,8436219143.172267913818,40.7625247338,6116.5604214443,1.8082620287e-02,0.9966622855,0.2215054724,12.2087477850,0
244846,8436219195.208184242249,8436219195.240535736084,3.235149383545e-02,8436219195.224359512329,28.5843333340,7672.2434180406,1.6145585961e-02,0.9981354211,0.2645154015,16.3525927302,0
244857,8436219198.693737030029,8436219198.732346534729,3.860950469971e-02,8436219198.713041305542,21.2689132160,5387.8973346448,1.9266611580e-02,0.9980242808,0.3066495617,15.8846669520,0
245041,8436219253.622407913208,8436219253.649637222290,2.722930908203e-02,8436219253.636022567749,17.3457618507,10807.2289659711,1.3603724293e-02,0.9991971704,0.3395613942,24.9408747910,0
245567,8436219410.842602729797,8436219410.879576683044,3.697395324707e-02,8436219410.861089706421,20.0021690328,5871.9198940474,1.8455462648e-02,0.9982953419,0.3162106197,17.1045069262,0
245608,8436219423.049419403076,8436219423.088312149048,3.889274597168e-02,8436219423.068865776062,23.2874333318,5312.0342013458,1.9403700677e-02,0.9978056418,0.2930584077,15.0700805687,0
246835,8436219789.943254470825,8436219789.970684051514,2.742958068848e-02,8436219789.956969261169,23.0020333435,10655.9000796723,1.3699979841e-02,0.9989201072,0.2948708784,21.5002104286,0
246867,8436219799.614640235901,8436219799.653311729431,3.867149353027e-02,8436219799.633975982666,40.5605989556,5389.9978358436,1.9262857080e-02,0.9962303145,0.2220561563,11.4842296487,0
246930,8436219818.401203155518,8436219818.443060874939,4.185771942139e-02,8436219818.422132492065,25.8421206852,4591.8731863747,2.0869884954e-02,0.9971821323,0.2781960265,13.2924598073,0
247153,8436219885.055342674255,8436219885.072533607483,1.719093322754e-02,8436219885.063938140869,23.0142841688,27093.1903273558,8.5918151328e-03,0.9995751853,0.2947923860,34.2962632790,0
247230,8436219908.135005950928,8436219908.157498359680,2.249240875244e-02,8436219908.146251678467,23.2342509230,15836.3719371732,1.1237951443e-02,0.9992661583,0.2933936163,26.0882344385,0
247535,8436219999.331167221069,8436219999.364926338196,3.375911712646e-02,8436219999.348047256470,25.9235025357,7045.4501373423,1.6848476054e-02,0.9981585710,0.2777590118,16.4553480925,0
247615,8436220023.041627883911,8436220023.077749252319,3.612136840820e-02,8436220023.059688568115,21.1245156713,6152.5520213445,1.8029652264e-02,0.9982817960,0.3076958350,17.0367762083,0
247619,8436220024.157799720764,8436220024.200409889221,4.261016845703e-02,8436220024.179104804993,48.6388707186,4454.8315508496,2.1188458124e-02,0.9945259027,0.2027791304,9.5178750869,0
248035,8436220148.546559333801,8436220148.585481643677,3.892230987549e-02,8436220148.566020965576,26.0167513333,5306.7323094738,1.9413391258e-02,0.9975456914,0.2772607954,14.2468828959,0
248141,8436220180.404788017273,8436220180.447823524475,4.303550720215e-02,8436220180.426305770874,18.7648249185,4338.2912524338,2.1471166774e-02,0.9978349586,0.3264695943,15.1721039436,0
248481,8436220281.985584259033,8436220282.007733345032,2.214908599854e-02,8436220281.996658325195,20.9288991592,16328.0902455296,1.1067443200e-02,0.9993589082,0.3091304635,27.9136090361,0
248890,8436220404.418738365173,8436220404.463374137878,4.463577270508e-02,8436220404.441056251526,19.5334605757,4034.8877638991,2.2263798794e-02,0.9975764928,0.3199818925,14.3374640164,0
248958,8436220424.645594596863,8436220424.685324668884,3.973007202148e-02,8436220424.665459632874,27.4149890580,5095.5862549097,1.9811525561e-02,0.9973062999,0.2700977456,13.5966401219,0
249168,8436220487.386268615723,8436220487.429869651794,4.360103607178e-02,8436220487.408069610596,19.6249188513,4227.8248829355,2.1749861842e-02,0.9976763766,0.3192354138,14.6434783465,0
249175,8436220489.513811111450,8436220489.548863410950,3.505229949951e-02,8436220489.531337738037,20.4045207244,6531.5434098079,1.7498752518e-02,0.9984367798,0.3130774578,17.8634476085,0
249807,8436220678.557610511780,8436220678.577056884766,1.944637298584e-02,8436220678.567333221436,21.7026482426,21176.6897202988,9.7182028767e-03,0.9994874503,0.3035698473,31.2212305597,0
249853,8436220692.036151885986,8436220692.056208610535,2.005672454834e-02,8436220692.046180725098,19.5467896823,19906.5785253980,1.0023437509e-02,0.9995089164,0.3198727748,31.8968108740,0
249911,8436220709.502813339233,8436220709.539581298828,3.676795959473e-02,8436220709.521197319031,31.7415435153,5949.4140575727,1.8334872751e-02,0.9973288131,0.2510157528,13.6540485556,0
250066,8436220755.790548324585,8436220755.819763183594,2.921485900879e-02,8436220755.805155754089,23.5323188814,9396.6139100970,1.4589127051e-02,0.9987470449,0.2915295857,19.9576240031,0
250425,8436220863.131266593933,8436220863.175475120544,4.420852661133e-02,8436220863.153370857239,23.1245964764,4116.4654048001,2.2042089571e-02,0.9971872515,0.2940884147,13.3046014995,0
250898,8436221004.654006004333,8436221004.692801475525,3.879547119141e-02,8436221004.673403739929,16.9367135075,5332.2384704439,1.9366904718e-02,0.9984105940,0.3436374022,17.7153359198,0
251204,8436221096.078503608704,8436221096.107734680176,2.923107147217e-02,8436221096.093118667603,30.4906242513,9393.1778923503,1.4591795153e-02,0.9983756611,0.2561131277,17.5233486003,0
251657,8436221231.524279594421,8436221231.567880630493,4.360103607178e-02,8436221231.546079635620,22.1330118978,4230.3329759820,2.1743413323e-02,0.9973805800,0.3006039888,13.7888461331,0
251716,8436221249.209757804871,8436221249.245553016663,3.579521179199e-02,8436221249.227655410767,35.2058487674,6278.8783392009,1.7847359172e-02,0.9971925449,0.2383458466,13.3171915822,0
252066,8436221353.780169487000,8436221353.822239875793,4.207038879395e-02,8436221353.801204681396,27.8937427617,4547.8781420371,2.0970587042e-02,0.9969286067,0.2677698049,12.7296092351,0
252134,8436221374.030816078186,8436221374.075113296509,4.429721832275e-02,8436221374.052965164185,24.7619323018,4101.7278091309,2.2081652915e-02,0.9969769548,0.2841991220,12.8314658459,0
252391,8436221450.917150497437,8436221450.957392692566,4.024219512939e-02,8436221450.937271118164,29.4663764474,4969.4631110902,2.0061354960e-02,0.9970308476,0.2605263358,12.9479187204,0
252921,8436221609.148894309998,8436221609.191067695618,4.217338562012e-02,8436221609.169981002808,20.2808612879,4518.2145971239,2.1039313777e-02,0.9977531312,0.3140304782,14.8923532486,0
253200,8436221692.880644798279,8436221692.909464836121,2.882003784180e-02,8436221692.895054817200,24.3734534907,9656.0279104905,1.4391820763e-02,0.9987371177,0.2864550371,19.8788800086,0
253885,8436221897.469076156616,8436221897.502695083618,3.361892700195e-02,8436221897.485885620117,21.3812192656,7099.5724321296,1.6784132551e-02,0.9984930542,0.3058431544,18.1947005238,0
254014,8436221935.981019020081,8436221936.015585899353,3.456687927246e-02,8436221935.998302459717,20.1327125725,6715.4265439499,1.7257512489e-02,0.9984998850,0.3151837738,18.2361717597,0
254142,8436221974.453423500061,8436221974.471283912659,1.786041259766e-02,8436221974.462353706360,30.1605747398,25108.9755975461,8.9248412634e-03,0.9993992260,0.2575106477,28.8359125310,0
254326,8436222029.466335296631,8436222029.504519462585,3.818416595459e-02,8436222029.485427856445,21.5585380307,5508.4120965315,1.9054685548e-02,0.9980412075,0.3045827789,15.9533550766,0
254413,8436222055.426460266113,8436222055.461799621582,3.533935546875e-02,8436222055.444129943848,19.1354466156,6424.9260509868,1.7643345190e-02,0.9985097326,0.3232925497,18.2964598750,0
254653,8436222127.085396766663,8436222127.091825485229,6.428718566895e-03,8436222127.088611602783,16.2591650850,193587.6449824250,3.2142242958e-03,0.9999580048,0.3507243165,109.1117344276,0
254707,8436222143.262320518494,8436222143.298821449280,3.650093078613e-02,8436222143.280570983887,93.5445457320,6098.1172608888,1.8109944203e-02,0.9923004051,0.1462196576,8.0118317247,0
255413,8436222354.448465347290,8436222354.467366218567,1.890087127686e-02,8436222354.457916259766,57.2515902412,22450.9764639234,9.4383783045e-03,0.9987241505,0.1869051296,19.7774088656,0
255593,8436222408.042380332947,8436222408.085268974304,4.288864135742e-02,8436222408.063824653625,25.1421986578,4374.3024437363,2.1382604057e-02,0.9971220062,0.2820417307,13.1522809680,0
255714,8436222444.187376022339,8436222444.227983474731,4.060745239258e-02,8436222444.207679748535,20.1006836650,4871.6282049313,2.0261795592e-02,0.9979348321,0.3154347845,15.5358076377,0
255818,8436222475.405416488647,8436222475.446278572083,4.086208343506e-02,8436222475.425848007202,23.9885711529,4815.2401406235,2.0380086478e-02,0.9975059891,0.2887438930,14.1326074792,0
257123,8436222865.433382034302,8436222865.466617584229,3.323554992676e-02,8436222865.449999809265,30.6321356488,7273.0611743928,1.6582743287e-02,0.9978919153,0.2555208595,15.3763581477,0
257136,8436222869.160204887390,8436222869.188907623291,2.870273590088e-02,8436222869.174556732178,39.4388357526,9749.9791812228,1.4322312772e-02,0.9979754419,0.2251919984,15.6913263691,0
257339,8436222929.989305496216,8436222930.005160331726,1.585483551025e-02,8436222929.997232437134,23.8796675165,31848.7399434684,7.9244452734e-03,0.9996250378,0.2894015548,36.5064089866,0
257536,8436222989.047956466675,8436222989.061616897583,1.366043090820e-02,8436222989.054786682129,19.2701245425,42890.0307415038,6.8286809030e-03,0.9997753290,0.3221608312,47.1670086163,0
257568,8436222998.462364196777,8436222998.505146026611,4.278182983398e-02,8436222998.483755111694,23.2321154288,4394.1361864327,2.1334292320e-02,0.9973529605,0.2934071004,13.7164352949,0
257856,8436223084.466707229614,8436223084.496828079224,3.012084960938e-02,8436223084.481767654419,37.3746291636,8855.0793518554,1.5028608433e-02,0.9978874187,0.2313271204,15.3599332959,0
258010,8436223130.603513717651,8436223130.626202583313,2.268886566162e-02,8436223130.614858627319,33.7864481940,15574.2661193335,1.1332120976e-02,0.9989147228,0.2433009073,21.4467228886,0
258169,8436223178.226808547974,8436223178.248750686646,2.194213867188e-02,8436223178.237779617310,18.7080473191,16634.9220209070,1.0964898432e-02,0.9994375294,0.3269646250,29.8024390332,0
258745,8436223350.418547630310,8436223350.457929611206,3.938198089600e-02,8436223350.438238143921,20.2018358730,5178.3625882047,1.9652543653e-02,0.9980474931,0.3146440899,15.9790890528,0
259000,8436223426.762552261353,8436223426.802585601807,4.003334045410e-02,8436223426.782568931580,27.9109535984,5019.5862496212,1.9960942213e-02,0.9972159198,0.2676872342,13.3732149821,0
259383,8436223541.030397415161,8436223541.066466331482,3.606891632080e-02,8436223541.048431396484,23.2005679877,6172.4739114120,1.8000533061e-02,0.9981188734,0.2936065157,16.2803070155,0
259402,8436223546.933983802795,8436223546.964130401611,3.014659881592e-02,8436223546.949056625366,47.2948194293,8849.9429888735,1.5032968981e-02,0.9973243796,0.2056402921,13.6426860829,0
259457,8436223563.225803375244,8436223563.249333381653,2.353000640869e-02,8436223563.237567901611,25.6117649717,14474.8814211829,1.1754590134e-02,0.9991149114,0.2794442926,23.7521645947,0
259614,8436223610.120739936829,8436223610.157555580139,3.681564331055e-02,8436223610.139147758484,29.5865541943,5931.9398261479,1.8361858207e-02,0.9975030480,0.2599966809,14.1242503216,0
259899,8436223695.470348358154,8436223695.500006675720,2.965831756592e-02,8436223695.485177993774,18.8462542108,9113.7260782802,1.4813818256e-02,0.9989655160,0.3257635397,21.9677693467,0
260246,8436223799.063553810120,8436223799.104529380798,4.097557067871e-02,8436223799.084041595459,27.2025244752,4791.9508415320,2.0429550949e-02,0.9971576044,0.2711504896,13.2347389003,0
260377,8436223838.126290321350,8436223838.160477638245,3.418731689453e-02,8436223838.143383979797,43.8835870307,6888.6708027195,1.7039124739e-02,0.9968097111,0.2134833151,12.4890359618,0
260592,8436223902.464348793030,8436223902.484894752502,2.054595947266e-02,8436223902.474621772766,22.6255697601,18973.8438017872,1.0266852845e-02,0.9994035916,0.2973139149,28.9413512496,0
260715,8436223939.346644401550,8436223939.390268325806,4.362392425537e-02,8436223939.368455886841,16.3285910682,4220.1138773167,2.1769723482e-02,0.9980635100,0.3499779166,16.0452285094,0
261306,8436224115.925832748413,8436224115.963495254517,3.766250610352e-02,8436224115.944664001465,18.5765033854,5658.4784930099,1.8800316607e-02,0.9983571754,0.3281202338,17.4242379346,0
261475,8436224166.455498695374,8436224166.499511718750,4.401302337646e-02,8436224166.477504730225,23.7095684491,4153.4958951501,2.1943611466e-02,0.9971417450,0.2904378233,13.1978128743,0
262049,8436224337.943486213684,8436224337.981256484985,3.777027130127e-02,8436224337.962371826172,16.1102289955,5623.8748749590,1.8858066942e-02,0.9985666659,0.3523417775,18.6570954039,0
262083,8436224348.291510581970,8436224348.331763267517,4.025268554688e-02,8436224348.311636924744,22.6422573794,4960.0644619236,2.0080352737e-02,0.9977149333,0.2972043327,14.7669318809,0
262227,8436224391.339978218079,8436224391.371004104614,3.102588653564e-02,8436224391.355491638184,21.9126341119,8332.6888299298,1.5492532496e-02,0.9986842747,0.3021118110,19.4748221399,0
262304,8436224414.438258171082,8436224414.458210945129,1.995277404785e-02,8436224414.448234558105,48.3090834731,20143.0965877471,9.9644166840e-03,0.9988001328,0.2034701001,20.3951690766,0
262346,8436224426.852384567261,8436224426.893509864807,4.112529754639e-02,8436224426.872947692871,21.9892541627,4752.1062270825,2.0515019200e-02,0.9976836849,0.3015850077,14.6666419813,0
262804,8436224563.664959907532,8436224563.704977989197,4.001808166504e-02,8436224563.684968948364,34.6765353453,5030.1591823636,1.9939953144e-02,0.9965471764,0.2401580498,12.0024768725,0
262867,8436224582.569662094116,8436224582.612682342529,4.302024841309e-02,8436224582.591172218323,23.6497936606,4346.2409376260,2.1451521390e-02,0.9972755705,0.2908046320,13.5194306297,0
262891,8436224589.823994636536,8436224589.858405113220,3.441047668457e-02,8436224589.841199874878,25.7194099175,6782.0144922583,1.7172583671e-02,0.9981020506,0.2788588922,16.2077901279,0
263336,8436224722.849183082581,8436224722.892162322998,4.297924041748e-02,8436224722.870672225952,85.4609214788,4416.3046712266,2.1280679177e-02,0.9902771185,0.1529787867,7.1187291927,0
263459,8436224759.612888336182,8436224759.656048774719,4.316043853760e-02,8436224759.634468078613,23.6402812075,4318.1964720089,2.1521066958e-02,0.9972589569,0.2908631336,13.4782288352,0
264033,8436224931.195505142212,8436224931.235051155090,3.954601287842e-02,8436224931.215278625488,32.3663121159,5147.8249811640,1.9710748260e-02,0.9968513549,0.2485812622,12.5717484084,0
264060,8436224939.261564254761,8436224939.305558204651,4.399394989014e-02,8436224939.283561706543,15.7362868426,4149.1043104996,2.1955221410e-02,0.9981018511,0.3565035560,16.2069355855,0
264245,8436224994.497808456421,8436224994.538856506348,4.104804992676e-02,8436224994.518332481384,16.1385829602,4764.0753591700,2.0489232307e-02,0.9983047840,0.3520321259,17.1521973157,0
264410,8436225043.796354293823,8436225043.835099220276,3.874492645264e-02,8436225043.815727233887,25.5412793075,5354.7202482615,1.9326206007e-02,0.9976122180,0.2798296148,14.4447100785,0
264539,8436225082.537936210632,8436225082.574035644531,3.609943389893e-02,8436225082.555986404419,15.8812273235,6154.7620749422,1.8026414927e-02,0.9987090090,0.3548730072,19.6608627244,0
265331,8436225319.217972755432,8436225319.244780540466,2.680778503418e-02,8436225319.231376647949,37.3095096644,11169.1794177616,1.3381486619e-02,0.9983284037,0.2315289100,17.2732592171,0
265863,8436225478.129171371460,8436225478.171686172485,4.251480102539e-02,8436225478.150428771973,24.8993229133,4450.8817499000,2.1197857568e-02,0.9971989546,0.2834139540,13.3324840833,0
265929,8436225497.753860473633,8436225497.797986030579,4.412555694580e-02,8436225497.775922775269,20.1995862799,4128.9483549525,2.2008744690e-02,0.9975509076,0.3146616101,14.2621025946,0
266445,8436225652.112913131714,8436225652.151566505432,3.865337371826e-02,8436225652.132240295410,34.3254436615,5388.7792422226,1.9265034964e-02,0.9968100122,0.2413831321,12.4896281415,0
266519,8436225674.368309974670,8436225674.383709907532,1.539993286133e-02,8436225674.376009941101,25.6145410649,33758.4099320265,7.6970446619e-03,0.9996205479,0.2794291491,36.2896580973,0
266760,8436225746.586395263672,8436225746.622030258179,3.563499450684e-02,8436225746.604212760925,26.3020451554,6326.2446754649,1.7780419591e-02,0.9979190308,0.2757529951,15.4765280009,0
266836,8436225769.049415588379,8436225769.092835426331,4.341983795166e-02,8436225769.071125030518,62.6644012337,4306.0606725786,2.1551372104e-02,0.9926970307,0.1786506294,8.2289864664,0
268284,8436226202.028409957886,8436226202.046291351318,1.788139343262e-02,8436226202.037350654602,24.0831601286,25044.0810899647,8.9363968576e-03,0.9995190689,0.2881763001,32.2319735552,0
268618,8436226301.794232368469,8436226301.838790893555,4.455852508545e-02,8436226301.816511154175,28.8282032707,4058.1167840726,2.2199987369e-02,0.9964417505,0.2633942015,11.8223931799,0
269038,8436226427.526702880859,8436226427.566116333008,3.941345214844e-02,8436226427.546409606934,22.5184257746,5172.4449860037,1.9663782313e-02,0.9978208576,0.2980203940,15.1227754892,0
269189,8436226472.616823196411,8436226472.647203445435,3.038024902344e-02,8436226472.632013320923,24.1383770391,8691.9073676324,1.5169017529e-02,0.9986104800,0.2878465075,18.9495818368,0
269406,8436226537.283489227295,8436226537.305384635925,2.189540863037e-02,8436226537.294437408447,34.6480047036,16721.8636184011,1.0936356513e-02,0.9989634537,0.2402569077,21.9458710931,0
269574,8436226587.713809967041,8436226587.751779556274,3.796958923340e-02,8436226587.732794761658,22.9183901809,5571.9626565283,1.8945710609e-02,0.9979412994,0.2954084700,15.5602668345,0
269713,8436226629.019729614258,8436226629.035939216614,1.620960235596e-02,8436226629.027833938599,34.9745942675,30482.0277001545,8.1001501834e-03,0.9994261433,0.2391325282,29.5050455773,0
269765,8436226644.706176757812,8436226644.737840652466,3.166389465332e-02,8436226644.722008705139,20.4815135609,7999.7177486086,1.5811667232e-02,0.9987190398,0.3124884531,19.7378406231,0
269941,8436226697.452978134155,8436226697.482953071594,2.997493743896e-02,8436226697.467966079712,29.4885360962,8933.2479450761,1.4962711551e-02,0.9983481421,0.2604284290,17.3764118475,0
270344,8436226817.779078483582,8436226817.823224067688,4.414558410645e-02,8436226817.801151275635,22.8543424155,4127.8759928193,2.2011603280e-02,0.9972278644,0.2958221117,13.4021156435,0
270496,8436226863.248867988586,8436226863.288760185242,3.989219665527e-02,8436226863.268814086914,22.6639949020,5049.7241760560,1.9901287302e-02,0.9977533939,0.2970617710,14.8932270441,0
270712,8436226927.763685226440,8436226927.788136482239,2.445125579834e-02,8436226927.775911331177,28.5154305017,13409.4870272817,1.2212622011e-02,0.9989361783,0.2648347875,21.6622646891,0
271072,8436227035.357140541077,8436227035.389042854309,3.190231323242e-02,8436227035.373091697693,23.8368995759,7884.2548241475,1.5927025360e-02,0.9984871783,0.2896610592,18.1592511546,0
271489,8436227160.080862998962,8436227160.114632606506,3.376960754395e-02,8436227160.097747802734,136.4291142126,7151.5952407039,1.6722974768e-02,0.9904157012,0.1210769488,7.1707643438,0
272595,8436227490.803553581238,8436227490.837842941284,3.428936004639e-02,8436227490.820697784424,30.9713328450,6835.0797859905,1.7105792659e-02,0.9977318116,0.2541177785,14.8219609903,0
272902,8436227582.486152648926,8436227582.521357536316,3.520488739014e-02,8436227582.503755569458,24.3359079492,6479.1548981531,1.7569354931e-02,0.9981202176,0.2866759239,16.2861434965,0
272964,8436227601.069200515747,8436227601.101395606995,3.219509124756e-02,8436227601.085298538208,25.8321763982,7743.9368883249,1.6070674149e-02,0.9983307099,0.2782495682,17.2852169315,0
273590,8436227788.110525131226,8436227788.135686874390,2.516174316406e-02,8436227788.123106002808,29.5730708458,12665.5416395540,1.2566175312e-02,0.9988318560,0.2600559448,20.6707415348,0
274855,8436228166.482768058777,8436228166.510831832886,2.806377410889e-02,8436228166.496799468994,24.9129761194,10182.6703475849,1.4014711297e-02,0.9987759482,0.2833362828,20.1923149560,0
274950,8436228194.849537849426,8436228194.859571456909,1.003360748291e-02,8436228194.854555130005,18.5995061916,79483.5783947400,5.0162167301e-03,0.9998829910,0.3279172708,65.3637829445,0
275752,8436228434.604775428772,8436228434.632828712463,2.805328369141e-02,8436228434.618802070618,21.0710757730,10186.4267762149,1.4012126970e-02,0.9989651924,0.3080857728,21.9643287560,0
276015,8436228513.160015106201,8436228513.170688629150,1.067352294922e-02,8436228513.165351867676,30.1412569168,70252.3378897613,5.3356165024e-03,0.9997854556,0.2575931550,48.2676912311,0
276067,8436228528.695960044861,8436228528.737998962402,4.203891754150e-02,8436228528.716979980469,30.0480599416,4556.8025105861,2.0950041827e-02,0.9966974914,0.2579923208,12.2739754463,0
276366,8436228618.163726806641,8436228618.203733444214,4.000663757324e-02,8436228618.183730125427,20.2875915984,5018.6286112344,1.9962846563e-02,0.9979767246,0.3139783848,15.6963146043,0
276423,8436228635.142161369324,8436228635.182189941406,4.002857208252e-02,8436228635.162176132202,28.8230574093,5021.6876829083,1.9956765233e-02,0.9971260125,0.2634177127,13.1614843617,0
276666,8436228707.753470420837,8436228707.793023109436,3.955268859863e-02,8436228707.773246765137,13.4648537275,5127.1968897612,1.9750359278e-02,0.9986860554,0.3854021898,19.4880400505,0
276982,8436228802.347649574280,8436228802.380895614624,3.324604034424e-02,8436228802.364273071289,24.4084308205,7262.2676551327,1.6595061733e-02,0.9983180891,0.2862497181,17.2200788537,0
277052,8436228823.115691184998,8436228823.149477005005,3.378582000732e-02,8436228823.132583618164,31.9168043372,7040.3519510322,1.6854575261e-02,0.9977307200,0.2503256181,14.8183834558,0
277664,8436229005.978811264038,8436229006.018078804016,3.926753997803e-02,8436229005.998445510864,30.3217540028,5218.5921002019,1.9576647529e-02,0.9970906016,0.2568253199,13.0807949816,0
278318,8436229201.566965103149,8436229201.600986480713,3.402137756348e-02,8436229201.583975791931,66.1622769196,6977.8832544929,1.6929851483e-02,0.9952478527,0.1738640438,10.2208703049,0
278367,8436229216.225385665894,8436229216.258290290833,3.290462493896e-02,8436229216.241838455200,41.5564173496,7430.3936082002,1.6406241035e-02,0.9971996985,0.2193794525,13.3342624553,0
278871,8436229366.875087738037,8436229366.917673110962,4.258537292480e-02,8436229366.896380424500,19.8535059252,4431.1787323689,2.1244932911e-02,0.9977572792,0.3173923047,14.9061653292,0
279084,8436229430.521709442139,8436229430.561721801758,4.001235961914e-02,8436229430.541715621948,27.3699618015,5024.2814885533,1.9951613187e-02,0.9972725117,0.2703198278,13.5118163697,0
279667,8436229604.757939338684,8436229604.802336692810,4.439735412598e-02,8436229604.780138015747,18.4545451628,4077.0504146902,2.2148379534e-02,0.9977342105,0.3292026518,14.8298320149,0
279974,8436229696.762862205505,8436229696.801903724670,3.904151916504e-02,8436229696.782382965088,19.6352543481,5268.1517950998,1.9484347107e-02,0.9981346794,0.3191513841,16.3493322432,0
280107,8436229736.435773849487,8436229736.475494384766,3.972053527832e-02,8436229736.455634117126,28.6505374669,5099.2557911648,1.9804395874e-02,0.9971867567,0.2642096107,13.3034264927,0
280430,8436229833.063801765442,8436229833.099020957947,3.521919250488e-02,8436229833.081411361694,34.5384833348,6484.1149811741,1.7562633726e-02,0.9973331287,0.2406375329,13.6651362972,0
280755,8436229930.004696846008,8436229930.044137954712,3.944110870361e-02,8436229930.024417877197,30.7996141894,5173.5063321653,1.9661765194e-02,0.9970188892,0.2548251917,12.9218067195,0
280847,8436229957.659836769104,8436229957.696078300476,3.624153137207e-02,8436229957.677957534790,22.7266710213,6113.5626757110,1.8087053091e-02,0.9981395601,0.2966518664,16.3708240363,0
280987,8436229999.350282669067,8436229999.386645317078,3.636264801025e-02,8436229999.368463516235,20.5852058357,6070.9140938323,1.8150473288e-02,0.9983031645,0.3117004224,17.1439892025,0
281097,8436230032.490411758423,8436230032.533879280090,4.346752166748e-02,8436230032.512145996094,26.8730377121,4260.9644344961,2.1665117223e-02,0.9968416138,0.2728076955,12.5522544227,0
281669,8436230203.333453178406,8436230203.353778839111,2.032566070557e-02,8436230203.343616485596,15.5441705484,19379.7925095462,1.0158753827e-02,0.9995988789,0.3586998718,35.2952730091,0
282153,8436230347.851462364197,8436230347.876085281372,2.462291717529e-02,8436230347.863773345947,20.9509721443,13215.9990966776,1.2301696203e-02,0.9992070489,0.3089675778,25.0959360802,0
282441,8436230434.088853836060,8436230434.129998207092,4.114437103271e-02,8436230434.109426498413,26.4726169810,4752.2050820161,2.0514805823e-02,0.9972108120,0.2748631756,13.3609127428,0
282739,8436230523.366001129150,8436230523.404793739319,3.879261016846e-02,8436230523.385396957397,23.4075487326,5339.4933602104,1.9353743121e-02,0.9978056664,0.2923055287,15.0701655508,0
282775,8436230533.951523780823,8436230533.993974685669,4.245090484619e-02,8436230533.972749710083,29.2550073714,4468.5712467728,2.1155858543e-02,0.9967212063,0.2614658007,12.3185030632,0
282780,8436230535.514055252075,8436230535.551901817322,3.784656524658e-02,8436230535.532978057861,27.1140755471,5612.2924047878,1.8877516251e-02,0.9975814782,0.2715923900,14.3522873620,0
283078,8436230624.658202171326,8436230624.688690185547,3.048801422119e-02,8436230624.673446655273,23.5122239835,8630.1140298883,1.5223227260e-02,0.9986368511,0.2916541381,19.1323800853,0
283194,8436230659.435460090637,8436230659.466323852539,3.086376190186e-02,8436230659.450891494751,20.6331018469,8418.9501742488,1.5412959180e-02,0.9987738519,0.3113384342,20.1750152928,0
283894,8436230868.517794609070,8436230868.554142951965,3.634834289551e-02,8436230868.535968780518,25.9536701747,6081.0457838575,1.8135346644e-02,0.9978637374,0.2775975362,15.2742884034,0
284100,8436230930.302250862122,8436230930.341465950012,3.921508789062e-02,8436230930.321858406067,35.1418870582,5237.3006431332,1.9541650664e-02,0.9966393914,0.2385626545,12.1668810301,0
284178,8436230953.229408264160,8436230953.268624305725,3.921604156494e-02,8436230953.249015808105,32.5601772076,5234.4659192264,1.9546941336e-02,0.9968849765,0.2478401241,12.6397318151,0
284647,8436231093.799857139587,8436231093.844235420227,4.437828063965e-02,8436231093.822046279907,22.4149816792,4084.5003152958,2.2128171611e-02,0.9972523177,0.2987072776,13.4618679806,0
284653,8436231095.480031013489,8436231095.518394470215,3.836345672607e-02,8436231095.499212265015,28.8975880644,5464.5856081860,1.9130943136e-02,0.9973524165,0.2630777991,13.7150205708,0
284768,8436231129.811583518982,8436231129.853489875793,4.190635681152e-02,8436231129.832536697388,20.0692159609,4575.5075708559,2.0907175204e-02,0.9978044762,0.3156819820,15.0660666327,0
284870,8436231160.336027145386,8436231160.362822532654,2.679538726807e-02,8436231160.349424362183,24.7406527738,11166.9139944917,1.3382843896e-02,0.9988916199,0.2843213161,21.2216612687,0
285509,8436231351.378962516785,8436231351.422857284546,4.389476776123e-02,8436231351.400909423828,24.5105394777,4176.5787143378,2.1882889253e-02,0.9970613979,0.2856528509,13.0153485449,0
285574,8436231370.737351417542,8436231370.751586914062,1.423549652100e-02,8436231370.744468688965,22.6775202248,39499.7326298757,7.1157047523e-03,0.9997128996,0.2969731711,41.7229101381,0
285861,8436231456.671377182007,8436231456.690236091614,1.885890960693e-02,8436231456.680807113647,22.5833471873,22516.0725781737,9.4247248028e-03,0.9994983803,0.2975917191,31.5598012089,0
286163,8436231547.079445838928,8436231547.119592666626,4.014682769775e-02,8436231547.099519729614,41.0595148587,5004.5537155073,1.9990898785e-02,0.9958893358,0.2207029260,10.9947878179,0
286201,8436231558.261698722839,8436231558.300168991089,3.847026824951e-02,8436231558.280933380127,33.6401553688,5439.1860348798,1.9175559355e-02,0.9969028150,0.2438293615,12.6762496115,0
286631,8436231686.662746429443,8436231686.704535484314,4.178905487061e-02,8436231686.683641433716,23.0766058728,4604.1250990951,2.0842098313e-02,0.9974907725,0.2943940522,14.0895290929,0
286861,8436231755.470949172974,8436231755.484498023987,1.354885101318e-02,8436231755.477724075317,22.9131356092,43602.6950546391,6.7726452986e-03,0.9997372164,0.2954423405,43.6114236090,0
286983,8436231792.235232353210,8436231792.278444290161,4.321193695068e-02,8436231792.256837844849,22.6110559325,4306.9371548922,2.1549179088e-02,0.9973715880,0.2974093211,13.7651464912,0
287075,8436231819.495211601257,8436231819.523609161377,2.839756011963e-02,8436231819.509410858154,25.7332113872,9946.1046129556,1.4180400158e-02,0.9987055295,0.2787841021,19.6343700573,0
287183,8436231851.648032188416,8436231851.689146041870,4.111385345459e-02,8436231851.668588638306,24.0977329175,4756.8483401060,2.0504790915e-02,0.9974638324,0.2880891515,14.0142130847,0
288308,8436232187.966058731079,8436232187.997102737427,3.104400634766e-02,8436232187.981580734253,31.3247138905,8332.4020485214,1.5492799102e-02,0.9981185372,0.2526803334,16.2788482015,0
289052,8436232410.396813392639,8436232410.439606666565,4.279327392578e-02,8436232410.418210029602,29.1774651125,4397.7440501360,2.1325539308e-02,0.9966771575,0.2618130069,12.2361755910,0
289248,8436232468.992053031921,8436232469.027863502502,3.581047058105e-02,8436232469.009958267212,34.8125700349,6273.1653546633,1.7855484135e-02,0.9972214185,0.2396883660,13.3864963010,0
289830,8436232643.092637062073,8436232643.107069015503,1.443195343018e-02,8436232643.099853515625,22.3886999836,38431.9856031164,7.2138745615e-03,0.9997086807,0.2988825497,41.4195557358,0
290045,8436232707.295013427734,8436232707.327445983887,3.243255615234e-02,8436232707.311229705811,38.4867494081,7643.9842795117,1.6175402835e-02,0.9974793697,0.2279603850,14.0575034497,0
290350,8436232798.592853546143,8436232798.637669563293,4.481601715088e-02,8436232798.615261077881,17.3044630311,4000.4252056675,2.2359491384e-02,0.9978348280,0.3399663513,15.1716449995,0
290940,8436232975.044424057007,8436232975.077166557312,3.274250030518e-02,8436232975.060794830322,59.7262595612,7521.9163249362,1.6306124310e-02,0.9960219384,0.1829920992,11.1776496899,0
291366,8436233102.038251876831,8436233102.076405525208,3.815364837646e-02,8436233102.057329177856,24.7342237998,5520.3687223015,1.9034038988e-02,0.9977572158,0.2843582644,14.9059540303,0
291522,8436233148.779177665710,8436233148.821975708008,4.279804229736e-02,8436233148.800577163696,17.2527288837,4384.8459147892,2.1356881084e-02,0.9980307480,0.3404756824,15.9108063883,0
291754,8436233218.191774368286,8436233218.219634056091,2.785968780518e-02,8436233218.205703735352,31.6206116985,10338.7444996797,1.3908525671e-02,0.9984696001,0.2514952948,18.0544230472,0
292249,8436233366.083591461182,8436233366.123675346375,4.008388519287e-02,8436233366.103633880615,26.4545684255,5005.5490555308,1.9988911118e-02,0.9973539751,0.2749569219,13.7190754150,0
292491,8436233438.347287178040,8436233438.391701698303,4.441452026367e-02,8436233438.369494438171,43.4531885262,4098.9123833183,2.2089235241e-02,0.9946853016,0.2145379730,9.6607132845,0
292781,8436233525.220602035522,8436233525.255441665649,3.483963012695e-02,8436233525.238021850586,29.1490185317,6620.0215986086,1.7381421632e-02,0.9977959909,0.2619407277,15.0369407899,0
292845,8436233544.295399665833,8436233544.327042579651,3.164291381836e-02,8436233544.311221122742,22.1426693472,8011.9636780015,1.5799578897e-02,0.9986171936,0.3005384280,18.9956228237,0
293037,8436233601.688391685486,8436233601.726202011108,3.781032562256e-02,8436233601.707296371460,24.7829327234,5620.6727148645,1.8863438003e-02,0.9977929411,0.2840786849,15.0265135392,0
293411,8436233713.672985076904,8436233713.711795806885,3.881072998047e-02,8436233713.692390441895,22.0520642627,5333.1751250108,1.9365203958e-02,0.9979304161,0.3011552046,15.5191723924,0
294104,8436233920.884468078613,8436233920.924910545349,4.044246673584e-02,8436233920.904689788818,28.5588292237,4919.7508520492,2.0162456482e-02,0.9970933085,0.2646334862,13.0869112377,0
294280,8436233973.206642150879,8436233973.241244316101,3.460216522217e-02,8436233973.223943710327,29.3076190654,6710.9532096067,1.7263263219e-02,0.9978140448,0.2612310096,15.0991134737,0
294495,8436234037.468677520752,8436234037.509447097778,4.076957702637e-02,8436234037.489062309265,23.6854545062,4836.7044468569,2.0334814865e-02,0.9975484834,0.2905856317,14.2550231274,0
294525,8436234046.521468162537,8436234046.554558753967,3.309059143066e-02,8436234046.538013458252,25.7438519370,7331.7650536135,1.6516222621e-02,0.9982428181,0.2787264820,16.8462677747,0
294746,8436234112.660288810730,8436234112.689232826233,2.894401550293e-02,8436234112.674760818481,21.6267507979,9570.9462193897,1.4455647848e-02,0.9988695485,0.3041020584,21.0131215835,0
294852,8436234144.201335906982,8436234144.237952232361,3.661632537842e-02,8436234144.219644546509,33.6777859943,6000.4638909359,1.8256712837e-02,0.9971897861,0.2436930993,13.3106256182,0
294972,8436234180.090240478516,8436234180.112359046936,2.211856842041e-02,8436234180.101299285889,17.7436877590,16369.9349271042,1.1053288900e-02,0.9994578934,0.3357322450,30.3575022275,0
295228,8436234256.890434265137,8436234256.924654006958,3.421974182129e-02,8436234256.907544136047,26.8389114082,6858.6607122891,1.7076361422e-02,0.9980415113,0.2729810811,15.9545961836,0
295531,8436234347.563102722168,8436234347.598168373108,3.506565093994e-02,8436234347.580635070801,85.6475191844,6591.8290479708,1.7418551219e-02,0.9934822684,0.1528120507,8.7157686562,0
297738,8436235006.862113952637,8436235006.884862899780,2.274894714355e-02,8436235006.873488426208,45.2544323347,15503.7556218007,1.1357860774e-02,0.9985394666,0.2102250367,18.4821772559,0
297999,8436235085.173215866089,8436235085.185119628906,1.190376281738e-02,8436235085.179167747498,17.7388784490,56475.2146806687,5.9509465916e-03,0.9998429375,0.3357777533,56.4153971240,0
298012,8436235089.014636993408,8436235089.048810958862,3.417396545410e-02,8436235089.031723976135,22.8785017505,6873.0151476100,1.7058519933e-02,0.9983342411,0.2956658787,17.3035745053,0
298181,8436235139.399750709534,8436235139.436834335327,3.708362579346e-02,8436235139.418292999268,36.2022994885,5853.5578332286,1.8484386509e-02,0.9969028709,0.2350427823,12.6763646910,0
298898,8436235354.078306198120,8436235354.101631164551,2.332496643066e-02,8436235354.089968681335,37.2699633442,14741.6910916929,1.1647731333e-02,0.9987350993,0.2316517125,19.8629835672,0
298932,8436235364.156311988831,8436235364.189470291138,3.315830230713e-02,8436235364.172891616821,40.5668540511,7316.7800157011,1.6533126889e-02,0.9972239674,0.2220390359,13.3926661197,0
298966,8436235374.172330856323,8436235374.203820228577,3.148937225342e-02,8436235374.188076019287,23.1544696558,8091.0818605997,1.5722141487e-02,0.9985681112,0.2938986416,18.6665290909,0
299074,8436235406.412647247314,8436235406.446988105774,3.434085845947e-02,8436235406.429817199707,22.0108992206,6805.7274304048,1.7142640675e-02,0.9983816039,0.3014366851,17.5555707456,0
299146,8436235428.083417892456,8436235428.115108489990,3.169059753418e-02,8436235428.099263191223,24.2201123775,7990.0152106833,1.5821264633e-02,0.9984832010,0.2873604009,18.1353728407,0
299667,8436235583.853380203247,8436235583.895770072937,4.238986968994e-02,8436235583.874574661255,23.5390838877,4475.6484471860,2.1139125383e-02,0.9973668491,0.2914876907,13.7527052007,0
299800,8436235623.525855064392,8436235623.564570426941,3.871536254883e-02,8436235623.545212745667,30.4177735300,5367.7388069709,1.9302755529e-02,0.9971625865,0.2564196404,13.2464026425,0
299865,8436235642.981133460999,8436235643.021965026855,4.083156585693e-02,8436235643.001548767090,34.5923006994,4833.0085248961,2.0342588649e-02,0.9964148189,0.2404502728,11.7776660157,0
300265,8436235762.658258438110,8436235762.702369689941,4.411125183105e-02,8436235762.680314064026,31.5750005005,4142.9891051406,2.1971418795e-02,0.9961820571,0.2516768761,11.4110058408,0
300806,8436235924.207441329956,8436235924.238715171814,3.127384185791e-02,8436235924.223077774048,22.3001897775,8201.8144803542,1.5615648584e-02,0.9986396078,0.2994750998,19.1517947289,0
300842,8436235935.089687347412,8436235935.121785163879,3.209781646729e-02,8436235935.105735778809,30.5333193890,7795.4894788563,1.6017447270e-02,0.9980396820,0.2559340019,15.9471284998,0
301088,8436236008.633134841919,8436236008.677312850952,4.417800903320e-02,8436236008.655223846436,23.7333292288,4122.7313410699,2.2025332859e-02,0.9971174954,0.2902924000,13.1419412666,0
301166,8436236031.928226470947,8436236031.967787742615,3.956127166748e-02,8436236031.948007583618,17.0258667123,5128.5392302406,1.9747774386e-02,0.9983387062,0.3427365204,17.3268707462,0
301658,8436236179.009965896606,8436236179.050393104553,4.042720794678e-02,8436236179.030179977417,19.0671240650,4913.9520930991,2.0174349430e-02,0.9980580136,0.3238712531,16.0224398144,0
301662,8436236180.130479812622,8436236180.168369293213,3.788948059082e-02,8436236180.149424552917,26.6886774381,5599.2221192273,1.8899536338e-02,0.9976139046,0.2737483256,14.4498325823,0
301826,8436236229.213169097900,8436236229.249936103821,3.676700592041e-02,8436236229.231552124023,31.2042683588,5949.1837753485,1.8335227603e-02,0.9973739848,0.2531675249,13.7714517982,0
302135,8436236321.400456428528,8436236321.433031082153,3.257465362549e-02,8436236321.416744232178,52.4286765235,7591.7173790260,1.6230988941e-02,0.9965409995,0.1953127300,11.9916995735,0
302263,8436236359.792577743530,8436236359.815507888794,2.293014526367e-02,8436236359.804042816162,21.3066894971,15236.4614789986,1.1457053440e-02,0.9993005547,0.3063775997,26.7226915626,0
302345,8436236384.319944381714,8436236384.354358673096,3.441429138184e-02,8436236384.337151527405,23.1314685197,6777.9288130947,1.7177758637e-02,0.9982921599,0.2940447267,17.0885242639,0
302632,8436236470.242068290710,8436236470.282420158386,4.035186767578e-02,8436236470.262244224548,27.8722581131,4941.0526000515,2.0118947587e-02,0.9971755334,0.2678729869,13.2768569243,0
302700,8436236490.495692253113,8436236490.510941505432,1.524925231934e-02,8436236490.503316879272,32.8207677908,34435.5491076499,7.6209917506e-03,0.9995233328,0.2468542619,32.3759167597,0
302739,8436236501.904361724854,8436236501.945249557495,4.088783264160e-02,8436236501.924805641174,27.1152880996,4812.3341543560,2.0386238930e-02,0.9971787504,0.2715863174,13.2844565161,0
302868,8436236540.734339714050,8436236540.773292541504,3.895282745361e-02,8436236540.753816604614,27.2474299438,5299.6918800874,1.9426281937e-02,0.9974260256,0.2709269610,13.9105158061,0
302910,8436236553.125103950500,8436236553.169919967651,4.481601715088e-02,8436236553.147512435913,20.8358890063,4003.9566316426,2.2349628851e-02,0.9973946938,0.3098196651,13.8262917961,0
302961,8436236568.462051391602,8436236568.506730079651,4.467868804932e-02,8436236568.484390258789,32.5581355179,4040.2023846732,2.2249150693e-02,0.9959625792,0.2478478949,11.0946809642,0
303141,8436236622.320315361023,8436236622.361841201782,4.152584075928e-02,8436236622.341077804565,21.6314238763,4660.9384902754,2.0714683973e-02,0.9976768005,0.3040692088,14.6448188996,0
303236,8436236650.567371368408,8436236650.607697486877,4.032611846924e-02,8436236650.587533950806,32.2096262189,4951.6663413975,2.0097373854e-02,0.9967422909,0.2491851489,12.3584990730,0
303407,8436236701.568818092346,8436236701.597887039185,2.906894683838e-02,8436236701.583353042603,27.1368987568,9494.5513979516,1.4513687668e-02,0.9985698999,0.2714781560,18.6782243975,0
303416,8436236704.660012245178,8436236704.701777458191,4.176521301270e-02,8436236704.680894851685,28.6222107124,4614.9024206644,2.0817747496e-02,0.9968941133,0.2643403195,12.6583968044,0
303769,8436236809.956043243408,8436236809.992603302002,3.656005859375e-02,8436236809.974323272705,26.6797638643,6011.8460482392,1.8239422039e-02,0.9977786000,0.2737940507,14.9777687050,0
303886,8436236844.875224113464,8436236844.886568069458,1.134395599365e-02,8436236844.880895614624,21.9784089391,62189.1230897272,5.6709756345e-03,0.9998232782,0.3016594070,53.1841638212,0
304561,8436237046.806489944458,8436237046.849143981934,4.265403747559e-02,8436237046.827816963196,22.4405371236,4419.5744758442,2.1272805508e-02,0.9974580024,0.2985371441,13.9980720144,0
305281,8436237261.997557640076,8436237262.023240089417,2.568244934082e-02,8436237262.010398864746,33.0998867124,12161.8795552097,1.2823738365e-02,0.9986382681,0.2458112437,19.1423520737,0
306125,8436237514.306231498718,8436237514.350521087646,4.428958892822e-02,8436237514.328376770020,23.0153403111,4101.3859472809,2.2082573179e-02,0.9971902523,0.2947856221,13.3117343935,0
306214,8436237540.941803932190,8436237540.976617813110,3.481388092041e-02,8436237540.959211349487,23.2187201815,6623.8444501878,1.7376405196e-02,0.9982457994,0.2934917238,16.8606151338,0
306407,8436237598.625062942505,8436237598.648730278015,2.366733551025e-02,8436237598.636896133423,29.5793577921,14311.6524760211,1.1821432503e-02,0.9989660643,0.2600283065,21.9736020872,0
306437,8436237607.727312088013,8436237607.754906654358,2.759456634521e-02,8436237607.741109848022,36.8842712887,10543.0159600739,1.3773127437e-02,0.9982492397,0.2328597324,16.8772162946,0
306615,8436237660.766434669495,8436237660.807055473328,4.062080383301e-02,8436237660.786745071411,30.0460141608,4878.3848129340,2.0247759343e-02,0.9969157394,0.2580011038,12.7029048899,0
307088,8436237802.318485260010,8436237802.361023902893,4.253864288330e-02,8436237802.339754104614,27.5570449159,4448.5795547407,2.1203341936e-02,0.9968979027,0.2694006727,12.6661620781,0
307550,8436237940.507458686829,8436237940.541007041931,3.354835510254e-02,8436237940.524232864380,27.7018954598,7135.7036185712,1.6741585925e-02,0.9980570358,0.2686954144,16.0183957527,0
307720,8436237991.360649108887,8436237991.380194664001,1.954555511475e-02,8436237991.370422363281,21.9483827454,20962.7820998166,9.7676600869e-03,0.9994763546,0.3018656770,30.8884219715,0
308001,8436238075.166838645935,8436238075.208718299866,4.187965393066e-02,8436238075.187778472900,43.4967244711,4604.7461163125,2.0840692835e-02,0.9952657617,0.2144305804,10.2403224599,0
308113,8436238108.723081588745,8436238108.767558097839,4.447650909424e-02,8436238108.745319366455,25.5736550486,4069.7361905816,2.2168273390e-02,0.9968531182,0.2796524293,12.5752868214,0
308164,8436238123.946512222290,8436238123.970715522766,2.420330047607e-02,8436238123.958614349365,22.5972649703,13679.1410689915,1.2091650442e-02,0.9991736833,0.2975000608,24.5834291133,0
308212,8436238138.180242538452,8436238138.222868919373,4.262638092041e-02,8436238138.201555252075,20.6931343569,4423.5347604631,2.1263280859e-02,0.9976582764,0.3108864968,14.5865771413,0
308594,8436238252.208217620850,8436238252.249556541443,4.133892059326e-02,8436238252.228887557983,25.2081028782,4706.5646750352,2.0614033732e-02,0.9973184320,0.2816728036,13.6274871031,0
308708,8436238286.388781547546,8436238286.432895660400,4.411411285400e-02,8436238286.410839080811,30.1899802378,4141.0708102451,2.1976507187e-02,0.9963481419,0.2573852075,11.6690642008,0
309026,8436238381.641272544861,8436238381.684984207153,4.371166229248e-02,8436238381.663127899170,20.5788354488,4207.5053846689,2.1802317388e-02,0.9975515112,0.3117486637,14.2638667742,0
309030,8436238382.813343048096,8436238382.852339744568,3.899669647217e-02,8436238382.832841873169,25.0355778454,5285.6243126849,1.9452116060e-02,0.9976289183,0.2826416683,14.4956723986,0
309177,8436238426.686659812927,8436238426.719260215759,3.260040283203e-02,8436238426.702960014343,23.2628871943,7550.6465812476,1.6275072293e-02,0.9984583550,0.2932129791,17.9883040467,0
309673,8436238574.900664329529,8436238574.917619705200,1.695537567139e-02,8436238574.909141540527,49.1426001806,27876.7042570040,8.4702120704e-03,0.9991181835,0.2017371736,23.7962493474,0
309934,8436238652.985178947449,8436238653.018275260925,3.309631347656e-02,8436238653.001727104187,20.4847421399,7323.9798754796,1.6524998422e-02,0.9986005501,0.3124638266,18.8820925235,0
309950,8436238657.716170310974,8436238657.749207496643,3.303718566895e-02,8436238657.732688903809,31.3808216187,7361.0419909388,1.6483345063e-02,0.9978661759,0.2524543409,15.2830415674,0
310180,8436238726.537059783936,8436238726.562254905701,2.519512176514e-02,8436238726.549657821655,26.3347801407,12628.8451599168,1.2584419256e-02,0.9989568118,0.2755815569,21.8757868662,0
310334,8436238772.631472587585,8436238772.667721748352,3.624916076660e-02,8436238772.649597167969,19.3883483331,6107.6607350137,1.8095789901e-02,0.9984115228,0.3211771137,17.7205268723,0
310399,8436238792.104621887207,8436238792.129240036011,2.461814880371e-02,8436238792.116930961609,27.2670990318,13227.4273046145,1.2296380856e-02,0.9989687652,0.2708292270,22.0024039266,0
310522,8436238828.761466979980,8436238828.793833732605,3.236675262451e-02,8436238828.777650833130,43.3967239971,7679.8505452895,1.6137587631e-02,0.9971706348,0.2146774979,13.2653096445,0
310855,8436238928.480226516724,8436238928.520739555359,4.051303863525e-02,8436238928.500482559204,20.8973015023,4895.0636911789,2.0213234964e-02,0.9978631890,0.3093640848,15.2723219605,0
310915,8436238946.281916618347,8436238946.323027610779,4.111099243164e-02,8436238946.302472114563,20.5784290017,4753.9877884342,2.0510959020e-02,0.9978333194,0.3117517424,15.1663447632,0
310945,8436238955.219705581665,8436238955.247309684753,2.760410308838e-02,8436238955.233507156372,20.1511016723,10519.0246686092,1.3788825039e-02,0.9990417000,0.3150399288,22.8255870395,0
311063,8436238990.597112655640,8436238990.638910293579,4.179763793945e-02,8436238990.618011474609,17.2239066503,4596.3911731115,2.0859625487e-02,0.9981246078,0.3407604368,16.3052485084,0
311862,8436239229.457484245300,8436239229.488509178162,3.102493286133e-02,8436239229.472996711731,39.0152587641,8350.3023917472,1.5476184421e-02,0.9976611064,0.2264111194,14.5954300985,0
312961,8436239557.968832015991,8436239557.999785423279,3.095340728760e-02,8436239557.984308242798,20.9392578894,8370.6813764752,1.5457334037e-02,0.9987484669,0.3090539901,19.9689802935,0
313242,8436239641.887756347656,8436239641.923556327820,3.579998016357e-02,8436239641.905656814575,20.1939536588,6262.2033053091,1.7871105404e-02,0.9983863299,0.3147054907,17.5813220720,0
313640,8436239760.954941749573,8436239760.985397338867,3.045558929443e-02,8436239760.970169067383,23.8204874389,8648.7583030234,1.5206809924e-02,0.9986219460,0.2897608292,19.0284171725,0
313679,8436239772.374422073364,8436239772.409615516663,3.519344329834e-02,8436239772.392019271851,130.4364166321,6589.4540043282,1.7421690029e-02,0.9900531688,0.1238270619,7.0369392846,0
313831,8436239817.915581703186,8436239817.941957473755,2.637577056885e-02,8436239817.928770065308,19.6017290758,11519.1207032547,1.3176659800e-02,0.9991488033,0.3194241933,24.2210321379,0
313928,8436239846.981542587280,8436239847.019501686096,3.795909881592e-02,8436239847.000522613525,40.4866357327,5592.5984056049,1.8910725061e-02,0.9963737629,0.2222588960,11.7104411268,0
314048,8436239882.769710540771,8436239882.790204048157,2.049350738525e-02,8436239882.779956817627,23.5204497977,19071.8721809525,1.0240433322e-02,0.9993831831,0.2916031335,28.4580992384,0
314333,8436239968.068248748779,8436239968.082619667053,1.437091827393e-02,8436239968.075433731079,23.4460957011,38759.9969279972,7.1832855500e-03,0.9996975020,0.2920651448,40.6466920548,0
314518,8436240023.456460952759,8436240023.491653442383,3.519248962402e-02,8436240023.474057197571,27.5954148058,6486.9630705255,1.7558777882e-02,0.9978707429,0.2692133142,15.2994753749,0
314632,8436240057.529513359070,8436240057.570652008057,4.113864898682e-02,8436240057.550083160400,26.6988708509,4753.7460479300,2.0511480532e-02,0.9971878531,0.2736960631,13.3060306981,0
314851,8436240123.147398948669,8436240123.188220024109,4.082107543945e-02,8436240123.167809486389,38.1296841677,4839.0124703979,2.0329964823e-02,0.9960523874,0.2290252647,11.2209324364,0
315095,8436240195.842496871948,8436240195.866312026978,2.381515502930e-02,8436240195.854404449463,23.6302517330,14128.9573261903,1.1897615817e-02,0.9991634153,0.2909248531,24.4319092415,0
315582,8436240341.529541969299,8436240341.573487281799,4.394531250000e-02,8436240341.551514625549,22.8164400574,4165.3389091932,2.1912393900e-02,0.9972573935,0.2960677175,13.4743707893,0
315761,8436240395.055042266846,8436240395.090694427490,3.565216064453e-02,8436240395.072868347168,20.5005899257,6314.3779694785,1.7797119254e-02,0.9983753541,0.3123430297,17.5216886739,0
316239,8436240537.888444900513,8436240537.916688919067,2.824401855469e-02,8436240537.902566909790,39.4144253296,10067.9382533245,1.4094339426e-02,0.9980406576,0.2252617213,15.9511098522,0
316583,8436240640.644866943359,8436240640.688876152039,4.400920867920e-02,8436240640.666872024536,26.8393363490,4157.3416299057,2.1933459686e-02,0.9967668288,0.2729789201,12.4055364000,0
316878,8436240728.780001640320,8436240728.808012008667,2.801036834717e-02,8436240728.794006347656,28.1738661540,10224.7025899580,1.3985875427e-02,0.9986213144,0.2664353063,19.0240487407,0
317354,8436240870.996804237366,8436240871.034296035767,3.749179840088e-02,8436240871.015550613403,19.3661806048,5710.7443120206,1.8714086817e-02,0.9983029684,0.3213608808,17.1429963064,0
317781,8436240998.814586639404,8436240998.858403205872,4.381656646729e-02,8436240998.836494445801,23.8413637874,4190.7435103804,2.1845875650e-02,0.9971514161,0.2896339389,13.2202937051,0
318610,8436241246.785990715027,8436241246.822863578796,3.687286376953e-02,8436241246.804427146912,21.6758388494,5905.7244132732,1.8402567073e-02,0.9981631581,0.3037575219,16.4759387153,0
318743,8436241286.442633628845,8436241286.468395233154,2.576160430908e-02,8436241286.455514907837,27.4627408215,12081.8232674763,1.2866154391e-02,0.9988628221,0.2698628227,20.9507777138,0
318945,8436241346.747961044312,8436241346.781657218933,3.369617462158e-02,8436241346.764808654785,23.9732900614,7069.7485568096,1.6819497392e-02,0.9983030763,0.2888359041,17.1435426934,0
319212,8436241426.582957267761,8436241426.623745918274,4.078865051270e-02,8436241426.603351593018,17.7148947199,4826.2336358044,2.0356861730e-02,0.9981630416,0.3360049767,16.4754152209,0
319387,8436241478.824552536011,8436241478.864792823792,4.024028778076e-02,8436241478.844673156738,20.2077022447,4960.6727496079,2.0079121553e-02,0.9979611310,0.3145984154,15.6359923232,0
319490,8436241509.859370231628,8436241509.891899108887,3.252887725830e-02,8436241509.875635147095,34.7474317868,7595.2704413777,1.6227192074e-02,0.9977099391,0.2399129232,14.7507656814,0
319586,8436241538.328473091125,8436241538.364822387695,3.634929656982e-02,8436241538.346647262573,23.9845922742,6078.7589826102,1.8138757541e-02,0.9980252303,0.2887678423,15.8884968654,0
319670,8436241563.642797470093,8436241563.680700302124,3.790283203125e-02,8436241563.661748886108,29.0639357417,5597.6721698247,1.8902152720e-02,0.9974005480,0.2623238547,13.8419131601,0
319836,8436241613.084931373596,8436241613.118017196655,3.308582305908e-02,8436241613.101474761963,28.3054235428,7336.4326834092,1.6510967759e-02,0.9980690358,0.2658154188,16.0682367414,0
320026,8436241670.007498741150,8436241670.045532226562,3.803348541260e-02,8436241670.026515960693,31.1492401048,5561.5644015648,1.8963413392e-02,0.9971956651,0.2533910491,13.3246294087,0
320042,8436241674.727768898010,8436241674.759279251099,3.151035308838e-02,8436241674.743524551392,47.5405376055,8104.7276173472,1.5708900394e-02,0.9970627971,0.2051081670,13.0184619935,0
320234,8436241732.130963325500,8436241732.168005943298,3.704261779785e-02,8436241732.149484634399,28.2331558225,5858.4760151410,1.8476626073e-02,0.9975874909,0.2661554020,14.3702263971,0
320261,8436241740.209165573120,8436241740.249682426453,4.051685333252e-02,8436241740.229423522949,25.1108743511,4898.3594931559,2.0206433704e-02,0.9974335143,0.2822175910,13.9308740807,0
320721,8436241877.657232284546,8436241877.689467430115,3.223514556885e-02,8436241877.673349380493,26.5062259867,7725.4423332905,1.6089899087e-02,0.9982830109,0.2746888617,17.0428181320,0
320981,8436241955.480130195618,8436241955.523228645325,4.309844970703e-02,8436241955.501679420471,22.9187337000,4329.8375949487,2.1492116911e-02,0.9973498841,0.2954062562,13.7084400093,0
321727,8436242178.430967330933,8436242178.471143722534,4.017639160156e-02,8436242178.451055526733,20.2927848439,4976.4848725028,2.0047196796e-02,0.9979590499,0.3139382062,15.6279941376,0
322039,8436242271.764772415161,8436242271.806120872498,4.134845733643e-02,8436242271.785446166992,31.8057520592,4711.0031265270,2.0604320732e-02,0.9966185952,0.2507622531,12.1292192857,0
322219,8436242325.806174278259,8436242325.820932388306,1.475811004639e-02,8436242325.813552856445,37.6395443022,36768.2797595976,7.3752771012e-03,0.9994880209,0.2305116182,31.2386365776,0
322374,8436242371.939743995667,8436242371.967698097229,2.795410156250e-02,8436242371.953721046448,23.2741037885,10260.8918456317,1.3961190171e-02,0.9988652392,0.2931423158,20.9731166064,0
322990,8436242556.029605865479,8436242556.066911697388,3.730583190918e-02,8436242556.048258781433,25.7413229578,5774.0029818037,1.8611290840e-02,0.9977684393,0.2787401736,14.9435173696,0
323319,8436242654.376811027527,8436242654.412255287170,3.544425964355e-02,8436242654.394533157349,26.1284744052,6394.0568277158,1.7685883175e-02,0.9979547240,0.2766673889,15.6114074168,0
323565,8436242727.900992393494,8436242727.928679466248,2.768707275391e-02,8436242727.914835929871,24.2428176339,10460.2868580143,1.3827485144e-02,0.9988405251,0.2872258019,20.7480078826,0
323875,8436242820.529412269592,8436242820.570717811584,4.130554199219e-02,8436242820.550065040588,25.6423872986,4714.5679325711,2.0596529531e-02,0.9972768078,0.2792773855,13.5225140279,0
324068,8436242878.268047332764,8436242878.290339469910,2.229213714600e-02,8436242878.279193878174,19.9304824192,16118.4735754819,1.1139175388e-02,0.9993815591,0.3167787876,28.4206745683,0
324909,8436243129.792922019958,8436243129.831937789917,3.901576995850e-02,8436243129.812429428101,28.1431357720,5283.5896811044,1.9455861059e-02,0.9973331850,0.2665807312,13.6652810653,0
325100,8436243186.834288597107,8436243186.869878768921,3.559017181396e-02,8436243186.852083206177,15.6916186113,6331.5126892803,1.7773021123e-02,0.9987600631,0.3570106123,20.0623146260,0
325905,8436243427.373720169067,8436243427.416506767273,4.278659820557e-02,8436243427.395112991333,33.4236218765,4403.3535124474,2.1311951603e-02,0.9961975243,0.2446179054,11.4343236274,0
325982,8436243450.505069732666,8436243450.543334960938,3.826522827148e-02,8436243450.524202346802,23.3892935519,5487.0204139901,1.9091792688e-02,0.9978663947,0.2924195777,15.2838276873,0
326158,8436243503.125275611877,8436243503.162726402283,3.745079040527e-02,8436243503.144001007080,13.5483061414,5717.3971911552,1.8703195603e-02,0.9988144656,0.3842133908,20.5183061114,0
326563,8436243624.091199874878,8436243624.131115913391,3.991603851318e-02,8436243624.111158370972,34.3611687309,5055.4178152425,1.9890077282e-02,0.9965957556,0.2412576173,12.0882545586,0
326739,8436243676.719792366028,8436243676.758523941040,3.873157501221e-02,8436243676.739158630371,27.7726885340,5360.6264101526,1.9315556584e-02,0.9974062030,0.2683527413,13.8570528654,0
327032,8436243764.209873199463,8436243764.226841926575,1.696872711182e-02,8436243764.218357086182,23.5960178642,27807.3839889688,8.4807630791e-03,0.9995756338,0.2911358182,34.3143968697,0
328677,8436244256.142239570618,8436244256.182378768921,4.013919830322e-02,8436244256.162309646606,23.3057764549,4988.6870130187,2.0022664442e-02,0.9976614027,0.2929430572,14.5963581525,0
328949,8436244337.482982635498,8436244337.501917839050,1.893520355225e-02,8436244337.492450714111,28.9432200155,22341.5355588133,9.4614672003e-03,0.9993520454,0.2628703327,27.7652502655,0
329143,8436244395.505322456360,8436244395.537362098694,3.203964233398e-02,8436244395.521342277527,34.4928613669,7827.6721627712,1.5984486298e-02,0.9977943031,0.2407966199,15.0311677887,0
329305,8436244443.801635742188,8436244443.844249725342,4.261398315430e-02,8436244443.822942733765,18.5546904175,4423.9585431447,2.1262262402e-02,0.9979007278,0.3283130469,15.4087002694,0
329348,8436244456.841733932495,8436244456.862457275391,2.072334289551e-02,8436244456.852095603943,19.9766033188,18648.1538211635,1.0356120055e-02,0.9994642377,0.3164128955,30.5368585620,0
329591,8436244529.361600875854,8436244529.403324127197,4.172325134277e-02,8436244529.382462501526,21.6950714338,4617.2048952812,2.0812556226e-02,0.9976478609,0.3036228522,14.5541319237,0
330190,8436244708.563282012939,8436244708.590826034546,2.754402160645e-02,8436244708.577054023743,31.7822972685,10576.5079810106,1.3751302860e-02,0.9984963747,0.2508547651,18.2148248880,0
330257,8436244728.610258102417,8436244728.650507926941,4.024982452393e-02,8436244728.630382537842,28.1665269057,4966.2906763879,2.0067761469e-02,0.9971601967,0.2664700161,13.2408038676,0
330643,8436244844.087250709534,8436244844.117742538452,3.049182891846e-02,8436244844.102497100830,31.2523862214,8635.7008593920,1.5218302162e-02,0.9981888724,0.2529725546,16.5928095227,0
330727,8436244868.725994110107,8436244868.770099639893,4.410552978516e-02,8436244868.748046875000,24.9660658814,4137.4470311345,2.1986129132e-02,0.9969783490,0.2830348685,12.8344391217,0
331182,8436245004.869756698608,8436245004.901176452637,3.141975402832e-02,8436245004.885466575623,19.9143140324,8123.6342862468,1.5690609567e-02,0.9987735456,0.3169073575,20.1724913088,0
331521,8436245106.419154167175,8436245106.457479476929,3.832530975342e-02,8436245106.438316345215,22.3390829988,5468.8532771913,1.9123477177e-02,0.9979555182,0.2992142873,15.6144484791,0
331866,8436245209.521216392517,8436245209.557562828064,3.634643554688e-02,8436245209.539389610291,25.9469267788,6081.6745621860,1.8134409122e-02,0.9978645141,0.2776336065,15.2770747579,0
332719,8436245464.349645614624,8436245464.390046119690,4.040050506592e-02,8436245464.369846343994,24.2994528920,4925.6571492238,2.0150364574e-02,0.9975303300,0.2868908849,14.2023415034,0
332818,8436245494.000422477722,8436245494.028185844421,2.776336669922e-02,8436245494.014304161072,24.6021446439,10403.3683346494,1.3865259759e-02,0.9988168877,0.2851205460,20.5393350971,0
332842,8436245501.055742263794,8436245501.086946487427,3.120422363281e-02,8436245501.071344375610,42.8182975715,8258.8711351323,1.5561614514e-02,0.9974043704,0.2161226579,13.8521413256,0
333285,8436245633.668725013733,8436245633.696267127991,2.754211425781e-02,8436245633.682496070862,27.4849466324,10573.6711692673,1.3753147405e-02,0.9986994663,0.2697537861,19.5884588618,0
334091,8436245874.603468894958,8436245874.638999938965,3.553104400635e-02,8436245874.621234893799,29.0522854688,6365.9113744734,1.7724937144e-02,0.9977155268,0.2623764468,14.7688565947,0
334103,8436245878.246836662292,8436245878.285286903381,3.845024108887e-02,8436245878.266061782837,25.5052626183,5436.6836648990,1.9179971864e-02,0.9976515788,0.2800271227,14.5656887843,0
334639,8436246038.545356750488,8436246038.583766937256,3.841018676758e-02,8436246038.564561843872,37.5540614103,5460.0239520085,1.9138933079e-02,0.9965550647,0.2307738215,12.0162821843,0
334663,8436246045.606424331665,8436246045.618438720703,1.201438903809e-02,8436246045.612431526184,24.8526799855,55447.4156536037,6.0058480937e-03,0.9997758645,0.2836797817,47.2233387413,0
334819,8436246092.182201385498,8436246092.220624923706,3.842353820801e-02,8436246092.201413154602,38.3489406901,5457.0510780474,1.9144145591e-02,0.9964800997,0.2283696109,11.8869641634,0
334998,8436246145.535651206970,8436246145.578065872192,4.241466522217e-02,8436246145.556858062744,28.1843133285,4475.0898089072,2.1140444770e-02,0.9968460041,0.2663859215,12.5610290748,0
335282,8436246230.698845863342,8436246230.740134239197,4.128837585449e-02,8436246230.719490051270,25.6985736307,4718.5238835408,2.0587893785e-02,0.9972731239,0.2789719180,13.5133393957,0
335448,8436246280.373359680176,8436246280.381034851074,7.675170898438e-03,8436246280.377197265625,26.7160655405,135831.1276398324,3.8372080312e-03,0.9999016522,0.2736079724,71.2969068758,0
336281,8436246529.564001083374,8436246529.584645271301,2.064418792725e-02,8436246529.574323654175,24.4213411077,18795.7225807480,1.0315386020e-02,0.9993501373,0.2861740455,27.7244177896,0
336343,8436246547.843470573425,8436246547.885083198547,4.161262512207e-02,8436246547.864276885986,18.2634932597,4638.2399132923,2.0765308779e-02,0.9980292624,0.3309200441,15.9047905821,0
336423,8436246571.763167381287,8436246571.793447494507,3.028011322021e-02,8436246571.778306961060,44.8597987890,8770.0519012472,1.5101285423e-02,0.9974391650,0.2111476913,13.9462947025,0
337211,8436246807.316824913025,8436246807.336214065552,1.938915252686e-02,8436246807.326519012451,38.9779275981,21319.0126781564,9.6857098264e-03,0.9990854229,0.2265195163,23.3655922784,0
337290,8436246830.877884864807,8436246830.920782089233,4.289722442627e-02,8436246830.899333953857,31.3179785854,4378.7379988442,2.1371771284e-02,0.9964174405,0.2527075030,11.7819978486,0
337410,8436246866.977226257324,8436246867.015931129456,3.870487213135e-02,8436246866.996578216553,20.1042551842,5360.3188940312,1.9316110633e-02,0.9981229530,0.3154067648,16.2980393640,0
337537,8436246904.717678070068,8436246904.747077941895,2.939987182617e-02,8436246904.732378005981,27.6582386993,9283.1417813441,1.4678021047e-02,0.9985091863,0.2689073901,18.2930994856,0
337604,8436246924.726427078247,8436246924.770668983459,4.424190521240e-02,8436246924.748548507690,31.8446213836,4119.0112629963,2.2035276685e-02,0.9961269335,0.2506091670,11.3290404567,0
337692,8436246951.045773506165,8436246951.080380439758,3.460693359375e-02,8436246951.063076972961,29.1084257500,6708.9128607384,1.7265888115e-02,0.9978282571,0.2621233071,15.1486005762,0
337737,8436246964.672575950623,8436246964.711612701416,3.903675079346e-02,8436246964.692094802856,17.9608841285,5267.7597245152,1.9485072187e-02,0.9982937509,0.3336961087,17.0965104377,0
337819,8436246988.949669837952,8436246988.981275558472,3.160572052002e-02,8436246988.965473175049,20.7674692992,8029.4042267244,1.5782410555e-02,0.9987059491,0.3103296055,19.6375592996,0
337896,8436247012.185502052307,8436247012.225028038025,3.952598571777e-02,8436247012.205265045166,41.0503912054,5161.6942094687,1.9684249523e-02,0.9960156169,0.2207274508,11.1687259325,0
338011,8436247046.520796775818,8436247046.563928604126,4.313182830811e-02,8436247046.542362213135,34.2735297015,4334.5289451138,2.1480483081e-02,0.9960386065,0.2415658739,11.2012814364,0
338264,8436247122.083612442017,8436247122.111666679382,2.805423736572e-02,8436247122.097639083862,25.0045710618,10189.6691620827,1.4009897441e-02,0.9987722894,0.2828168582,20.1621490902,0
338915,8436247316.644306182861,8436247316.683728218079,3.942203521729e-02,8436247316.664016723633,27.3159234912,5175.0002168217,1.9658927075e-02,0.9973572885,0.2705870787,13.7277072195,0
339288,8436247428.308382987976,8436247428.351492881775,4.310989379883e-02,8436247428.329937934875,27.2829507209,4331.9154582681,2.1486961797e-02,0.9968459629,0.2707505382,12.5609466556,0
339846,8436247595.218375205994,8436247595.258518218994,4.014301300049e-02,8436247595.238447189331,34.0850718204,4998.5226559361,2.0002955343e-02,0.9965846531,0.2422327676,12.0684896054,0
340875,8436247902.681032180786,8436247902.709144592285,2.811241149902e-02,8436247902.695088386536,21.8728522579,10144.5126791417,1.4041044094e-02,0.9989213550,0.3023864233,21.5126634234,0
341355,8436248046.258522987366,8436248046.285184860229,2.666187286377e-02,8436248046.271854400635,26.1585206925,11280.2043828267,1.3315470401e-02,0.9988398391,0.2765084500,20.7418624633,0
341664,8436248138.581756591797,8436248138.608277320862,2.652072906494e-02,8436248138.595016479492,32.9160145411,11407.0691053425,1.3241218787e-02,0.9985561675,0.2464968507,18.5889950566,0
342277,8436248321.880792617798,8436248321.916323661804,3.553104400635e-02,8436248321.898557662964,26.0090830981,6362.8681721028,1.7729175337e-02,0.9979540896,0.2773016647,15.6089792709,0
342418,8436248363.927621841431,8436248363.944864273071,1.724243164062e-02,8436248363.936243057251,19.5781838369,26928.2933283274,8.6180812281e-03,0.9996364095,0.3196162096,37.0732175393,0
343452,8436248673.116390228271,8436248673.152805328369,3.641510009766e-02,8436248673.134597778320,20.8264848574,6053.7382122485,1.8176203635e-02,0.9982783838,0.3098896064,17.0198409763,0
343660,8436248735.259935379028,8436248735.297868728638,3.793334960938e-02,8436248735.278902053833,19.9393034782,5579.5911928358,1.8932754689e-02,0.9982115940,0.3167087091,16.6981673054,0
343692,8436248744.775826454163,8436248744.793658256531,1.783180236816e-02,8436248744.784742355347,26.3695578314,25185.7245331602,8.9112324690e-03,0.9994763608,0.2753997705,30.8886073149,0
343977,8436248829.963850975037,8436248830.006155014038,4.230403900146e-02,8436248829.985002517700,27.8144131203,4498.0078776211,2.1086519021e-02,0.9969033463,0.2681513868,12.6773420776,0
344086,8436248862.293682098389,8436248862.318926811218,2.524471282959e-02,8436248862.306304931641,99.6598469134,12652.7057659935,1.2572547741e-02,0.9960539323,0.1416624961,11.2231418203,0
344516,8436248990.995101928711,8436248991.030078887939,3.497695922852e-02,8436248991.012590408325,31.8544011259,6571.0734493728,1.7446038921e-02,0.9975732200,0.2505706938,14.3277574350,0
344600,8436249016.195447921753,8436249016.234010696411,3.856277465820e-02,8436249016.214729309082,22.6134774395,5402.2562485517,1.9240989721e-02,0.9979048391,0.2973933971,15.4238588739,0
344820,8436249081.962409973145,8436249082.001238822937,3.882884979248e-02,8436249081.981824874878,26.5023494583,5332.6696055846,1.9366121815e-02,0.9975120004,0.2747089505,14.1497341256,0
344893,8436249103.900609016418,8436249103.942584991455,4.197597503662e-02,8436249103.921596527100,20.8946909747,4561.2349551703,2.0939860103e-02,0.9977069066,0.3093834098,14.7409754990,0
345241,8436249207.867997169495,8436249207.893446922302,2.544975280762e-02,8436249207.880722045898,38.2134170154,12389.8029323939,1.2705237814e-02,0.9984566773,0.2287742082,17.9785013995,0
345446,8436249269.130085945129,8436249269.154547691345,2.446174621582e-02,8436249269.142316818237,15.4373513078,13384.9345522820,1.2223817909e-02,0.9994231647,0.3599387500,29.4287044601,0
345654,8436249331.360239982605,8436249331.384439468384,2.419948577881e-02,8436249331.372339248657,14.8689707515,13675.7186254704,1.2093163358e-02,0.9994562255,0.3667537341,30.3108700249,0
345671,8436249336.311159133911,8436249336.326097488403,1.493835449219e-02,8436249336.318628311157,28.0134874115,35877.6258975650,7.4662606852e-03,0.9996095205,0.2671968962,35.7732702524,0
345728,8436249353.309074401855,8436249353.347020149231,3.794574737549e-02,8436249353.328046798706,18.2581127438,5574.2776581111,1.8941776117e-02,0.9983609457,0.3309688002,17.4443157971,0
346248,8436249508.905055999756,8436249508.949301719666,4.424571990967e-02,8436249508.927179336548,20.5117897990,4106.9737019449,2.2067545812e-02,0.9974996839,0.3122577451,14.1147096583,0
346406,8436249556.025476455688,8436249556.061993598938,3.651714324951e-02,8436249556.043735504150,29.9382878379,6029.1805035821,1.8213183147e-02,0.9975141277,0.2584648670,14.1558097940,0
346808,8436249676.402202606201,8436249676.433578491211,3.137588500977e-02,8436249676.417890548706,23.3912742843,8149.7879467171,1.5665412799e-02,0.9985638839,0.2924071966,18.6389768139,0
346935,8436249714.165946960449,8436249714.203135490417,3.718852996826e-02,8436249714.184541702271,22.3721635586,5806.9539285039,1.8558411817e-02,0.9980718158,0.2989929891,16.0798498557,0
347036,8436249744.418606758118,8436249744.447860717773,2.925395965576e-02,8436249744.433233261108,18.1267775499,9366.1691171745,1.4612818840e-02,0.9990318584,0.3321656318,22.7091057550,0
347048,8436249747.943794250488,8436249747.970499992371,2.670574188232e-02,8436249747.957147598267,24.3012163977,11241.4038286620,1.3338430282e-02,0.9989185353,0.2868804751,21.4845538736,0
347416,8436249858.199606895447,8436249858.231205940247,3.159904479980e-02,8436249858.215406417847,23.2949421565,8035.3159199633,1.5776603818e-02,0.9985494130,0.2930111721,18.5455714824,0
347943,8436250015.525406837463,8436250015.559168815613,3.376197814941e-02,8436250015.542287826538,20.0099219647,7038.3469241154,1.6856975787e-02,0.9985774952,0.3161493552,18.7281298372,0
348325,8436250129.967564582825,8436250129.995925903320,2.836132049561e-02,8436250129.981744766235,33.0133587984,9978.7531291006,1.4157183413e-02,0.9983444470,0.2461331682,17.3569610906,0
348361,8436250140.534426689148,8436250140.552580833435,1.815414428711e-02,8436250140.543503761292,26.7299099040,24300.5663505278,9.0720785135e-03,0.9994498633,0.2735371076,30.1349491650,0
348668,8436250232.359948158264,8436250232.389901161194,2.995300292969e-02,8436250232.374924659729,24.1858219634,8940.9904072497,1.4956231659e-02,0.9986465593,0.2875640371,19.2010155224,0
349594,8436250509.139379501343,8436250509.161803245544,2.242374420166e-02,8436250509.150590896606,16.2797343810,15926.4096465941,1.1206140333e-02,0.9994887769,0.3505026780,31.2617442313,0
349832,8436250580.202486991882,8436250580.235368728638,3.288173675537e-02,8436250580.218927383423,17.2305401963,7416.3576936837,1.6421758608e-02,0.9988376666,0.3406948362,20.7224356040,0
349958,8436250618.009388923645,8436250618.049201011658,3.981208801270e-02,8436250618.029294967651,22.5908782396,5069.9020006841,1.9861645014e-02,0.9977695723,0.2975421113,14.9473251065,0
350345,8436250733.717600822449,8436250733.726854324341,9.253501892090e-03,8436250733.722227096558,28.9976362165,93457.1479498141,4.6260331023e-03,0.9998448493,0.2626235691,56.7619852882,0
350414,8436250754.259946823120,8436250754.299867630005,3.992080688477e-02,8436250754.279907226562,26.3183065596,5046.1755367372,1.9908283697e-02,0.9973888431,0.2756677916,13.8107324555,0
350582,8436250804.472106933594,8436250804.515560150146,4.345321655273e-02,8436250804.493833541870,24.4820360319,4261.3616790258,2.1664107388e-02,0.9971233021,0.2858190895,13.1552557990,0
350655,8436250826.377209663391,8436250826.420117378235,4.290771484375e-02,8436250826.398663520813,16.3690295234,4361.6635263860,2.1413562139e-02,0.9981217698,0.3495453522,16.2928906134,0
350858,8436250887.029179573059,8436250887.046071052551,1.689147949219e-02,8436250887.037625312805,23.5400885688,28062.0291387047,8.4421966101e-03,0.9995804825,0.2914814703,34.5122486699,0
350962,8436250918.246660232544,8436250918.271643638611,2.498340606689e-02,8436250918.259151458740,36.5238206410,12853.5329411594,1.2473942574e-02,0.9985782196,0.2340059483,18.7329099726,0
351116,8436250964.170741081238,8436250964.212833404541,4.209232330322e-02,8436250964.191787719727,20.4219548660,4535.6968109349,2.0998728074e-02,0.9977462124,0.3129437928,14.8693998455,0
351273,8436251011.069439888000,8436251011.094110488892,2.467060089111e-02,8436251011.081775665283,20.7263330345,13164.8165684773,1.2325586438e-02,0.9992125034,0.3106374137,25.1828007827,0
351362,8436251037.639898300171,8436251037.668623924255,2.872562408447e-02,8436251037.654260635376,24.3173242249,9719.3893836764,1.4344833346e-02,0.9987482468,0.2867854444,19.9672211486,0
351720,8436251144.857589721680,8436251144.901377677917,4.378795623779e-02,8436251144.879484176636,27.0396744513,4199.3887513735,2.1823377118e-02,0.9967753233,0.2719657838,12.4219446236,0
351914,8436251202.620588302612,8436251202.660445213318,3.985691070557e-02,8436251202.640516281128,31.7063541312,5067.6715462491,1.9866015425e-02,0.9968667954,0.2511550094,12.6028337363,0
351981,8436251222.637892723083,8436251222.661034584045,2.314186096191e-02,8436251222.649463653564,30.1110582519,14968.1444885922,1.1559286140e-02,0.9989936556,0.2577222940,22.2732557584,0
352140,8436251270.313581466675,8436251270.353233337402,3.965187072754e-02,8436251270.333407402039,18.8327584247,5107.0145998925,1.9789346286e-02,0.9981544842,0.3258802419,16.4370677068,0
352315,8436251322.448112487793,8436251322.483788490295,3.567600250244e-02,8436251322.465950012207,25.9155253999,6311.3834656239,1.7801340771e-02,0.9979448101,0.2778017574,15.5735922160,0
352583,8436251402.818671226501,8436251402.859560966492,4.088973999023e-02,8436251402.839116096497,32.2093486895,4816.9818013569,2.0376401763e-02,0.9966510801,0.2491862224,12.1882028333,0
352617,8436251412.816161155701,8436251412.847451210022,3.129005432129e-02,8436251412.831806182861,33.8144449834,8204.8547508498,1.5612755163e-02,0.9979372361,0.2432001655,15.5448861145,0
352699,8436251437.460216522217,8436251437.499811172485,3.959465026855e-02,8436251437.480013847351,28.7799963730,5131.6789006585,1.9741732407e-02,0.9971919072,0.2636147037,13.3156727964,0
352987,8436251523.484799385071,8436251523.524276733398,3.947734832764e-02,8436251523.504537582397,17.3914570453,5150.6606507969,1.9705321688e-02,0.9983102981,0.3391150104,17.1802324519,0
353664,8436251725.858116149902,8436251725.901444435120,4.332828521729e-02,8436251725.879779815674,40.3619293985,4301.7097524608,2.1562268306e-02,0.9952975613,0.2226019880,10.2751349105,0
354079,8436251849.815009117126,8436251849.833355903625,1.834678649902e-02,8436251849.824182510376,19.9571024552,23786.7166712605,9.1695441944e-03,0.9995804110,0.3165674474,34.5093073854,0
354121,8436251862.487453460693,8436251862.523276329041,3.582286834717e-02,8436251862.505365371704,27.6616880099,6261.6972161525,1.7871827587e-02,0.9977887540,0.2688906237,15.0122330284,0
354165,8436251875.525088310242,8436251875.540407180786,1.531887054443e-02,8436251875.532747268677,30.0620952776,34120.8073050331,7.6560603607e-03,0.9995593785,0.2579320883,33.6750790571,0
354317,8436251920.992831230164,8436251921.021166801453,2.833557128906e-02,8436251921.006999015808,16.7157122849,9980.5395554098,1.4155916353e-02,0.9991622338,0.3459015867,24.4146541565,0
354449,8436251960.551060676575,8436251960.571473121643,2.041244506836e-02,8436251960.561266899109,29.9119377110,19229.8544760252,1.0198281582e-02,0.9992219499,0.2585786858,25.3353956357,0
354471,8436251967.012969970703,8436251967.035546302795,2.257633209229e-02,8436251967.024257659912,18.3738144959,15714.1651829901,1.1281564762e-02,0.9994152032,0.3299250826,29.2275185611,0
354743,8436252048.327997207642,8436252048.359378814697,3.138160705566e-02,8436252048.343688011169,24.5338654179,8147.9673132235,1.5667162891e-02,0.9984933444,0.2855170242,18.1964565225,0
354783,8436252060.446519851685,8436252060.476716995239,3.019714355469e-02,8436252060.461618423462,34.1301860251,8807.3348297309,1.5069288386e-02,0.9980605191,0.2420726197,16.0328157706,0
354893,8436252093.076915740967,8436252093.114158630371,3.724288940430e-02,8436252093.095537185669,34.7557574357,5802.4635834605,1.8565591315e-02,0.9970005879,0.2398841862,12.8821469023,0
355111,8436252158.528522491455,8436252158.570801734924,4.227924346924e-02,8436252158.549661636353,23.4087216002,4498.8469974766,2.1084552412e-02,0.9973949712,0.2922982058,13.8270310345,0
355127,8436252163.204750061035,8436252163.238331794739,3.358173370361e-02,8436252163.221540451050,35.0804883605,7128.9592215136,1.6749503294e-02,0.9975365442,0.2387713322,14.2203100236,0
355675,8436252326.990709304810,8436252327.022150993347,3.144168853760e-02,8436252327.006429672241,20.4117979704,8112.8289981417,1.5701055069e-02,0.9987412126,0.3130216434,19.9112489174,0
355695,8436252333.049465179443,8436252333.080346107483,3.088092803955e-02,8436252333.064905166626,30.9998250922,8419.9825538310,1.5412014254e-02,0.9981574540,0.2540009706,16.4503456785,0
356511,8436252577.235433578491,8436252577.262977600098,2.754402160645e-02,8436252577.249205589294,61.4212401072,10606.1469238493,1.3732075367e-02,0.9971002465,0.1804495102,13.1026262425,0
356799,8436252663.007353782654,8436252663.050057411194,4.270362854004e-02,8436252663.028705596924,20.5486525418,4407.4758736603,2.1301982619e-02,0.9976661632,0.3119775358,14.6112893220,0
357266,8436252802.880595207214,8436252802.922217369080,4.162216186523e-02,8436252802.901406288147,20.9964032640,4638.8559471439,2.0763929931e-02,0.9977343319,0.3086331313,14.8302306996,0
358202,8436253082.277484893799,8436253082.308031082153,3.054618835449e-02,8436253082.292757987976,43.5495531043,8617.4006387075,1.5234452658e-02,0.9974699613,0.2143004813,14.0312420542,0
358483,8436253166.502483367920,8436253166.545949935913,4.346656799316e-02,8436253166.524216651917,29.9997222233,4264.2769164466,2.1656700878e-02,0.9964762289,0.2582000851,11.8803989842,0
358557,8436253188.502443313599,8436253188.543810844421,4.136753082275e-02,8436253188.523126602173,24.9179524356,4699.8014106374,2.0628860746e-02,0.9973455189,0.2833079891,13.6971186586,0
358578,8436253194.818449020386,8436253194.859593391418,4.114437103271e-02,8436253194.839021682739,27.5700411123,4753.3025061473,2.0512437496e-02,0.9970956892,0.2693371690,13.0922973061,0
358693,8436253229.310451507568,8436253229.348574638367,3.812313079834e-02,8436253229.329513549805,43.3576251286,5547.7941595060,1.8986933456e-02,0.9960846897,0.2147742716,11.2673994543,0
359134,8436253361.047195434570,8436253361.058469772339,1.127433776855e-02,8436253361.052832603455,29.7381734210,62967.0085682797,5.6358375609e-03,0.9997638312,0.2593330411,46.0041283964,0
359472,8436253462.124970436096,8436253462.169128417969,4.415798187256e-02,8436253462.147048950195,22.8588721608,4125.5757997581,2.2017738652e-02,0.9972257661,0.2957928000,13.3970252906,0
359550,8436253485.524854660034,8436253485.568171501160,4.331684112549e-02,8436253485.546512603760,19.4230200243,4283.0227938951,2.1609255526e-02,0.9977299805,0.3208903219,14.8159613463,0
359777,8436253553.243444442749,8436253553.279191970825,3.574752807617e-02,8436253553.261318206787,20.3036916472,6280.6441916727,1.7844850033e-02,0.9983823214,0.3138538737,17.5594728139,0
361038,8436253930.251338005066,8436253930.261936187744,1.059818267822e-02,8436253930.256637573242,38.1015043021,71262.2367198361,5.2976745274e-03,0.9997326312,0.2291099426,43.2357036237,0
361044,8436253932.081846237183,8436253932.116913795471,3.506755828857e-02,8436253932.099380493164,27.6536964821,6533.1274931327,1.7496630934e-02,0.9978813346,0.2689294737,15.3377929232,0
361161,8436253966.967204093933,8436253967.007185935974,3.998184204102e-02,8436253966.987195014954,29.2946483907,5033.8372310538,1.9932667100e-02,0.9970859811,0.2612888353,13.0703750469,0
361243,8436253991.614893913269,8436253991.653522491455,3.862857818604e-02,8436253991.634208679199,22.0357498084,5383.3657601852,1.9274718935e-02,0.9979512496,0.3012666661,15.5981234739,0
361308,8436254010.985149383545,8436254011.021059036255,3.590965270996e-02,8436254011.003104209900,33.6552975980,6237.5951266084,1.7906322699e-02,0.9972985728,0.2437745033,13.5771016937,0
361374,8436254030.585791587830,8436254030.627485275269,4.169368743896e-02,8436254030.606637954712,64.5130829810,4666.5423291462,2.0702242575e-02,0.9930636433,0.1760723252,8.4459943940,0
361580,8436254092.287883758545,8436254092.310782432556,2.289867401123e-02,8436254092.299333572388,33.2816422787,15290.2876786035,1.1436869604e-02,0.9989110809,0.2451391205,21.4107699335,0
362323,8436254314.450455665588,8436254314.488430023193,3.797435760498e-02,8436254314.469442367554,36.9562757539,5584.6070626380,1.8924250459e-02,0.9966857455,0.2326327734,12.2520978944,0
362854,8436254473.222190856934,8436254473.259099960327,3.690910339355e-02,8436254473.240645408630,16.9582353807,5889.4578419607,1.8427963321e-02,0.9985592510,0.3434192760,18.6089199928,0
362882,8436254481.567993164062,8436254481.607969284058,3.997611999512e-02,8436254481.587981224060,18.7946585715,5024.7700101881,1.9950643289e-02,0.9981280470,0.3262103810,16.3202622499,0
363021,8436254522.869374275208,8436254522.911947250366,4.257297515869e-02,8436254522.890661239624,23.1903802770,4437.0852435142,2.1230787902e-02,0.9973833317,0.2936710004,13.7961229781,0
363221,8436254582.905814170837,8436254582.949116706848,4.330253601074e-02,8436254582.927465438843,20.2881294959,4286.7053530563,2.1599971653e-02,0.9976307922,0.3139742225,14.5014242333,0
363342,8436254619.005366325378,8436254619.047476768494,4.211044311523e-02,8436254619.026421546936,26.7044708306,4538.0943842048,2.0993180300e-02,0.9970534028,0.2736673643,12.9976007896,0
363652,8436254711.668522834778,8436254711.704648971558,3.612613677979e-02,8436254711.686586380005,21.1240295112,6150.9330396708,1.8032024892e-02,0.9982813829,0.3076993757,17.0347235050,0
363723,8436254732.987877845764,8436254733.011273384094,2.339553833008e-02,8436254732.999575614929,19.1785323150,14635.0226173767,1.1690101955e-02,0.9993445579,0.3229291976,27.6060497584,0
363862,8436254774.402171134949,8436254774.431546211243,2.937507629395e-02,8436254774.416858673096,18.5973114515,9289.7125751164,1.4672829104e-02,0.9989985358,0.3279366196,22.3275416457,0
364093,8436254843.516051292419,8436254843.554079055786,3.802776336670e-02,8436254843.535064697266,39.7236646858,5571.8032769273,1.8945981575e-02,0.9964289192,0.2243832035,11.8010202901,0
364127,8436254853.823187828064,8436254853.849190711975,2.600288391113e-02,8436254853.836189270020,31.7414420535,11863.4360880434,1.2984037178e-02,0.9986613195,0.2510161540,19.3067934190,0
364791,8436255052.354980468750,8436255052.384757041931,2.977657318115e-02,8436255052.369869232178,43.3530075276,9066.1368973581,1.4852647074e-02,0.9976062043,0.2147857093,14.4264894384,0
364965,8436255104.060096740723,8436255104.102769851685,4.267311096191e-02,8436255104.081433296204,19.5600224852,4412.7640892609,2.1289214744e-02,0.9977812381,0.3197645559,14.9866999942,0
365719,8436255329.490333557129,8436255329.525747299194,3.541374206543e-02,8436255329.508040428162,24.5893911175,6403.4975207886,1.7672841195e-02,0.9980781563,0.2851944767,16.1064298818,0
366497,8436255562.223198890686,8436255562.242128372192,1.892948150635e-02,8436255562.232664108276,26.6736623334,22352.7574403103,9.4590919052e-03,0.9994031693,0.2738253638,28.9311002718,0
367296,8436255801.120956420898,8436255801.160274505615,3.931808471680e-02,8436255801.140615463257,35.3573355208,5210.2968589131,1.9592225186e-02,0.9966011990,0.2378347080,12.0979803431,0
367525,8436255869.489602088928,8436255869.529239654541,3.963756561279e-02,8436255869.509420394897,25.9258957224,5117.7810283376,1.9768519608e-02,0.9974638605,0.2777461917,14.0142911112,0
368625,8436256198.284398078918,8436256198.327779769897,4.338169097900e-02,8436256198.306089401245,29.0267500052,4279.8890231553,2.1617165318e-02,0.9966031674,0.2624918306,12.1015029444,0
368818,8436256256.030394554138,8436256256.070416450500,4.002189636230e-02,8436256256.050405502319,30.2299409237,5024.7603419192,1.9950662483e-02,0.9969873642,0.2572150337,12.8537154438,0
369100,8436256340.439615249634,8436256340.470356941223,3.074169158936e-02,8436256340.454986572266,24.0771946591,8489.2234205096,1.5349032867e-02,0.9985808896,0.2882119978,18.7505620487,0
369632,8436256499.360041618347,8436256499.374817848206,1.477622985840e-02,8436256499.367429733276,20.7596139716,36661.3708807421,7.3860228616e-03,0.9997168334,0.3103883134,42.0118415072,0
370643,8436256801.673692703247,8436256801.710230827332,3.653812408447e-02,8436256801.691961288452,45.1621969027,6037.5166494767,1.8200605112e-02,0.9962528492,0.2104396001,11.5189055484,0
370918,8436256883.854910850525,8436256883.872613906860,1.770305633545e-02,8436256883.863761901855,23.6361802102,25550.2662236930,8.8474330103e-03,0.9995373502,0.2908883656,32.8630672724,0
371035,8436256918.829275131226,8436256918.867912292480,3.863716125488e-02,8436256918.848593711853,25.8823437574,5384.8306287743,1.9272097046e-02,0.9975938408,0.2779797739,14.3892441815,0
371175,8436256960.522202491760,8436256960.547290802002,2.508831024170e-02,8436256960.534746170044,16.8760968793,12726.9233146070,1.2535835490e-02,0.9993367723,0.3442539982,27.4433786011,0
372045,8436257220.792524337769,8436257220.828178405762,3.565406799316e-02,8436257220.810351371765,52.5000999811,6345.7041035074,1.7753136373e-02,0.9958547438,0.1951798287,10.9485306853,0
372178,8436257260.422170639038,8436257260.456068038940,3.389739990234e-02,8436257260.439119338989,20.2199267785,6982.5917525847,1.6924142456e-02,0.9985510691,0.3145033013,18.5561902809,0
372767,8436257436.630013465881,8436257436.651909828186,2.189636230469e-02,8436257436.640961647034,19.5405065404,16705.3025616825,1.0941776132e-02,0.9994149695,0.3199241974,29.2216755379,0
372913,8436257480.210564613342,8436257480.221830368042,1.126575469971e-02,8436257480.216197967529,39.4371997438,63072.6444792799,5.6311160503e-03,0.9996873180,0.2251966692,39.9789761500,0
373116,8436257540.748796463013,8436257540.789577484131,4.078102111816e-02,8436257540.769186973572,29.4451996550,4839.7632835335,2.0328387825e-02,0.9969533507,0.2606200034,12.7814358864,0
373402,8436257626.470480918884,8436257626.497652053833,2.717113494873e-02,8436257626.484066009521,31.5645206056,10867.7000478527,1.3565823934e-02,0.9985467269,0.2517186529,18.5283870845,0
373470,8436257646.853928565979,8436257646.873958587646,2.003002166748e-02,8436257646.863943099976,117.5555326309,20057.6471226691,9.9856192996e-03,0.9970652519,0.1304347953,13.0239295286,0
373515,8436257660.248973846436,8436257660.286787986755,3.781414031982e-02,8436257660.267881393433,20.1794334197,5614.9402437770,1.8873064689e-02,0.9982014415,0.3148186945,16.6508449937,0
373611,8436257689.140754699707,8436257689.180488586426,3.973388671875e-02,8436257689.160621643066,40.0674300684,5107.2655914696,1.9788860016e-02,0.9960696851,0.2234185629,11.2457441939,0
373753,8436257731.188570976257,8436257731.228008270264,3.943729400635e-02,8436257731.208290100098,32.7063807020,5176.4080360106,1.9656253591e-02,0.9968358168,0.2472855584,12.5406960387,0
373893,8436257773.337921142578,8436257773.380687713623,4.276657104492e-02,8436257773.359304428101,28.6951780793,4402.7188165249,2.1313487714e-02,0.9967358707,0.2640040174,12.3462793938,0
373972,8436257796.965444564819,8436257796.991564750671,2.612018585205e-02,8436257796.978504180908,20.2843542200,11745.9487928238,1.3048811163e-02,0.9991361652,0.3140034392,24.0429712885,0
374281,8436257889.197697639465,8436257889.239418029785,4.172039031982e-02,8436257889.218557357788,24.6822823904,4620.8224124158,2.0804407836e-02,0.9973256567,0.2846573090,13.6459561771,0
374412,8436257928.363847732544,8436257928.408278465271,4.443073272705e-02,8436257928.386062622070,28.3851654618,4080.8852828778,2.2137970508e-02,0.9965161117,0.2654417811,11.9485664446,0
374430,8436257933.932240486145,8436257933.961797714233,2.955722808838e-02,8436257933.947019577026,18.9374028555,9176.1349025644,1.4763356361e-02,0.9989675836,0.3249786190,21.9897899788,0
374473,8436257946.617379188538,8436257946.645480155945,2.810096740723e-02,8436257946.631429672241,43.4548351546,10174.3412114536,1.4020446635e-02,0.9978622039,0.2145339082,15.2687916462,0
374851,8436258059.579159736633,8436258059.614365577698,3.520584106445e-02,8436258059.596762657166,36.9801805090,6491.4494723944,1.7552709180e-02,0.9971475556,0.2325575719,13.2113061309,0
375355,8436258210.174962043762,8436258210.212003707886,3.704166412354e-02,8436258210.193483352661,25.5051081751,5856.0481821077,1.8480455747e-02,0.9978199514,0.2800279705,15.1196214939,0
375475,8436258246.016454696655,8436258246.057017326355,4.056262969971e-02,8436258246.036735534668,21.8871389050,4884.1426962052,2.0235820849e-02,0.9977568515,0.3022877171,14.9047396246,0
375685,8436258308.893208503723,8436258308.913890838623,2.068233489990e-02,8436258308.903549194336,23.9126239291,18726.0332848616,1.0334562649e-02,0.9993613099,0.2892020592,27.9660938281,0
376052,8436258418.501192092896,8436258418.543858528137,4.266643524170e-02,8436258418.522525787354,40.1337848248,4434.7127072869,2.1236466294e-02,0.9954647570,0.2232337932,10.4641408142,0
376251,8436258478.217619895935,8436258478.257559776306,3.993988037109e-02,8436258478.237589836121,18.1915971177,5033.2554570933,1.9933819035e-02,0.9981912239,0.3315733241,16.6036212927,0
376434,8436258532.834865570068,8436258532.879268646240,4.440307617188e-02,8436258532.857067108154,29.6507643728,4087.2006714358,2.2120860517e-02,0.9963661270,0.2597150106,11.6980638728,0
376754,8436258628.443170547485,8436258628.478353500366,3.518295288086e-02,8436258628.460762023926,26.2662505422,6489.1361523308,1.7555837594e-02,0.9979740844,0.2759408238,15.6860525483,0
377607,8436258883.527241706848,8436258883.560956001282,3.371429443359e-02,8436258883.544098854065,55.8169056631,7094.0206768355,1.6790698867e-02,0.9960581498,0.1892919388,11.2291799063,0
378321,8436259097.017746925354,8436259097.052897453308,3.515052795410e-02,8436259097.035322189331,41.6982703506,6516.4971387750,1.7518942749e-02,0.9967954263,0.2190059820,12.4610351390,0
378506,8436259152.253967285156,8436259152.280675888062,2.670860290527e-02,8436259152.267321586609,53.7139103122,11268.4135014043,1.3322435005e-02,0.9976137691,0.1929619205,14.4494207522,0
379136,8436259340.614988327026,8436259340.656966209412,4.197788238525e-02,8436259340.635976791382,27.6803663424,4567.6080411189,2.0925246534e-02,0.9969653229,0.2687998865,12.8067387513,0
379482,8436259444.048606872559,8436259444.064546585083,1.593971252441e-02,8436259444.056576728821,18.8402378424,31505.6759308330,7.9674729386e-03,0.9997009578,0.3258155496,40.8809819037,0
379837,8436259550.093220710754,8436259550.116183280945,2.296257019043e-02,8436259550.104701995850,23.1733276580,15195.3885027196,1.1472527139e-02,0.9992371972,0.2937790328,25.5876437475,0
380507,8436259750.254115104675,8436259750.290393829346,3.627872467041e-02,8436259750.272254943848,20.8915516913,6099.2451905811,1.8108269595e-02,0.9982858967,0.3094066538,17.0571957297,0
381089,8436259924.468048095703,8436259924.477161407471,9.113311767578e-03,8436259924.472604751587,37.9543789688,96362.6247257042,4.5557584296e-03,0.9998030454,0.2295535709,50.3776402638,0
381111,8436259930.982316017151,8436259931.005668640137,2.335262298584e-02,8436259930.993991851807,18.4789316315,14688.0917369633,1.1668964260e-02,0.9993707574,0.3289853573,28.1754522815,0
381237,8436259968.510886192322,8436259968.537360191345,2.647399902344e-02,8436259968.524123191833,35.1282851594,11449.4705246930,1.3216677598e-02,0.9984647643,0.2386088365,18.0259005294,0
381354,8436260003.681832313538,8436260003.715804100037,3.397178649902e-02,8436260003.698818206787,22.7703409903,6954.6851212024,1.6958063687e-02,0.9983616074,0.2963672639,17.4478468412,0
381698,8436260106.223342895508,8436260106.256443023682,3.310012817383e-02,8436260106.239892959595,16.2645987330,7318.0764142718,1.6531662401e-02,0.9988881200,0.3506657269,21.1881793979,0
382753,8436260421.824682235718,8436260421.868132591248,4.345035552979e-02,8436260421.846406936646,26.8734412383,4264.3110639693,2.1656614167e-02,0.9968440490,0.2728056473,12.5571192226,0
382943,8436260478.681303977966,8436260478.725151062012,4.384708404541e-02,8436260478.703227996826,21.0782378787,4182.1820737487,2.1868224803e-02,0.9974768120,0.3080334267,14.0503494529,0
382986,8436260491.609768867493,8436260491.649806976318,4.003810882568e-02,8436260491.629787445068,25.0069600324,5015.4933514862,1.9969085125e-02,0.9975039137,0.2828033488,14.1267086333,0
383195,8436260554.040023803711,8436260554.082035064697,4.201126098633e-02,8436260554.061029434204,50.8892860074,4583.6057401646,2.0888697972e-02,0.9944332773,0.1982448066,9.4376984631,0
383590,8436260672.033707618713,8436260672.060842514038,2.713489532471e-02,8436260672.047275543213,18.7346423196,10883.8335912746,1.3555765622e-02,0.9991389655,0.3267324692,24.0820880480,0
383668,8436260695.279041290283,8436260695.295601844788,1.656055450439e-02,8436260695.287321090698,19.4843094708,29189.7401565653,8.2775132259e-03,0.9996661916,0.3203852313,38.6925729154,0
383726,8436260712.771499633789,8436260712.811560630798,4.006099700928e-02,8436260712.791530609131,22.5797226968,5007.3652805457,1.9985285693e-02,0.9977428015,0.2976156028,14.8581226147,0
383938,8436260776.097912788391,8436260776.133669853210,3.575706481934e-02,8436260776.115791320801,23.8496459559,6280.8512087357,1.7844555947e-02,0.9980995944,0.2895836446,16.1972827482,0
384553,8436260959.945336341858,8436260959.970952033997,2.561569213867e-02,8436260959.958144187927,21.3148189393,12213.3946279931,1.2796665061e-02,0.9991270188,0.3063191681,23.9165247972,0
384577,8436260967.042522430420,8436260967.085208892822,4.268646240234e-02,8436260967.063865661621,25.2900028617,4415.7462931310,2.1282024622e-02,0.9971322721,0.2812163445,13.1759030226,0
384598,8436260973.255706787109,8436260973.298262596130,4.255580902100e-02,8436260973.276985168457,27.9422253603,4445.3987555319,2.1210926353e-02,0.9968522202,0.2675374001,12.5734843846,0
384794,8436261031.716433525085,8436261031.745427131653,2.899360656738e-02,8436261031.730930328369,22.2984868869,9538.9793167782,1.4479849378e-02,0.9988305073,0.2994865348,20.6587982813,0
385609,8436261275.638635635376,8436261275.675801277161,3.716564178467e-02,8436261275.657218933105,20.2885852993,5811.9973272817,1.8550357978e-02,0.9982530685,0.3139706956,16.8957499759,0
385732,8436261312.139105796814,8436261312.178754806519,3.964900970459e-02,8436261312.158929824829,26.6094092627,5115.5255908994,1.9772877102e-02,0.9973957609,0.2741557641,13.8291355115,0
385883,8436261357.490364074707,8436261357.530866622925,4.050254821777e-02,8436261357.510615348816,23.4178923091,4900.1094891298,2.0202825179e-02,0.9976076108,0.2922409666,14.4307447018,0
386289,8436261479.037227630615,8436261479.075481414795,3.825378417969e-02,8436261479.056354522705,19.7704003939,5486.6710352179,1.9092400540e-02,0.9981966987,0.3180586897,16.6288745803,0
386365,8436261501.554244041443,8436261501.592678070068,3.843402862549e-02,8436261501.573461532593,29.0902120281,5444.8347260540,1.9165610025e-02,0.9973250638,0.2622053535,13.6444376434,0
386370,8436261503.080000877380,8436261503.099643707275,1.964282989502e-02,8436261503.089822769165,32.9767709087,20766.9185910885,9.8136139050e-03,0.9992057109,0.2462696733,25.0747651540,0
386400,8436261511.988158226013,8436261512.025872230530,3.771400451660e-02,8436261512.007015228271,22.5935894962,5647.1035408385,1.8819241806e-02,0.9979975368,0.2975242581,15.7779192069,0
386458,8436261529.206295967102,8436261529.244697570801,3.840160369873e-02,8436261529.225496292114,36.8228087242,5461.7169019132,1.9135966634e-02,0.9966233069,0.2330539895,12.1377217149,0
386522,8436261548.563059806824,8436261548.592010498047,2.895069122314e-02,8436261548.577535629272,22.3773025593,9567.2933367287,1.4458407236e-02,0.9988298465,0.2989586549,20.6529545441,0
386660,8436261589.743536949158,8436261589.772373199463,2.883625030518e-02,8436261589.757955551147,25.3405251259,9646.1677111049,1.4399174459e-02,0.9986856340,0.2809358693,19.4849098877,0
387065,8436261710.689656257629,8436261710.730960845947,4.130458831787e-02,8436261710.710308074951,20.6940807948,4709.8361521081,2.0606873180e-02,0.9978006812,0.3108793875,15.0530195410,0
387839,8436261942.360145568848,8436261942.399023056030,3.887748718262e-02,8436261942.379584312439,21.0617133563,5313.9607923292,1.9400182926e-02,0.9980162985,0.3081542408,15.8525801525,0
388015,8436261995.064997673035,8436261995.099301338196,3.430366516113e-02,8436261995.082149505615,34.3143324248,6832.7491494166,1.7108709786e-02,0.9974858200,0.2414222097,14.0755927164,0
388605,8436262171.142067909241,8436262171.173300743103,3.123283386230e-02,8436262171.157684326172,31.7761849179,8232.7836061245,1.5586250348e-02,0.9980682775,0.2508788907,16.0650738152,0
389023,8436262296.206021308899,8436262296.229201316833,2.318000793457e-02,8436262296.217611312866,20.8707073667,14909.7780230437,1.1581889283e-02,0.9992998549,0.3095611230,26.7093198453,0
389152,8436262334.743658065796,8436262334.780508041382,3.684997558594e-02,8436262334.762083053589,21.0029701976,5912.3631917254,1.8392232383e-02,0.9982222290,0.3085848779,16.7481727181,0
389425,8436262416.358199119568,8436262416.400231361389,4.203224182129e-02,8436262416.379215240479,26.0311442474,4554.2236217332,2.0955972606e-02,0.9971379921,0.2771841345,13.1891197088,0
389785,8436262523.887751579285,8436262523.929580688477,4.182910919189e-02,8436262523.908666610718,27.0307657732,4599.3101056931,2.0853005200e-02,0.9970571022,0.2720105967,13.0058039474,0
390179,8436262641.899893760681,8436262641.938316345215,3.842258453369e-02,8436262641.919105529785,22.8212357060,5441.7923680437,1.9170966762e-02,0.9979009478,0.2960366081,15.4095104064,0
390941,8436262869.548703193665,8436262869.552855491638,4.152297973633e-03,8436262869.550779342651,23.0101158766,464017.6506128752,2.0760975092e-03,0.9999752053,0.2948190857,142.0028560271,0
391164,8436262936.036361694336,8436262936.066482543945,3.012084960938e-02,8436262936.051422119141,23.1838189283,8840.8885416202,1.5040665062e-02,0.9986879691,0.2937125540,19.5022755207,0
391278,8436262970.157054901123,8436262970.193701744080,3.664684295654e-02,8436262970.175378799438,19.3945377993,5976.2471244277,1.8293665088e-02,0.9983760462,0.3211258603,17.5254310813,0
391632,8436263076.174180984497,8436263076.210525512695,3.634452819824e-02,8436263076.192353248596,49.7422492121,6106.1055064022,1.8098094258e-02,0.9959185140,0.2005175032,11.0342609015,0
391804,8436263127.595940589905,8436263127.616581916809,2.064132690430e-02,8436263127.606261253357,16.7699841002,18793.2752346865,1.0316057656e-02,0.9995537306,0.3453414216,33.4611648918,0
392082,8436263210.661998748779,8436263210.699445724487,3.744697570801e-02,8436263210.680722236633,25.8483364765,5730.8593748868,1.8681215139e-02,0.9977422628,0.2781625754,14.8563439435,0
392141,8436263228.424077033997,8436263228.459915161133,3.583812713623e-02,8436263228.441995620728,27.8435849133,6256.5717161405,1.7879146556e-02,0.9977723717,0.2680108786,14.9567457906,0
392158,8436263233.337024688721,8436263233.362442016602,2.541732788086e-02,8436263233.349733352661,22.7368902828,12405.8603927206,1.2697012672e-02,0.9990832027,0.2965851928,23.3372441172,0
392233,8436263255.864051818848,8436263255.885740280151,2.168846130371e-02,8436263255.874896049500,34.3479124397,17041.5355468740,1.0833296644e-02,0.9989917212,0.2413041685,22.2518476598,0
392571,8436263356.942500114441,8436263356.978492736816,3.599262237549e-02,8436263356.960496902466,34.3280260946,6209.6983597780,1.7946499268e-02,0.9972321039,0.2413740525,13.4124182444,0
393046,8436263498.929662704468,8436263498.969005584717,3.934288024902e-02,8436263498.949334144592,22.5674876155,5190.9861389189,1.9628633371e-02,0.9978239136,0.2976962688,15.1334252564,0
393420,8436263610.704071998596,8436263610.738303184509,3.423118591309e-02,8436263610.721187591553,25.5384241346,6852.7929905129,1.7083670697e-02,0.9981349019,0.2798452567,16.3503103535,0
394520,8436263939.535230636597,8436263939.564553260803,2.932262420654e-02,8436263939.549892425537,23.6474323435,9327.9605626143,1.4642716270e-02,0.9987316392,0.2908191508,19.8358202050,0
394635,8436263973.836874008179,8436263973.876703262329,3.982925415039e-02,8436263973.856788635254,24.0662205216,5067.0275669871,1.9867277792e-02,0.9976223867,0.2882777023,14.4756766581,0
394753,8436264009.181539535522,8436264009.219754219055,3.821468353271e-02,8436264009.200647354126,20.8896941700,5498.9833411843,1.9071014477e-02,0.9980987785,0.3094204097,16.1937967894,0
395223,8436264149.512598991394,8436264149.541883468628,2.928447723389e-02,8436264149.527240753174,20.3894008230,9348.9585592054,1.4626263071e-02,0.9989089410,0.3131935187,21.3897291865,0
395635,8436264272.865095138550,8436264272.894546508789,2.945137023926e-02,8436264272.879820823669,33.0424802990,9256.1862041685,1.4699377947e-02,0.9982135179,0.2460246813,16.7071806400,0
396072,8436264403.375799179077,8436264403.386889457703,1.109027862549e-02,8436264403.381343841553,23.0809776380,65066.7561842236,5.5441557184e-03,0.9998226204,0.2943661703,53.0854418058,0
396183,8436264436.794840812683,8436264436.835597038269,4.075622558594e-02,8436264436.815218925476,30.0048037479,4846.1777320243,2.0314929943e-02,0.9968994749,0.2581782202,12.6693881231,0
396405,8436264502.885228157043,8436264502.916604042053,3.137588500977e-02,8436264502.900916099548,19.3825527751,8145.7792252079,1.5669266976e-02,0.9988095616,0.3212251276,20.4759245814,0
396557,8436264548.256011962891,8436264548.299409866333,4.339790344238e-02,8436264548.277710914612,29.0205376081,4276.7073543159,2.1625204899e-02,0.9966013648,0.2625199247,12.0982768250,0
396615,8436264565.835128784180,8436264565.860332489014,2.520370483398e-02,8436264565.847730636597,28.0205329198,12621.9488572619,1.2587856686e-02,0.9988893909,0.2671633020,21.2003198514,0
396803,8436264621.884940147400,8436264621.929476737976,4.453659057617e-02,8436264621.907208442688,19.5807688853,4052.8392194298,2.2214436962e-02,0.9975813898,0.3195951110,14.3520241178,0
396922,8436264657.365276336670,8436264657.400699615479,3.542327880859e-02,8436264657.382987976074,28.4265540036,6403.9004550204,1.7672285197e-02,0.9977780596,0.2652484715,14.9759412699,0
396930,8436264660.098243713379,8436264660.141160011292,4.291629791260e-02,8436264660.119701385498,21.0869264337,4364.6435179256,2.1406250759e-02,0.9975814225,0.3079699598,14.3521214460,0
397070,8436264701.754003524780,8436264701.790892601013,3.688907623291e-02,8436264701.772447586060,23.9641904016,5902.8419137710,1.8407059733e-02,0.9979680498,0.2888907372,15.6626712653,0
397172,8436264732.353013038635,8436264732.373517036438,2.050399780273e-02,8436264732.363265037537,19.3149184975,19048.1802991530,1.0246799802e-02,0.9994928697,0.3217870467,31.3877371400,0
397227,8436264748.609858512878,8436264748.632401466370,2.254295349121e-02,8436264748.621129989624,19.4724858627,15761.7787373442,1.1264512065e-02,0.9993820969,0.3204824848,28.4330520363,0
397352,8436264786.219355583191,8436264786.259663581848,4.030799865723e-02,8436264786.239509582520,21.0807546718,4944.9613891464,2.0110994414e-02,0.9978661846,0.3080150383,15.2830727697,0
397355,8436264787.112010002136,8436264787.134462356567,2.245235443115e-02,8436264787.123235702515,22.9522063693,15892.5605374964,1.1218067804e-02,0.9992776337,0.2951907726,26.2948612854,0
397444,8436264813.727107048035,8436264813.758642196655,3.153514862061e-02,8436264813.742874145508,18.2522895434,8062.7739018307,1.5749717094e-02,0.9988674722,0.3310215920,20.9938184222,0
397512,8436264833.982958793640,8436264834.008355140686,2.539634704590e-02,8436264833.995656967163,23.0482872174,12426.6405278175,1.2686392101e-02,0.9990721956,0.2945748527,23.1982065899,0
397548,8436264844.769848823547,8436264844.807478904724,3.763008117676e-02,8436264844.788663864136,24.0254780898,5673.6511883124,1.8775161514e-02,0.9978804684,0.2885220296,15.3346482689,0
397795,8436264918.572707176208,8436264918.590868949890,1.816177368164e-02,8436264918.581788063049,23.2932770838,24276.7401037893,9.0765292876e-03,0.9995201401,0.2930216445,32.2679546238,0
398030,8436264988.941146850586,8436264988.963550567627,2.240371704102e-02,8436264988.952348709106,35.8095742813,15974.3970093451,1.1189295954e-02,0.9988785284,0.2363281302,21.0972250488,0
398099,8436265009.436881065369,8436265009.457050323486,2.016925811768e-02,8436265009.446966171265,28.7049158227,19694.4379452353,1.0077277136e-02,0.9992709773,0.2639592338,26.1744117939,0
398446,8436265113.267787933350,8436265113.304802894592,3.701496124268e-02,8436265113.286294937134,32.9482770166,5871.9067835546,1.8455483252e-02,0.9971904674,0.2463761381,13.3122461751,0
398514,8436265133.484926223755,8436265133.522217750549,3.729152679443e-02,8436265133.503572463989,20.9945763634,5773.6671736401,1.8611832067e-02,0.9981802123,0.3086465593,16.5531736487,0
399092,8436265306.318905830383,8436265306.360131263733,4.122543334961e-02,8436265306.339518547058,29.0389478019,4736.2050976220,2.0549428460e-02,0.9969296519,0.2624366950,12.7317858738,0
399304,8436265369.815627098083,8436265369.842839241028,2.721214294434e-02,8436265369.829233169556,22.0110530035,10825.5116368506,1.3592232110e-02,0.9989828539,0.3014356321,22.1544942402,0
399525,8436265435.654917716980,8436265435.696629524231,4.171180725098e-02,8436265435.675773620605,23.7284087910,4621.7602356042,2.0802296969e-02,0.9974296651,0.2903224967,13.9203988409,0
399548,8436265442.666111946106,8436265442.696607589722,3.049564361572e-02,8436265442.681360244751,26.3459291440,8628.6418776104,1.5224525839e-02,0.9984721773,0.2755232408,18.0696786893,0
400198,8436265636.857261657715,8436265636.871290206909,1.402854919434e-02,8436265636.864275932312,20.0602783991,40670.4270207244,7.0125445237e-03,0.9997533496,0.3157522979,45.0156739023,0
400335,8436265677.974333763123,8436265677.999544143677,2.521038055420e-02,8436265677.986938476562,18.8613792917,12606.1208308366,1.2595756754e-02,0.9992516159,0.3256328974,25.8332393473,0
400587,8436265753.113061904907,8436265753.145985603333,3.292369842529e-02,8436265753.129524230957,19.9095849240,7400.1881952043,1.6439689687e-02,0.9986538860,0.3169449927,19.2533043270,0
400711,8436265790.086562156677,8436265790.117343902588,3.078174591064e-02,8436265790.101953506470,26.9719791668,8470.1022293540,1.5366348263e-02,0.9984065431,0.2723068649,17.6927498300,0
400885,8436265842.301939964294,8436265842.344484329224,4.254436492920e-02,8436265842.323211669922,17.9536655603,4437.7870358801,2.1229109115e-02,0.9979751326,0.3337631860,15.6901242517,0
400990,8436265873.854432106018,8436265873.892216682434,3.778457641602e-02,8436265873.873324394226,18.6207097747,5622.1399975059,1.8860976325e-02,0.9983426103,0.3277305164,17.3473172097,0
401029,8436265885.303494453430,8436265885.326877593994,2.338314056396e-02,8436265885.315185546875,24.5879065512,14655.9347726227,1.1681758833e-02,0.9991608100,0.2852030863,24.3939076984,0
401163,8436265925.398971557617,8436265925.430349349976,3.137779235840e-02,8436265925.414660453796,26.6567141355,8152.0654648998,1.5663224350e-02,0.9983636944,0.2739123983,17.4589974448,0
401255,8436265952.836654663086,8436265952.878951072693,4.229640960693e-02,8436265952.857803344727,28.8198062787,4500.6260764901,2.1080384682e-02,0.9967931027,0.2634325703,12.4564979724,0
402362,8436266284.068256378174,8436266284.104842185974,3.658580780029e-02,8436266284.086549758911,29.7922208845,6006.5367122524,1.8247481411e-02,0.9975169339,0.2590977003,14.1638365164,0
402369,8436266285.944312095642,8436266285.988344192505,4.403209686279e-02,8436266285.966327667236,27.8175141581,4154.0267973712,2.1942209178e-02,0.9966461169,0.2681364400,12.1791356331,0
402523,8436266331.912271499634,8436266331.944587707520,3.231620788574e-02,8436266331.928429603577,30.3491187444,7690.7094835477,1.6126190830e-02,0.9980249469,0.2567095086,15.8873534620,0
402632,8436266364.613353729248,8436266364.648924827576,3.557109832764e-02,8436266364.631139755249,27.9510859553,6350.5471525927,1.7746365640e-02,0.9977968899,0.2674949916,15.0400186755,0
402861,8436266432.933957099915,8436266432.972889900208,3.893280029297e-02,8436266432.953423500061,32.3951901755,5310.2653610305,1.9406932078e-02,0.9969450916,0.2484704411,12.7640672751,0
403097,8436266503.658133506775,8436266503.691422462463,3.328895568848e-02,8436266503.674777984619,23.1797888883,7242.3892841961,1.6617820572e-02,0.9983984315,0.2937380853,17.6477801277,0
403116,8436266509.334449768066,8436266509.376875877380,4.242610931396e-02,8436266509.355663299561,19.6093711187,4464.1161583623,2.1166412448e-02,0.9978012498,0.3193619452,15.0549720628,0
404484,8436266918.309534072876,8436266918.331479072571,2.194499969482e-02,8436266918.320507049561,23.2070347931,16635.0886984009,1.0964843499e-02,0.9993022239,0.2935656051,26.7546693249,0
404679,8436266976.490266799927,8436266976.530279159546,4.001235961914e-02,8436266976.510272979736,36.1165179857,5033.0280447375,1.9934269375e-02,0.9964055889,0.2353217456,11.7624527941,0
404697,8436266981.836187362671,8436266981.879962921143,4.377555847168e-02,8436266981.858075141907,26.9147283377,4201.6274590784,2.1817562387e-02,0.9967919610,0.2725963256,12.4542706059,0
404844,8436267025.811157226562,8436267025.841015815735,2.985858917236e-02,8436267025.826086044312,27.3527317085,9000.6368798400,1.4906592431e-02,0.9984793551,0.2704049547,18.1123731675,0
404967,8436267062.635113716125,8436267062.673868179321,3.875446319580e-02,8436267062.654491424561,34.3071968165,5360.8636674248,1.9315129152e-02,0.9967950816,0.2414473153,12.4603617453,0
405185,8436267127.822100639343,8436267127.839472770691,1.737213134766e-02,8436267127.830786705017,81.3860695068,26589.8021259680,8.6727623309e-03,0.9984684271,0.1567616985,18.0474917383,0
405312,8436267165.768840789795,8436267165.799851417542,3.101062774658e-02,8436267165.784345626831,22.9860790849,8341.9429270967,1.5483936825e-02,0.9986213083,0.2949731931,19.0240065795,0
405749,8436267296.259702682495,8436267296.286109924316,2.640724182129e-02,8436267296.272906303406,18.4489399960,11490.5747760014,1.3193016974e-02,0.9991968917,0.3292526573,24.9365427476,0
405834,8436267321.723630905151,8436267321.761409759521,3.777885437012e-02,8436267321.742520332336,28.4332187948,5633.6500711183,1.8841699105e-02,0.9974732913,0.2652173824,14.0405201154,0
405967,8436267361.646903038025,8436267361.664081573486,1.717853546143e-02,8436267361.655492782593,22.9291227023,27132.1924113548,8.5856376149e-03,0.9995773661,0.2953393255,34.3846920041,0
406188,8436267427.714499473572,8436267427.756141662598,4.164218902588e-02,8436267427.735321044922,21.9173399877,4635.3361770725,2.0771811818e-02,0.9976330401,0.3020793760,14.5083331637,0
406219,8436267436.837093353271,8436267436.872643470764,3.555011749268e-02,8436267436.854867935181,23.4214799549,6353.4826408527,1.7742265506e-02,0.9981550980,0.2922185833,16.4398097065,0
406452,8436267506.532791137695,8436267506.575486183167,4.269504547119e-02,8436267506.554138183594,24.2833694269,4412.9745930291,2.1288706978e-02,0.9972448439,0.2869858766,13.4435213001,0
406459,8436267508.544258117676,8436267508.581033706665,3.677558898926e-02,8436267508.562645912170,27.6447835868,5942.8622139122,1.8344976816e-02,0.9976714076,0.2689728227,14.6277914270,0
406524,8436267528.042443275452,8436267528.084197044373,4.175376892090e-02,8436267528.063320159912,31.4432649649,4620.2378828795,2.0805723830e-02,0.9965914152,0.2522035411,12.0805162101,0
407169,8436267720.840702056885,8436267720.870868682861,3.016662597656e-02,8436267720.855785369873,33.0067064898,8823.9708692221,1.5055076442e-02,0.9981279613,0.2461579703,16.3198874446,0
407245,8436267743.647356987000,8436267743.689186096191,4.182910919189e-02,8436267743.668272018433,25.8858292626,4598.1651691824,2.0855601223e-02,0.9971812274,0.2779610584,13.2903168993,0
407827,8436267917.494495391846,8436267917.514859199524,2.036380767822e-02,8436267917.504676818848,21.1518494959,19312.9190904691,1.0176326611e-02,0.9994522412,0.3074969582,30.2003400391,0
407877,8436267932.579563140869,8436267932.618932723999,3.936958312988e-02,8436267932.599247932434,35.3047493605,5196.7146973709,1.9617811651e-02,0.9965973776,0.2380117686,12.0911500552,0
408112,8436268002.686786651611,8436268002.719077110291,3.229045867920e-02,8436268002.702932357788,25.0006915296,7697.5830472605,1.6118989274e-02,0.9983747480,0.2828388007,17.5184133173,0
408308,8436268061.294126510620,8436268061.324412345886,3.028583526611e-02,8436268061.309268951416,25.7669881486,8747.6624185572,1.5120598806e-02,0.9985261211,0.2786013195,18.3981268504,0
408479,8436268112.348846435547,8436268112.386868476868,3.802204132080e-02,8436268112.367856979370,18.7845407152,5552.5293552588,1.8978835703e-02,0.9983070369,0.3262982220,17.1636351277,0
410017,8436268572.256198883057,8436268572.299081802368,4.288291931152e-02,8436268572.277640342712,23.0545509538,4373.3755264708,2.1384869911e-02,0.9973607326,0.2945348332,13.7366969366,0
410473,8436268708.549324989319,8436268708.592791557312,4.346656799316e-02,8436268708.571058273315,31.1626716280,4265.4398658514,2.1653748385e-02,0.9963403777,0.2533364358,11.6566109306,0
410543,8436268729.291565895081,8436268729.332393646240,4.082775115967e-02,8436268729.311979293823,33.3530621691,4832.6659980318,2.0343309551e-02,0.9965432322,0.2448765181,11.9955917783,0
410637,8436268757.644165039062,8436268757.682096481323,3.793144226074e-02,8436268757.663130760193,24.0216940253,5584.2327216813,1.8924884745e-02,0.9978468319,0.2885447537,15.2140143636,0
410991,8436268863.357953071594,8436268863.393080711365,3.512763977051e-02,8436268863.375516891479,17.5501460181,6500.7893575172,1.7540095387e-02,0.9986492404,0.3375783847,19.2201005755,0
411318,8436268961.299528121948,8436268961.325780868530,2.625274658203e-02,8436268961.312654495239,34.6519731434,11642.2001354183,1.3106823992e-02,0.9985106854,0.2402431498,18.3023249837,0
411495,8436269014.052412033081,8436269014.089280128479,3.686809539795e-02,8436269014.070846557617,23.9796117133,5909.5503230480,1.8396609094e-02,0.9979690513,0.2887978293,15.6665445363,0
411850,8436269120.268154144287,8436269120.312632560730,4.447841644287e-02,8436269120.290393829346,21.0309868483,4064.8466816837,2.2181602231e-02,0.9974097104,0.3083792671,13.8664679073,0
412037,8436269176.152956962585,8436269176.178531646729,2.557468414307e-02,8436269176.165744781494,16.6452307749,12247.8554232744,1.2778649912e-02,0.9993202528,0.3466331450,27.1075210949,0
412163,8436269213.660960197449,8436269213.699322700500,3.836250305176e-02,8436269213.680141448975,49.3513036861,5485.3095846134,1.9094769754e-02,0.9954913384,0.2013101549,10.4951522386,0
412994,8436269462.195318222046,8436269462.234987258911,3.966903686523e-02,8436269462.215152740479,21.2296780085,5105.0088145679,1.9793233575e-02,0.9979185349,0.3069327950,15.4746784529,0
413856,8436269719.940174102783,8436269719.970935821533,3.076171875000e-02,8436269719.955554962158,22.9655129242,8477.0930009564,1.5360010902e-02,0.9986445183,0.2951052413,19.1865248964,0
414117,8436269797.883608818054,8436269797.924375534058,4.076671600342e-02,8436269797.903991699219,26.3498176292,4840.0443925305,2.0327797481e-02,0.9972742214,0.2755029103,13.5160708212,0
414274,8436269844.941500663757,8436269844.964964866638,2.346420288086e-02,8436269844.953232765198,25.3517504344,14555.7787477377,1.1721880107e-02,0.9991287722,0.2808736657,23.9406100569,0
414653,8436269958.143788337708,8436269958.177358627319,3.357028961182e-02,8436269958.160573959351,23.3252602162,7122.0414158624,1.6757635912e-02,0.9983611167,0.2928206829,17.4452282822,0
415328,8436270159.798530578613,8436270159.842285156250,4.375457763672e-02,8436270159.820407867432,22.1239827520,4200.8413211709,2.1819603741e-02,0.9973632438,0.3006653232,13.7432625070,0
416299,8436270450.183236122131,8436270450.224889755249,4.165363311768e-02,8436270450.204063415527,23.2836939308,4634.1678596331,2.0774430038e-02,0.9974846602,0.2930819396,14.0723349981,0
416928,8436270638.250254631042,8436270638.294561386108,4.430675506592e-02,8436270638.272407531738,23.1424324964,4098.3534170089,2.2090741543e-02,0.9971726212,0.2939750650,13.2699884943,0
417021,8436270666.064186096191,8436270666.088240623474,2.405452728271e-02,8436270666.076213836670,34.2167284963,13860.2097637872,1.2012408602e-02,0.9987648862,0.2417662955,20.1015212340,0
417027,8436270667.800870895386,8436270667.837507247925,3.663635253906e-02,8436270667.819189071655,16.8964563636,5977.1608901229,1.8292266702e-02,0.9985855815,0.3440465303,18.7817021299,0
417042,8436270672.465322494507,8436270672.490345954895,2.502346038818e-02,8436270672.477834701538,23.3242949902,12799.3346311787,1.2500324900e-02,0.9990884319,0.2928267417,23.4041764937,0
417078,8436270683.062757492065,8436270683.098806381226,3.604888916016e-02,8436270683.080781936646,22.1123468173,6178.2201141026,1.7992160198e-02,0.9982088557,0.3007444207,16.6853641075,0
417177,8436270712.477982521057,8436270712.505426406860,2.744388580322e-02,8436270712.491704940796,52.8006134133,10674.6167608132,1.3687963922e-02,0.9975237487,0.1946236055,14.1833854653,0
417538,8436270820.588595390320,8436270820.632343292236,4.374790191650e-02,8436270820.610469818115,23.5240850700,4203.5168252788,2.1812658636e-02,0.9971979309,0.2915806013,13.3300381735,0
418406,8436271079.983304977417,8436271080.023926734924,4.062175750732e-02,8436271080.003616333008,32.1633650317,4880.2745182181,2.0243838867e-02,0.9966993114,0.2493642884,12.2773756563,0
418506,8436271109.949065208435,8436271109.992000579834,4.293537139893e-02,8436271109.970533370972,25.1403056897,4364.8386161067,2.1405772349e-02,0.9971159746,0.2820523489,13.1384608853,0
418597,8436271137.111711502075,8436271137.140165328979,2.845382690430e-02,8436271137.125938415527,23.9707572677,9905.1463415554,1.4209688241e-02,0.9987892517,0.2888511632,20.3031503738,0
418642,8436271150.707496643066,8436271150.741107940674,3.361129760742e-02,8436271150.724302291870,26.0565070874,7107.4614276116,1.6774815109e-02,0.9981652780,0.2770491991,16.4854807082,0
418671,8436271159.366205215454,8436271159.399039268494,3.283405303955e-02,8436271159.382621765137,19.8309205610,7440.4646525048,1.6395133938e-02,0.9986664709,0.3175729918,19.3441236984,0
418803,8436271198.955236434937,8436271198.988445281982,3.320884704590e-02,8436271198.971840858459,34.1297917551,7288.2106335505,1.6565499667e-02,0.9976558140,0.2420740179,14.5788872217,0
418808,8436271200.109060287476,8436271200.153068542480,4.400825500488e-02,8436271200.131064414978,24.1966439180,4154.8779582803,2.1939961542e-02,0.9970839125,0.2874997234,13.0657179355,0
418986,8436271253.639277458191,8436271253.659472465515,2.019500732422e-02,8436271253.649374961853,40.9212428391,19656.5375091386,1.0086987627e-02,0.9989585510,0.2210754869,21.8940734530,0
419056,8436271274.171297073364,8436271274.204293251038,3.299617767334e-02,8436271274.187795639038,34.3988986585,7382.2901487292,1.6459606284e-02,0.9976674539,0.2411252710,14.6153456564,0
419627,8436271445.055616378784,8436271445.087147712708,3.153133392334e-02,8436271445.071382522583,26.2185781307,8072.6867792286,1.5740044170e-02,0.9983747728,0.2761915772,17.5185469681,0
419843,8436271509.526172637939,8436271509.560047149658,3.387451171875e-02,8436271509.543109893799,31.1283134071,7002.9119283734,1.6899570436e-02,0.9977749983,0.2534762087,14.9656007318,0
420299,8436271645.710003852844,8436271645.751063346863,4.105949401855e-02,8436271645.730533599854,28.6079111364,4773.8983687113,2.0468141623e-02,0.9969992136,0.2644063761,12.8791833597,0
420621,8436271742.257968902588,8436271742.292119026184,3.415012359619e-02,8436271742.275043487549,25.6233617780,6885.3281718591,1.7043260242e-02,0.9981375437,0.2793810490,16.3619348647,0
420691,8436271763.156929016113,8436271763.197589874268,4.066085815430e-02,8436271763.177259445190,34.3521887875,4873.1436597999,2.0258644831e-02,0.9964691229,0.2412891486,11.8683746241,0
420857,8436271812.890640258789,8436271812.922728538513,3.208827972412e-02,8436271812.906684875488,28.8118395344,7798.3842263294,1.6014474169e-02,0.9981509951,0.2634689885,16.4215090864,0
420990,8436271852.429524421692,8436271852.456018447876,2.649402618408e-02,8436271852.442771911621,27.6546688921,11424.7469469059,1.3230970561e-02,0.9987889699,0.2689247455,20.3007835530,0
421142,8436271898.025719642639,8436271898.060213088989,3.449344635010e-02,8436271898.042966842651,30.5571632780,6754.3884929401,1.7207666468e-02,0.9977354129,0.2558341292,14.8337818487,0
421463,8436271993.853799819946,8436271993.886922836304,3.312301635742e-02,8436271993.870361328125,31.6708327144,7323.3949518075,1.6525658339e-02,0.9978353518,0.2512958154,15.1734861731,0
421590,8436272032.076585769653,8436272032.089403152466,1.281738281250e-02,8436272032.082994461060,25.7971530633,48721.5714841291,6.4069945410e-03,0.9997352244,0.2784383860,43.4469953853,0
422044,8436272167.585034370422,8436272167.621331214905,3.629684448242e-02,8436272167.603182792664,24.5786215647,6096.8650038872,1.8111803941e-02,0.9979822874,0.2852569513,15.7180027858,0
422069,8436272175.221803665161,8436272175.253583908081,3.178024291992e-02,8436272175.237693786621,21.8313977877,7942.7502113105,1.5868268685e-02,0.9986247572,0.3026733798,19.0478959260,0
422773,8436272385.698512077332,8436272385.728355407715,2.984333038330e-02,8436272385.713434219360,20.3168757377,9002.7793864703,1.4904818569e-02,0.9988709958,0.3137520237,21.0266092714,0
422854,8436272409.904919624329,8436272409.949063301086,4.414367675781e-02,8436272409.926991462708,56.1410070757,4161.5174025827,2.1922452628e-02,0.9932318392,0.1887447578,8.5513836487,0
423664,8436272651.929559707642,8436272651.969766616821,4.020690917969e-02,8436272651.949663162231,37.0540723605,4985.7253840348,2.0028610507e-02,0.9962770537,0.2323255774,11.5565002208,0
423797,8436272691.723658561707,8436272691.748181343079,2.452278137207e-02,8436272691.735919952393,42.1954148641,13345.2243104130,1.2241991084e-02,0.9984178302,0.2177119999,17.7558977987,0
423849,8436272707.032370567322,8436272707.060773849487,2.840328216553e-02,8436272707.046571731567,84.8764775693,10001.2512211234,1.4141250960e-02,0.9957476659,0.1535045751,10.8089321677,0
423888,8436272719.000100135803,8436272719.033854484558,3.375434875488e-02,8436272719.016977310181,22.6120294485,7044.1220576122,1.6850064262e-02,0.9983936816,0.2974029189,17.6216060961,0
424085,8436272777.709671020508,8436272777.733164787292,2.349376678467e-02,8436272777.721418380737,26.5250311340,14520.4056655971,1.1736149227e-02,0.9990862116,0.2745914729,23.3756872995,0
424423,8436272878.824208259583,8436272878.860141754150,3.593349456787e-02,8436272878.842174530029,31.8095459126,6227.5194833742,1.7920802365e-02,0.9974427804,0.2507472987,13.9561877697,0
424746,8436272975.441123008728,8436272975.470408439636,2.928543090820e-02,8436272975.455765724182,27.1640492234,9355.1256514467,1.4621441309e-02,0.9985471175,0.2713424509,18.5308832744,0
424845,8436273004.927598953247,8436273004.970400810242,4.280185699463e-02,8436273004.948999404907,52.6321856458,4419.4468864809,2.1273112578e-02,0.9940275526,0.1949347634,9.1087058859,0
425286,8436273136.898599624634,8436273136.936257362366,3.765773773193e-02,8436273136.917428970337,26.8479965277,5668.1783699401,1.8784223355e-02,0.9976288798,0.2729348901,14.4955542471,0
425917,8436273325.561181068420,8436273325.594125747681,3.294467926025e-02,8436273325.577653884888,16.5445561786,7387.4258917185,1.6453883925e-02,0.9988795942,0.3476861870,21.1072740581,0
426071,8436273371.628086090088,8436273371.671914100647,4.382801055908e-02,8436273371.649999618530,24.9313249392,4189.6576855780,2.1848706341e-02,0.9970202189,0.2832319995,12.9247025308,0
426788,8436273585.666241645813,8436273585.697435379028,3.119373321533e-02,8436273585.681838989258,24.1250649905,8245.7049304632,1.5574033445e-02,0.9985360417,0.2879259125,18.4604972088,0
426860,8436273607.397624015808,8436273607.441208839417,4.358482360840e-02,8436273607.419416427612,31.8619899708,4243.1932264204,2.1710438400e-02,0.9962384428,0.2505408518,11.4967014208,0
426863,8436273608.211595535278,8436273608.250049591064,3.845405578613e-02,8436273608.230822563171,31.3393168983,5441.4441791753,1.9171580111e-02,0.9971161543,0.2526214566,13.1388719031,0
426945,8436273632.724597930908,8436273632.753481864929,2.888393402100e-02,8436273632.739040374756,21.3413601771,9610.4292329110,1.4425922851e-02,0.9988890600,0.3061286315,21.1971562684,0
427093,8436273676.792094230652,8436273676.811491966248,1.939773559570e-02,8436273676.801793098450,20.5020548301,21281.7090825757,9.6941948970e-03,0.9995182014,0.3123318708,32.2029207213,0
427274,8436273731.061881065369,8436273731.094135284424,3.225421905518e-02,8436273731.078008651733,40.6319289329,7730.4652187802,1.6084671015e-02,0.9973684986,0.2218611592,13.7570318339,0
427588,8436273824.953320503235,8436273824.990542411804,3.722190856934e-02,8436273824.971931457520,27.8273078063,5802.0391222517,1.8566270407e-02,0.9975990550,0.2680892513,14.4049169763,0
428868,8436274207.685126304626,8436274207.711531639099,2.640533447266e-02,8436274207.698328971863,27.3021076710,11501.0853461860,1.3186987202e-02,0.9988123586,0.2706555333,20.5000647584,0
429508,8436274399.019060134888,8436274399.038240432739,1.918029785156e-02,8436274399.028650283813,25.8900176298,21771.8854696696,9.5844451712e-03,0.9994052486,0.2779385739,28.9816744246,0
429701,8436274456.594589233398,8436274456.621538162231,2.694892883301e-02,8436274456.608063697815,26.6054237767,11042.1753567103,1.3458221691e-02,0.9987945550,0.2741762975,20.3478438208,0
429894,8436274514.495844841003,8436274514.530669212341,3.482437133789e-02,8436274514.513257026672,36.5417516813,6633.1913645302,1.7364158223e-02,0.9972417336,0.2339485279,13.4359081832,0
429937,8436274527.237228393555,8436274527.271280288696,3.405189514160e-02,8436274527.254254341125,27.8007812920,6927.1386321159,1.6991747987e-02,0.9979913257,0.2682171214,15.7534328303,0
430439,8436274677.301101684570,8436274677.336439132690,3.533744812012e-02,8436274677.318770408630,19.9167317005,6426.3988634081,1.7641323309e-02,0.9984491947,0.3168881224,17.9349748951,0
430575,8436274717.939160346985,8436274717.958973884583,1.981353759766e-02,8436274717.949067115784,19.8899235818,20398.0955561287,9.9019376387e-03,0.9995123375,0.3171016053,32.0085803658,0
430681,8436274749.757544517517,8436274749.776644706726,1.910018920898e-02,8436274749.767094612122,20.0615219206,21948.8504879094,9.5457291542e-03,0.9995428893,0.3157425118,33.0617155992,0
431097,8436274874.022688865662,8436274874.030676841736,7.987976074219e-03,8436274874.026682853699,33.3470858264,125409.9435852166,3.9934569918e-03,0.9998670388,0.2448984600,61.3167735474,0
431122,8436274881.313722610474,8436274881.346609115601,3.288650512695e-02,8436274881.330165863037,27.5258400135,7424.5074794259,1.6412743157e-02,0.9981445638,0.2695533336,16.3929449211,0
431400,8436274964.484482765198,8436274964.508213996887,2.373123168945e-02,8436274964.496348381042,23.9969841281,14229.2648719241,1.1855606222e-02,0.9991564178,0.2886932740,24.3302393852,0
431561,8436275012.883153915405,8436275012.917238235474,3.408432006836e-02,8436275012.900196075439,40.7734040619,6926.9906108801,1.6991929533e-02,0.9970525742,0.2214759189,12.9957657064,0
432231,8436275213.056715011597,8436275213.086566925049,2.985191345215e-02,8436275213.071640968323,41.3754908510,9018.6734408101,1.4891679028e-02,0.9977034840,0.2198585798,14.7299488983,0
432563,8436275312.278019905090,8436275312.297989845276,1.996994018555e-02,8436275312.288004875183,26.6782401849,20086.9336800873,9.9783371755e-03,0.9993357099,0.2738018692,27.4214010357,0
432851,8436275398.096442222595,8436275398.117407798767,2.096557617188e-02,8436275398.106925010681,19.7490141305,18219.9583329629,1.0477105283e-02,0.9994578920,0.3182308564,30.3574634721,0
432968,8436275433.134858131409,8436275433.168577194214,3.371906280518e-02,8436275433.151718139648,23.9541214615,7060.1674222551,1.6830906132e-02,0.9983021313,0.2889514473,17.1387591052,0
433041,8436275455.113609313965,8436275455.135908126831,2.229881286621e-02,8436275455.124758720398,25.2688689128,16114.1743832087,1.1140661231e-02,0.9992156352,0.2813339194,25.2330849259,0
433128,8436275481.181592941284,8436275481.225729942322,4.413700103760e-02,8436275481.203660964966,18.9792008821,4125.5975664439,2.2017680569e-02,0.9976971725,0.3246205704,14.7096795340,0
433375,8436275555.171554565430,8436275555.187043190002,1.548862457275e-02,8436275555.179298400879,21.1987430004,33368.7754994712,7.7418519658e-03,0.9996823061,0.3071566646,39.6622260604,0
433397,8436275561.457445144653,8436275561.501855850220,4.441070556641e-02,8436275561.479650497437,25.4564580080,4081.6123773094,2.2135998602e-02,0.9968766909,0.2802954253,12.6228764786,0
434240,8436275813.607670783997,8436275813.647564888000,3.989410400391e-02,8436275813.627617835999,39.6604825322,5066.2399847793,1.9868821985e-02,0.9960781164,0.2245618621,11.2578972629,0
434370,8436275852.407080650330,8436275852.446766853333,3.968620300293e-02,8436275852.426923751831,21.6560836872,5101.0382272293,1.9800935485e-02,0.9978750289,0.3038960375,15.3149464790,0
434565,8436275910.785817146301,8436275910.800268173218,1.445102691650e-02,8436275910.793043136597,36.1056436904,38344.3780591224,7.2221108309e-03,0.9995290816,0.2353571800,32.5730733719,0
434584,8436275916.298238754272,8436275916.323432922363,2.519416809082e-02,8436275916.310835838318,31.2563373902,12634.7208203460,1.2581492782e-02,0.9987623117,0.2529565648,20.0805649824,0
434838,8436275992.449769020081,8436275992.482568740845,3.279972076416e-02,8436275992.466169357300,23.1292578017,7459.3058401413,1.6374414912e-02,0.9984484337,0.2940587789,17.9305659933,0
434884,8436276006.061833381653,8436276006.086650848389,2.481746673584e-02,8436276006.074241638184,24.1025027862,13013.0837593750,1.2397236472e-02,0.9990734835,0.2880606438,23.2143471255,0
434965,8436276030.394496917725,8436276030.420809745789,2.631282806396e-02,8436276030.407653808594,23.4982125372,11578.0986270658,1.3143056518e-02,0.9989847147,0.2917410784,22.1748173734,0
435134,8436276080.946402549744,8436276080.987618446350,4.121589660645e-02,8436276080.967010498047,18.6038063363,4727.9485441214,2.0567363665e-02,0.9980306318,0.3278793707,15.9103354629,0
435294,8436276128.647506713867,8436276128.674365043640,2.685832977295e-02,8436276128.660936355591,26.5347690291,11116.5459295246,1.3413127860e-02,0.9988058061,0.2745410827,20.4436452284,0
435560,8436276208.222764015198,8436276208.263141632080,4.037761688232e-02,8436276208.242952346802,23.9746461856,4930.8906185710,2.0139668301e-02,0.9975659712,0.2888277350,14.3063289668,0
435622,8436276226.803738594055,8436276226.829892158508,2.615356445312e-02,8436276226.816815376282,34.6255703605,11730.3792469262,1.3057468031e-02,0.9985230162,0.2403347278,18.3787359640,0
436187,8436276395.654648780823,8436276395.673155784607,1.850700378418e-02,8436276395.663902282715,23.8727224215,23380.9103008208,9.2487766120e-03,0.9994893522,0.2894436483,31.2793633912,0
436333,8436276439.158783912659,8436276439.199235916138,4.045200347900e-02,8436276439.179010391235,27.9146825064,4916.8007358091,2.0168504385e-02,0.9971572555,0.2676693544,13.2339232382,0
436737,8436276559.836552619934,8436276559.871707916260,3.515529632568e-02,8436276559.854129791260,32.7201758391,6505.7627141341,1.7533389807e-02,0.9974821230,0.2472334239,14.0652163250,0
437114,8436276672.810626983643,8436276672.840214729309,2.958774566650e-02,8436276672.825420379639,22.0576739398,9160.3749673372,1.4776050686e-02,0.9987953021,0.3011169075,20.3541635712,0
437152,8436276684.140853881836,8436276684.182892799377,4.203891754150e-02,8436276684.161872863770,20.8257969939,4547.5802476384,2.0971273881e-02,0.9977076056,0.3098947241,14.7432304262,0
437374,8436276750.493678092957,8436276750.515995979309,2.231788635254e-02,8436276750.504837036133,28.3606937782,16089.7779070720,1.1149104167e-02,0.9991182848,0.2655562777,23.7976189593,0
437528,8436276796.670742988586,8436276796.713208198547,4.246520996094e-02,8436276796.691975593567,19.2417066367,4455.5675342676,2.1186708066e-02,0.9978383757,0.3223986416,15.1841303474,0
437843,8436276890.726091384888,8436276890.767231941223,4.114055633545e-02,8436276890.746662139893,21.1293984031,4747.7382771813,2.0524454005e-02,0.9977723120,0.3076602806,14.9565444920,0
438219,8436277002.969050407410,8436277003.006918907166,3.786849975586e-02,8436277002.987984657288,19.5117984370,5598.2218140887,1.8901224772e-02,0.9982558007,0.3201594663,16.9090124188,0
438464,8436277076.169726371765,8436277076.209281921387,3.955554962158e-02,8436277076.189504623413,104.7614145253,5217.7537325803,1.9578220215e-02,0.9899101594,0.1381701792,6.9861337056,0
438553,8436277102.695759773254,8436277102.729750633240,3.399085998535e-02,8436277102.712755203247,30.3571242471,6954.4945968921,1.6958295976e-02,0.9978150587,0.2566756578,15.1026280567,0
439077,8436277259.713380813599,8436277259.755386352539,4.200553894043e-02,8436277259.734383583069,22.4726479519,4556.4240905794,2.0950911780e-02,0.9975309118,0.2983237803,14.2040210795,0
439118,8436277271.784022331238,8436277271.805212974548,2.119064331055e-02,8436277271.794617652893,24.0552709805,17839.7065930596,1.0588175817e-02,0.9993255667,0.2883433043,27.2142096034,0
439444,8436277369.338895797729,8436277369.379752159119,4.085636138916e-02,8436277369.359323501587,18.6267327638,4811.2204521609,2.0388598299e-02,0.9980623631,0.3276775259,16.0404654157,0
439543,8436277398.890669822693,8436277398.926860809326,3.619098663330e-02,8436277398.908765792847,22.1981754248,6130.0591204973,1.8062699894e-02,0.9981877575,0.3001624477,16.5876907847,0
439939,8436277517.307749748230,8436277517.349643707275,4.189395904541e-02,8436277517.328697204590,32.7258589591,4590.8608134246,2.0872185932e-02,0.9964293854,0.2472119559,11.8017948896,0
440070,8436277556.394358634949,8436277556.422778129578,2.841949462891e-02,8436277556.408568382263,89.8846643858,9994.9486504766,1.4145708821e-02,0.9954933404,0.1491668083,10.4974990041,0
440267,8436277615.269101142883,8436277615.306181907654,3.708076477051e-02,8436277615.287641525269,23.5233685174,5841.7766307628,1.8503015997e-02,0.9979845945,0.2915850422,15.7270241870,0
440350,8436277640.200798034668,8436277640.242346763611,4.154872894287e-02,8436277640.221572875977,35.0621427761,4669.2592543279,2.0696218640e-02,0.9962383527,0.2388337903,11.4965630157,0
440644,8436277727.917648315430,8436277727.954302787781,3.665447235107e-02,8436277727.935976028442,23.3867920105,5977.7598750006,1.8291350216e-02,0.9980419328,0.2924352164,15.9563184324,0
440777,8436277767.775457382202,8436277767.815452575684,3.999519348145e-02,8436277767.795454978943,17.6489389854,5018.8507852459,1.9962404701e-02,0.9982401866,0.3366322323,16.8336343928,0
441268,8436277914.605687141418,8436277914.648463249207,4.277610778809e-02,8436277914.627075195312,27.4316077522,4399.5051253374,2.1321270687e-02,0.9968775463,0.2700159176,12.6246136698,0
441505,8436277985.451094627380,8436277985.491799354553,4.070472717285e-02,8436277985.471446990967,77.3456278211,4905.7128233139,2.0191283989e-02,0.9920854599,0.1608040984,7.9010036204,0
441563,8436278002.852395057678,8436278002.886144638062,3.374958038330e-02,8436278002.869270324707,29.1027760127,7052.5970382750,1.6839937008e-02,0.9979346004,0.2621487489,15.5349338241,0
441720,8436278049.723581314087,8436278049.755093574524,3.151226043701e-02,8436278049.739337921143,27.6491438991,8083.8608953425,1.5729161876e-02,0.9982883905,0.2689516131,17.0696490439,0
441921,8436278109.569901466370,8436278109.587470054626,1.756858825684e-02,8436278109.578685760498,26.6966653000,25945.5782547804,8.7797736719e-03,0.9994853933,0.2737073686,31.1587208537,0
442280,8436278216.913131713867,8436278216.954527854919,4.139614105225e-02,8436278216.933830261230,17.9588246485,4686.3825856002,2.0658373616e-02,0.9980820961,0.3337152419,16.1230121189,0
442499,8436278282.568107604980,8436278282.605954170227,3.784656524658e-02,8436278282.587030410767,23.3669086753,5608.5452379160,1.8883821397e-02,0.9979146733,0.2925596092,15.4602990951,0
442533,8436278292.920031547546,8436278292.937690734863,1.765918731689e-02,8436278292.928861618042,31.7360371356,25685.3503101400,8.8241371839e-03,0.9993820243,0.2510375282,28.4313795043,0
442737,8436278353.483237266541,8436278353.527338027954,4.410076141357e-02,8436278353.505287170410,35.7566155493,4149.1269485543,2.1955161515e-02,0.9956817439,0.2365030769,10.7255779420,0
442991,8436278429.545489311218,8436278429.585816383362,4.032707214355e-02,8436278429.565652847290,22.0395630683,4941.2636055634,2.0118518015e-02,0.9977673531,0.3012406025,14.9398697469,0
443217,8436278497.105010986328,8436278497.149577140808,4.456615447998e-02,8436278497.127294540405,30.5282396591,4058.4373700102,2.2199110536e-02,0.9962318174,0.2559552940,11.4865326383,0
443540,8436278593.800196647644,8436278593.837559700012,3.736305236816e-02,8436278593.818878173828,32.8580774456,5763.5266176780,1.8628198035e-02,0.9971454072,0.2467140732,13.2063125209,0
443812,8436278675.138520240784,8436278675.166460990906,2.794075012207e-02,8436278675.152490615845,24.1388539987,10271.5429903114,1.3953949719e-02,0.9988242734,0.2878436638,20.6038608480,0
443985,8436278726.567751884460,8436278726.610959053040,4.320716857910e-02,8436278726.589355468750,19.1225215597,4304.3943148004,2.1555543285e-02,0.9977762484,0.3234017891,14.9698209710,0
445118,8436279065.502762794495,8436279065.543536186218,4.077339172363e-02,8436279065.523149490356,23.9999575261,4836.1183943559,2.0336046939e-02,0.9975155894,0.2886753900,14.1599890435,0
445367,8436279139.922398567200,8436279139.960349082947,3.795051574707e-02,8436279139.941373825073,19.1524748579,5573.7759126470,1.8942628657e-02,0.9982804336,0.3231487999,17.0300083428,0
445405,8436279151.262152671814,8436279151.286328315735,2.417564392090e-02,8436279151.274240493774,25.0224677531,13712.8298853396,1.2076788306e-02,0.9990872091,0.2827157013,23.3884733080,0
445918,8436279304.527252197266,8436279304.552863121033,2.561092376709e-02,8436279304.540058135986,24.4432847140,12221.0634828203,1.2792649405e-02,0.9989994521,0.2860455624,22.3377778138,0
446543,8436279491.525159835815,8436279491.553941726685,2.878189086914e-02,8436279491.539550781250,29.2327576406,9686.4353584791,1.4369213761e-02,0.9984899065,0.2615652856,18.1756846206,0
446997,8436279627.329725265503,8436279627.358913421631,2.918815612793e-02,8436279627.344319343567,34.5621303076,9424.8015555740,1.4567294173e-02,0.9981647425,0.2405551983,16.4830691743,0
447056,8436279644.931758880615,8436279644.958082199097,2.632331848145e-02,8436279644.944920539856,22.4754006698,11567.8681289165,1.3148867022e-02,0.9990280695,0.2983055108,22.6647343909,0
447516,8436279782.330046653748,8436279782.349349975586,1.930332183838e-02,8436279782.339698791504,19.4663725681,21489.1618144855,9.6472883569e-03,0.9995469627,0.3205328037,33.2101185842,0
447600,8436279807.556915283203,8436279807.583849906921,2.693462371826e-02,8436279807.570383071899,21.4457298846,11048.7196197053,1.3454235384e-02,0.9990290211,0.3053828065,22.6758546706,0
448071,8436279948.268305778503,8436279948.313002586365,4.469680786133e-02,8436279948.290654182434,36.1345152618,4040.5300742094,2.2248248465e-02,0.9955184511,0.2352631357,10.5270665622,0
448298,8436280016.225188255310,8436280016.251650810242,2.646255493164e-02,8436280016.238419532776,19.9369697482,11444.1539191419,1.3219747275e-02,0.9991285655,0.3167272448,23.9377675832,0
448422,8436280053.272663116455,8436280053.315719604492,4.305648803711e-02,8436280053.294191360474,40.4742215626,4355.7919829974,2.1427989861e-02,0.9953431336,0.2222929787,10.3256437704,0
448452,8436280062.289894104004,8436280062.324171066284,3.427696228027e-02,8436280062.307032585144,26.4468768251,6835.4782283300,1.7105294101e-02,0.9980635951,0.2749969022,16.0455818655,0
448601,8436280106.911930084229,8436280106.935072898865,2.314281463623e-02,8436280106.923501968384,19.9394871759,14956.7418031926,1.1563691571e-02,0.9993332058,0.3167072502,27.3698126360,0
448787,8436280162.445129394531,8436280162.483432769775,3.830337524414e-02,8436280162.464281082153,36.2565871714,5489.0104833101,1.9088331460e-02,0.9966918758,0.2348667494,12.2635014729,0
449622,8436280411.889235496521,8436280411.914494514465,2.525901794434e-02,8436280411.901865005493,21.2870841957,12560.1185224645,1.2618802090e-02,0.9991522329,0.3065186534,24.2700372620,0
449650,8436280420.339090347290,8436280420.383186340332,4.409599304199e-02,8436280420.361138343811,28.7370276844,4142.9970169754,2.1971397816e-02,0.9965258202,0.2638117134,11.9653372220,0
449927,8436280503.021433830261,8436280503.066105842590,4.467201232910e-02,8436280503.043769836426,29.9458937614,4038.7880254102,2.2253046112e-02,0.9962858153,0.2584320413,11.5701992309,0
449984,8436280520.114851951599,8436280520.139704704285,2.485275268555e-02,8436280520.127278327942,24.5167648340,12976.6406819059,1.2414632218e-02,0.9990549035,0.2856165817,22.9847039749,0
450408,8436280646.802782058716,8436280646.845618247986,4.283618927002e-02,8436280646.824199676514,28.3926379619,4388.2103296066,2.1348692417e-02,0.9967596456,0.2654068487,12.3917114589,0
450442,8436280657.114209175110,8436280657.143785476685,2.957630157471e-02,8436280657.128997802734,30.4848106991,9175.8753329427,1.4763565175e-02,0.9983374789,0.2561375473,17.3204581833,0
451091,8436280851.060986518860,8436280851.088836669922,2.785015106201e-02,8436280851.074911117554,37.9312891320,10352.1153343746,1.3899540615e-02,0.9981662637,0.2296234281,16.4899233486,0
451745,8436281046.503905296326,8436281046.521564483643,1.765918731689e-02,8436281046.512735366821,29.8014942822,25683.4157672866,8.8244695063e-03,0.9994196616,0.2590573851,29.3396723711,0
451765,8436281052.541701316833,8436281052.585708618164,4.400730133057e-02,8436281052.563705444336,25.0696223077,4155.9299691143,2.1937184481e-02,0.9969793111,0.2824496899,12.8364921907,0
451877,8436281086.143949508667,8436281086.182476043701,3.852653503418e-02,8436281086.163212776184,23.0686346869,5412.8367868180,1.9222175223e-02,0.9978668056,0.2944449106,15.2853045470,0
451980,8436281116.720530509949,8436281116.751228332520,3.069782257080e-02,8436281116.735879898071,23.7005129463,8513.0584236555,1.5327530567e-02,0.9986070205,0.2904933033,18.9259875104,0
452007,8436281124.897476196289,8436281124.923220634460,2.574443817139e-02,8436281124.910348892212,61.9643865367,12132.4057303087,1.2839305572e-02,0.9974430583,0.1796569079,13.9569491995,0
452287,8436281208.691194534302,8436281208.715501785278,2.430725097656e-02,8436281208.703348159790,28.4823707862,13568.4709066317,1.2140862594e-02,0.9989498694,0.2649884409,21.8032422631,0
452485,8436281267.807487487793,8436281267.848978996277,4.149150848389e-02,8436281267.828233718872,21.1521400144,4668.1400004443,2.0698699600e-02,0.9977318423,0.3074948465,14.8220615603,0
452771,8436281353.380175590515,8436281353.406426429749,2.625083923340e-02,8436281353.393301010132,26.1175198814,11635.3525193075,1.3110680227e-02,0.9988770348,0.2767254044,21.0831662924,0
452997,8436281420.931130409241,8436281420.958306312561,2.717590332031e-02,8436281420.944718360901,22.0881251359,10854.4212994719,1.3574119268e-02,0.9989820105,0.3009092726,22.1453004911,0
453265,8436281500.907250404358,8436281500.936067581177,2.881717681885e-02,8436281500.921659469604,13.5624123591,9647.1294614591,1.4398456694e-02,0.9992968280,0.3840135293,26.6517106623,0
453561,8436281589.389464378357,8436281589.413349151611,2.388477325439e-02,8436281589.401407241821,27.7406599399,14050.9604689282,1.1930591940e-02,0.9990123677,0.2685076129,22.4835806483,0
453821,8436281667.226566314697,8436281667.240347862244,1.378154754639e-02,8436281667.233457565308,27.9642505760,42148.5121187962,6.8884874849e-03,0.9996682102,0.2674320204,38.8101582180,0
453926,8436281698.479051589966,8436281698.519905090332,4.085350036621e-02,8436281698.499478340149,21.3067651701,4814.5717710234,2.0381501033e-02,0.9977848092,0.3063770556,14.9988154196,0
454077,8436281743.818135261536,8436281743.835078239441,1.694297790527e-02,8436281743.826606750488,148.2490710436,28016.5504168351,8.4490458585e-03,0.9973507498,0.1161499447,13.7106883317,0
454577,8436281893.103734016418,8436281893.142704010010,3.896999359131e-02,8436281893.123218536377,31.3894451859,5299.1899339134,1.9427201956e-02,0.9970338800,0.2524196604,12.9545651467,0
454834,8436281970.014914512634,8436281970.053849220276,3.893470764160e-02,8436281970.034381866455,23.2930389472,5300.6461137465,1.9424533278e-02,0.9978003922,0.2930231424,15.0520273619,0
455910,8436282291.787264823914,8436282291.815510749817,2.824592590332e-02,8436282291.801387786865,27.0113391167,10054.1808305282,1.4103978973e-02,0.9986558077,0.2721083947,19.2670897455,0
455975,8436282311.094724655151,8436282311.118044853210,2.332019805908e-02,8436282311.106384277344,25.1412200136,14735.5763034857,1.1650147798e-02,0.9991465569,0.2820472200,24.1890930195,0
456887,8436282583.915891647339,8436282583.958170890808,4.227924346924e-02,8436282583.937030792236,33.3334137300,4508.7716896064,2.1061334007e-02,0.9962966354,0.2449486789,11.5871836288,0
457779,8436282850.193063735962,8436282850.231314659119,3.825092315674e-02,8436282850.212188720703,31.3642818803,5499.0827538610,1.9070842093e-02,0.9971441481,0.2525208972,13.2033883808,0
458646,8436283109.761097908020,8436283109.781521797180,2.042388916016e-02,8436283109.771309852600,28.7365883054,19207.1685961019,1.0204302478e-02,0.9992516506,0.2638137303,25.8338388142,0
459328,8436283313.514178276062,8436283313.550653457642,3.647518157959e-02,8436283313.532415390015,31.6176748430,6044.6710911185,1.8189830852e-02,0.9973812364,0.2515069748,13.7905810963,0
459507,8436283367.138495445251,8436283367.145388603210,6.893157958984e-03,8436283367.141942024231,54.4740327612,168420.1373827845,3.4460215514e-03,0.9998382663,0.1916109102,55.5945218104,0
459645,8436283408.230914115906,8436283408.269362449646,3.844833374023e-02,8436283408.250138282776,24.3162452118,5436.0315373251,1.9181122281e-02,0.9977609127,0.2867918072,14.9182957660,0
459932,8436283493.979463577271,8436283494.015372276306,3.590869903564e-02,8436283493.997417449951,25.1698031828,6229.4391688683,1.7918040884e-02,0.9979777249,0.2818870262,15.7002082392,0
459934,8436283494.549872398376,8436283494.594561576843,4.468917846680e-02,8436283494.572216987610,18.5042184855,4024.2671653551,2.2293158061e-02,0.9976982717,0.3287604937,14.7132037337,0
459996,8436283513.125096321106,8436283513.166439056396,4.134273529053e-02,8436283513.145767211914,18.0300818545,4698.5227956280,2.0631667434e-02,0.9980794589,0.3330551463,16.1119066717,0
461763,8436284041.494267463684,8436284041.537775993347,4.350852966309e-02,8436284041.516021728516,20.1542877661,4246.2679488538,2.1702576713e-02,0.9976240007,0.3150150263,14.4806100657,0
462096,8436284141.015841484070,8436284141.045470237732,2.962875366211e-02,8436284141.030655860901,36.2208947921,9149.2597208336,1.4785023521e-02,0.9980185930,0.2349824407,15.8617836847,0
462177,8436284165.173048973083,8436284165.214144706726,4.109573364258e-02,8436284165.193596839905,26.4117238643,4763.3367525542,2.0490820784e-02,0.9972237489,0.2751798463,13.3921369420,0
462423,8436284238.811142921448,8436284238.848967552185,3.782463073730e-02,8436284238.830055236816,36.1786046165,5627.8365036368,1.8851428351e-02,0.9967805625,0.2351197394,12.4320970106,0
462674,8436284313.708900451660,8436284313.745507240295,3.660678863525e-02,8436284313.727203369141,20.8206136663,5990.7160390892,1.8271560093e-02,0.9982607475,0.3099332961,16.9331049052,0
462819,8436284357.099285125732,8436284357.135020256042,3.573513031006e-02,8436284357.117153167725,33.8966769368,6298.5817924811,1.7819421926e-02,0.9973055518,0.2429049895,13.5947448575,0
462841,8436284363.682514190674,8436284363.698053359985,1.553916931152e-02,8436284363.690283775330,23.0830835914,33154.0712682477,7.7668794495e-03,0.9996518210,0.2943527419,37.8852609220,0
463239,8436284482.584647178650,8436284482.601366996765,1.671981811523e-02,8436284482.593007087708,23.1843969567,28640.3679809500,8.3565246966e-03,0.9995951677,0.2937088926,35.1330248408,0
463770,8436284641.421187400818,8436284641.463953018188,4.276561737061e-02,8436284641.442569732666,28.7493527812,4402.9680750709,2.1312884411e-02,0.9967298836,0.2637551582,12.3349164312,0
463976,8436284702.944409370422,8436284702.964401245117,1.999187469482e-02,8436284702.954404830933,28.3486314315,20044.6091502378,9.9888663339e-03,0.9992926113,0.2656127688,26.5720721903,0
464092,8436284737.804189682007,8436284737.833038330078,2.884864807129e-02,8436284737.818614006042,19.7967674704,9632.3565895678,1.4409493716e-02,0.9989718534,0.3178468098,22.0354734851,0
464430,8436284838.797168731689,8436284838.829828262329,3.265953063965e-02,8436284838.813498497009,17.7454617629,7517.8982192341,1.6310481311e-02,0.9988190884,0.3357154631,20.5584989477,0
464462,8436284848.425164222717,8436284848.448826789856,2.366256713867e-02,8436284848.436995506287,34.0238697164,14321.8536831522,1.1817221653e-02,0.9988114632,0.2424505337,20.4923271673,0
464484,8436284854.819805145264,8436284854.849662780762,2.985763549805e-02,8436284854.834733963013,20.9700617160,8994.8274452796,1.4911405469e-02,0.9988336464,0.3088269153,20.6866290744,0
464616,8436284894.386348724365,8436284894.426630973816,4.028224945068e-02,8436284894.406490325928,16.6332485534,4946.8107777267,2.0107234767e-02,0.9983173751,0.3467579759,17.2164156967,0
465088,8436285035.322466850281,8436285035.364279747009,4.181289672852e-02,8436285035.343373298645,49.5790169258,4625.4047402955,2.0794099956e-02,0.9946261361,0.2008473205,9.6069555686,0
465963,8436285296.836935043335,8436285296.871939659119,3.500461578369e-02,8436285296.854436874390,34.5838446857,6563.4739220694,1.7456135959e-02,0.9973619517,0.2404796669,13.7398832447,0
466185,8436285363.341402053833,8436285363.384164810181,4.276275634766e-02,8436285363.362783432007,27.4895050387,4402.2935571745,2.1314517125e-02,0.9968729308,0.2697314194,12.6152494555,0
466188,8436285364.392705917358,8436285364.418783187866,2.607727050781e-02,8436285364.405744552612,32.7908600267,11797.0808896465,1.3020501718e-02,0.9986092459,0.2469668112,18.9411549871,0
466225,8436285375.400020599365,8436285375.435443878174,3.542327880859e-02,8436285375.417732238770,37.0382091334,6412.5121101502,1.7660414751e-02,0.9971078537,0.2323753239,13.1199217956,0
466721,8436285523.482084274292,8436285523.515536308289,3.345203399658e-02,8436285523.498809814453,22.2093310013,7171.2032563608,1.6700096543e-02,0.9984502912,0.3000870536,17.9413337705,0
467233,8436285676.659380912781,8436285676.695788383484,3.640747070312e-02,8436285676.677584648132,23.2823392129,6058.7227941157,1.8168725209e-02,0.9980767605,0.2930904661,16.1005673002,0
467249,8436285681.350742340088,8436285681.389822006226,3.907966613770e-02,8436285681.370282173157,19.6837968815,5257.9588326027,1.9503223925e-02,0.9981264352,0.3187576089,16.3132206802,0
467395,8436285725.236771583557,8436285725.267215728760,3.044414520264e-02,8436285725.251993179321,25.8573658265,8657.2807063746,1.5199323134e-02,0.9985054948,0.2781140042,18.2704426306,0
467834,8436285856.207401275635,8436285856.251373291016,4.397201538086e-02,8436285856.229387283325,23.2984163115,4160.7911548007,2.1924365778e-02,0.9971963117,0.2929893250,13.3261722234,0
467930,8436285885.007324218750,8436285885.047493934631,4.016971588135e-02,8436285885.027408599854,18.8028794034,4976.6424221285,2.0046879468e-02,0.9981090993,0.3261390618,16.2380566871,0
467999,8436285905.584659576416,8436285905.627865791321,4.320621490479e-02,8436285905.606262207031,14.7815502030,4300.2425198740,2.1565946490e-02,0.9982798325,0.3678366566,17.0270252739,0
468558,8436286072.913537025452,8436286072.948492050171,3.495502471924e-02,8436286072.931015014648,58.7151046787,6606.1435342721,1.7399669338e-02,0.9955461040,0.1845610610,10.5599159172,0
470866,8436286762.591644287109,8436286762.621398925781,2.975463867188e-02,8436286762.606521606445,22.8831031225,9058.9747186386,1.4858517291e-02,0.9987361941,0.2956361507,19.8716007923,0
471412,8436286925.984771728516,8436286926.006435394287,2.166366577148e-02,8436286925.995603561401,17.4031271074,17063.5447970150,1.0826307778e-02,0.9994899194,0.3390012907,31.2967615269,0
471677,8436287005.216406822205,8436287005.249114990234,3.270816802979e-02,8436287005.232761383057,21.6049751539,7499.4687047757,1.6330510050e-02,0.9985585274,0.3042552720,18.6042380438,0
472060,8436287119.671608924866,8436287119.691410064697,1.980113983154e-02,8436287119.681509017944,21.3731157556,20425.1048868384,9.8953885124e-03,0.9994766561,0.3059011283,30.8973251970,0
472080,8436287125.605559349060,8436287125.629835128784,2.427577972412e-02,8436287125.617696762085,20.5165154176,13595.6344365606,1.2128728053e-02,0.9992451893,0.3122217815,25.7229044759,0
472194,8436287159.730057716370,8436287159.771012306213,4.095458984375e-02,8436287159.750535011292,30.3105318285,4799.9420136349,2.0412537820e-02,0.9968376145,0.2568728591,12.5442769682,0
472834,8436287350.948389053345,8436287350.977513313293,2.912425994873e-02,8436287350.962951660156,28.1800352576,9459.6674508491,1.4540423746e-02,0.9985094057,0.2664061411,18.2944487884,0
472853,8436287356.743300437927,8436287356.781579017639,3.827857971191e-02,8436287356.762439727783,22.3481194031,5482.1685120615,1.9100239256e-02,0.9979596631,0.2991537879,15.6303494105,0
472874,8436287362.809745788574,8436287362.853994369507,4.424858093262e-02,8436287362.831870079041,24.1382276164,4110.0717122696,2.2059227420e-02,0.9970592031,0.2878473985,13.0104691452,0
473331,8436287499.473496437073,8436287499.518334388733,4.483795166016e-02,8436287499.495915412903,40.8484609323,4020.0731099383,2.2304784015e-02,0.9949064660,0.2212723503,9.8698688092,0
473612,8436287583.670544624329,8436287583.685627937317,1.508331298828e-02,8436287583.678086280823,18.7013509666,35182.5580018959,7.5396518373e-03,0.9997341888,0.3270231575,43.3622451232,0
474407,8436287821.180381774902,8436287821.215439796448,3.505802154541e-02,8436287821.197910308838,32.9077779314,6541.9213904903,1.7484867163e-02,0.9974816828,0.2465276971,14.0639822928,0
474617,8436287884.057150840759,8436287884.091436386108,3.428554534912e-02,8436287884.074293136597,17.8742086814,6823.4968309959,1.7120305131e-02,0.9986893868,0.3345042083,19.5128416280,0
474659,8436287896.557868957520,8436287896.602361679077,4.449272155762e-02,8436287896.580115318298,26.5902858434,4067.8060970979,2.2173531970e-02,0.9967262596,0.2742543311,12.3280537366,0
474740,8436287920.849066734314,8436287920.877368927002,2.830219268799e-02,8436287920.863218307495,30.3442947131,10017.6839565973,1.4129647738e-02,0.9984843149,0.2567299132,18.1420511146,0
474833,8436287948.601005554199,8436287948.629865646362,2.886009216309e-02,8436287948.615435600281,23.5904693000,9628.5283333341,1.4412358003e-02,0.9987742189,0.2911700543,20.1780405057,0
475322,8436288094.873558998108,8436288094.893052101135,1.949310302734e-02,8436288094.883305549622,22.1276162314,21075.8082427609,9.7414336889e-03,0.9994749092,0.3006406367,30.8458469917,0
475542,8436288160.627056121826,8436288160.664641380310,3.758525848389e-02,8436288160.645849227905,29.1719230849,5692.2807085964,1.8744412952e-02,0.9974342978,0.2618378751,13.9330091472,0
475627,8436288185.956645965576,8436288185.998796463013,4.215049743652e-02,8436288185.977721214294,20.5317205444,4523.3516376008,2.1027363511e-02,0.9977278936,0.3121061494,14.8091324356,0
475971,8436288288.615439414978,8436288288.656508445740,4.106903076172e-02,8436288288.635973930359,47.4635433067,4790.5504250412,2.0432536805e-02,0.9950337968,0.2052744606,9.9965573457,0
476119,8436288333.060142517090,8436288333.097948074341,3.780555725098e-02,8436288333.079045295715,20.8611321550,5618.1626096404,1.8867651474e-02,0.9981416938,0.3096321587,16.3802457235,0
476292,8436288384.706526756287,8436288384.729737281799,2.321052551270e-02,8436288384.718132019043,21.2952701481,14871.0759677591,1.1596950455e-02,0.9992837472,0.3064597344,26.4069621583,0
476348,8436288401.556571960449,8436288401.581402778625,2.483081817627e-02,8436288401.568986892700,26.7510114275,13001.7677675979,1.2402630220e-02,0.9989707251,0.2734292016,22.0233743155,0
476892,8436288564.102895736694,8436288564.141398429871,3.850269317627e-02,8436288564.122146606445,21.1272810332,5417.5724659507,1.9213772017e-02,0.9980482108,0.3076756971,15.9820351082,0
477047,8436288610.389626502991,8436288610.425683021545,3.605651855469e-02,8436288610.407654762268,21.3884447330,6174.8912791088,1.7997009261e-02,0.9982666093,0.3057914899,16.9617867797,0
477205,8436288657.803863525391,8436288657.844337463379,4.047393798828e-02,8436288657.824100494385,22.1967706922,4905.7852787506,2.0191134882e-02,0.9977351296,0.3001719455,14.8328509881,0
477544,8436288758.934060096741,8436288758.962768554688,2.870845794678e-02,8436288758.948413848877,21.8355043715,9728.5053096509,1.4338110983e-02,0.9988771260,0.3026449167,21.0840245956,0
477688,8436288802.279983520508,8436288802.310127258301,3.014373779297e-02,8436288802.295055389404,27.2380350948,8831.5572497005,1.5048608836e-02,0.9984567235,0.2709736806,17.9787710749,0
477771,8436288826.853611946106,8436288826.881292343140,2.768039703369e-02,8436288826.867452621460,22.7721902944,10463.8505884593,1.3825130293e-02,0.9989112711,0.2963552298,21.4126429940,0
478060,8436288913.160600662231,8436288913.201155662537,4.055500030518e-02,8436288913.180877685547,26.7456570272,4890.8308064873,2.0221980082e-02,0.9972619864,0.2734565701,13.4857141193,0
478135,8436288935.665170669556,8436288935.689158439636,2.398777008057e-02,8436288935.677164077759,49.8107987147,13952.8655139603,1.1972457215e-02,0.9982134375,0.2003794799,16.7068034427,0
478288,8436288981.495666503906,8436288981.516853332520,2.118682861328e-02,8436288981.506259918213,23.4848888481,17845.5522192742,1.0586441503e-02,0.9993417794,0.2918238235,27.5476645247,0
478446,8436289028.770561218262,8436289028.812973976135,4.241275787354e-02,8436289028.791767120361,23.1151040699,4470.4205731595,2.1151482206e-02,0.9974113105,0.2941487934,13.8707694655,0
478658,8436289092.071687698364,8436289092.110127449036,3.843975067139e-02,8436289092.090908050537,25.8902717114,5440.0225571636,1.9174084968e-02,0.9976175513,0.2779372100,14.4609267843,0
478685,8436289100.140051841736,8436289100.172781944275,3.273010253906e-02,8436289100.156416893005,21.7454350010,7489.5897453449,1.6341276680e-02,0.9985472340,0.3032710451,18.5316281709,0
478717,8436289109.817054748535,8436289109.847829818726,3.077507019043e-02,8436289109.832442283630,26.1351595048,8472.9287702087,1.5363784968e-02,0.9984565346,0.2766320024,17.9776683308,0
478960,8436289182.259340286255,8436289182.302846908569,4.350662231445e-02,8436289182.281093597412,22.3569190679,4248.8411374812,2.1696003947e-02,0.9973655868,0.2990949088,13.7493968904,0
479558,8436289361.346369743347,8436289361.388029098511,4.165935516357e-02,8436289361.367198944092,34.4507397002,4644.0683529664,2.0752274158e-02,0.9962839836,0.2409437816,11.5673313054,0
479568,8436289364.152733802795,8436289364.196309089661,4.357528686523e-02,8436289364.174521446228,31.7238088858,4244.8986031029,2.1706076907e-02,0.9962562943,0.2510859059,11.5242342162,0
479639,8436289385.165707588196,8436289385.185585975647,1.987838745117e-02,8436289385.175646781921,23.1277008898,20268.5893640876,9.9335214929e-03,0.9994293066,0.2940686764,29.5867737915,0
479647,8436289387.717547416687,8436289387.755791664124,3.824424743652e-02,8436289387.736669540405,28.6537581564,5498.2812306739,1.9072232088e-02,0.9973908949,0.2641947616,13.8161830519,0
479700,8436289403.478262901306,8436289403.510978698730,3.271579742432e-02,8436289403.494621276855,28.2003497945,7502.5767781820,1.6327127100e-02,0.9981188530,0.2663101690,16.2802187294,0
480033,8436289503.114662170410,8436289503.136824607849,2.216243743896e-02,8436289503.125743865967,20.9629641552,16308.4822010757,1.1074094516e-02,0.9993570921,0.3088791916,27.8741174062,0
480103,8436289523.962841987610,8436289523.992801666260,2.995967864990e-02,8436289523.977821350098,22.5308039639,8935.3620849026,1.4960941330e-02,0.9987384381,0.2979385181,19.8892999909,0
480124,8436289530.137598037720,8436289530.180265426636,4.266738891602e-02,8436289530.158931732178,35.8110400078,4430.1935150042,2.1247295077e-02,0.9959500976,0.2363232937,11.0774668774,0
480152,8436289538.646957397461,8436289538.668432235718,2.147483825684e-02,8436289538.657694816589,57.7944364086,17405.0263255437,1.0719577182e-02,0.9983383394,0.1860252862,17.3249534137,0
480690,8436289699.497615814209,8436289699.540591239929,4.297542572021e-02,8436289699.519104003906,29.1805587582,4360.7931940153,2.1415698904e-02,0.9966485984,0.2617991282,12.1836665405,0
480771,8436289723.747488021851,8436289723.787293434143,3.980541229248e-02,8436289723.767391204834,30.1091938042,5079.1134157735,1.9843626428e-02,0.9970315736,0.2577302733,12.9495090466,0
480987,8436289788.186496734619,8436289788.216752052307,3.025531768799e-02,8436289788.201623916626,20.6709814959,8760.1702835361,1.5109800273e-02,0.9988194756,0.3110530390,20.5618755800,0
481017,8436289797.410970687866,8436289797.446228027344,3.525733947754e-02,8436289797.428599357605,25.9380059451,6461.5657076550,1.7593251671e-02,0.9979908826,0.2776813455,15.7516902669,0
481398,8436289911.139983177185,8436289911.157107353210,1.712417602539e-02,8436289911.148545265198,25.4526550926,27307.1018441377,8.5580967675e-03,0.9995338467,0.2803163642,32.7392528325,0
482110,8436290123.951087951660,8436290123.984494209290,3.340625762939e-02,8436290123.967790603638,27.0722853599,7195.6720697299,1.6671678105e-02,0.9981170767,0.2718019313,16.2725160232,0
482415,8436290215.138565063477,8436290215.170770645142,3.220558166504e-02,8436290215.154667854309,130.3451411745,7843.4225907614,1.5968428957e-02,0.9916559883,0.1238704098,7.6924808320,0
482512,8436290244.203080177307,8436290244.239476203918,3.639602661133e-02,8436290244.221278190613,40.4662651354,6079.7027933999,1.8137349559e-02,0.9966664632,0.2223148311,12.2164341467,0
482796,8436290329.033560752869,8436290329.074313163757,4.075241088867e-02,8436290329.053936958313,23.5147786010,4840.5894008475,2.0326653082e-02,0.9975681261,0.2916382952,14.3126891781,0
482858,8436290347.524318695068,8436290347.551605224609,2.728652954102e-02,8436290347.537961959839,19.7266901199,10764.4040929332,1.3630757814e-02,0.9990832871,0.3184108709,23.3383194019,0
484141,8436290731.297909736633,8436290731.320695877075,2.278614044189e-02,8436290731.309303283691,37.9256179036,15446.0028747134,1.1379074536e-02,0.9987715616,0.2296405959,20.1561643586,0
484441,8436290820.990942955017,8436290821.031363487244,4.042053222656e-02,8436290821.011153221130,35.5415634305,4932.0435117145,2.0137314282e-02,0.9963903577,0.2372175050,11.7374755831,0
484586,8436290864.169365882874,8436290864.200643539429,3.127765655518e-02,8436290864.185005187988,17.9586108989,8195.4778371724,1.5621684332e-02,0.9989037576,0.3337172279,21.3390173482,0
485022,8436290994.534500122070,8436290994.547079086304,1.257896423340e-02,8436290994.540789604187,19.3400584886,50578.5434330211,6.2882795259e-03,0.9998087934,0.3215778344,51.1294616095,0
485450,8436291122.440465927124,8436291122.483554840088,4.308891296387e-02,8436291122.462010383606,37.1819872013,4346.0075349536,2.1452097411e-02,0.9957130935,0.2319256056,10.7649782581,0
486902,8436291556.731691360474,8436291556.752591133118,2.089977264404e-02,8436291556.742141723633,24.3125963269,18339.3100900825,1.0442957268e-02,0.9993369255,0.2868133276,27.4465500134,0
487134,8436291625.757581710815,8436291625.796398162842,3.881645202637e-02,8436291625.776989936829,31.2990516182,5340.8563716371,1.9351273381e-02,0.9970655416,0.2527838993,13.0245752024,0
487143,8436291628.585939407349,8436291628.596837997437,1.089859008789e-02,8436291628.591388702393,29.7023558835,67381.5245710055,5.4480938635e-03,0.9997795714,0.2594893566,47.6188854650,0
487185,8436291641.058252334595,8436291641.087944030762,2.969169616699e-02,8436291641.073098182678,23.9398036488,9098.3826861089,1.4826303908e-02,0.9986835258,0.2890378418,19.4692711525,0
487427,8436291713.510843276978,8436291713.547897338867,3.705406188965e-02,8436291713.529370307922,24.9649346779,5851.6070264903,1.8487467412e-02,0.9978645508,0.2830412808,15.2772066741,0
487677,8436291788.142088890076,8436291788.183910369873,4.182147979736e-02,8436291788.163000106812,18.7961032626,4592.7438157526,2.0867906747e-02,0.9979516195,0.3261978443,15.5995362147,0
487888,8436291851.281089782715,8436291851.318031311035,3.694152832031e-02,8436291851.299560546875,27.2432790318,5889.4383957315,1.8427993744e-02,0.9976844263,0.2709476001,14.6689978661,0
487929,8436291863.581905364990,8436291863.612450599670,3.054523468018e-02,8436291863.597177505493,30.9246463883,8605.3111208535,1.5245150269e-02,0.9982015479,0.2543095250,16.6513387532,0
488344,8436291987.524984359741,8436291987.556146621704,3.116226196289e-02,8436291987.540565490723,29.5747207482,8267.7691740976,1.5553238305e-02,0.9982098426,0.2600486907,16.6899752666,0
488907,8436292155.893363952637,8436292155.929057121277,3.569316864014e-02,8436292155.911211013794,23.7607455292,6303.1843211639,1.7812914947e-02,0.9981133996,0.2901248749,16.2566051705,0
489649,8436292377.599704742432,8436292377.624315261841,2.461051940918e-02,8436292377.612010002136,23.2717835501,13231.6175002643,1.2294433690e-02,0.9991202124,0.2931569289,23.8237092048,0
489696,8436292391.855769157410,8436292391.900450706482,4.468154907227e-02,8436292391.878109931946,16.8267191203,4023.9577544181,2.2294015129e-02,0.9979069926,0.3447587323,15.4318164655,0
489779,8436292416.706836700439,8436292416.734544754028,2.770805358887e-02,8436292416.720690727234,36.3598632424,10456.6053186597,1.3829919105e-02,0.9982598786,0.2345329560,16.9288654811,0
489794,8436292421.175423622131,8436292421.192617416382,1.719379425049e-02,8436292421.184020996094,21.1046791998,27082.2725942076,8.5935467765e-03,0.9996102840,0.3078404040,35.8083154307,0
489857,8436292439.867656707764,8436292439.895190238953,2.753353118896e-02,8436292439.881423950195,21.2982721847,10574.0606764626,1.3752894097e-02,0.9989923924,0.3064381356,22.2592687806,0
490109,8436292515.355034828186,8436292515.379942893982,2.490806579590e-02,8436292515.367488861084,17.3309933426,12911.9934608385,1.2445671941e-02,0.9993286547,0.3397060411,27.2767900862,0
490357,8436292589.393507003784,8436292589.404500007629,1.099300384521e-02,8436292589.399003982544,42.1878530953,66242.0716689220,5.4947513543e-03,0.9996815123,0.2177315104,39.6127416088,0
490526,8436292639.862411499023,8436292639.906402587891,4.399108886719e-02,8436292639.884407043457,45.5245342562,4179.4302143171,2.1875422959e-02,0.9945388270,0.2096004652,9.5292237842,0
490639,8436292673.752028465271,8436292673.779242515564,2.721405029297e-02,8436292673.765635490417,20.4992184218,10822.4854874397,1.3594132286e-02,0.9990524850,0.3123534782,22.9553098366,0
490653,8436292677.995688438416,8436292678.039885520935,4.419708251953e-02,8436292678.017786979675,21.7574758750,4117.2183622719,2.2040073949e-02,0.9973542457,0.3031871164,13.7197796384,0
490860,8436292739.637980461121,8436292739.666922569275,2.894210815430e-02,8436292739.652451515198,33.5481429428,9584.1262953530,1.4445704736e-02,0.9982482727,0.2441635077,16.8725447622,0
490866,8436292741.727931022644,8436292741.756922721863,2.899169921875e-02,8436292741.742426872253,27.3503839142,9545.2834498422,1.4475067017e-02,0.9985663074,0.2704165604,18.6547575807,0
490960,8436292769.737322807312,8436292769.766812324524,2.948951721191e-02,8436292769.752067565918,18.5538128316,9217.8512698393,1.4729911909e-02,0.9989930865,0.3283208113,22.2669505861,0
491482,8436292925.794374465942,8436292925.837781906128,4.340744018555e-02,8436292925.816078186035,34.2565577880,4280.0771207819,2.1616690305e-02,0.9959900981,0.2416257066,11.1329166419,0
491494,8436292929.378547668457,8436292929.420684814453,4.213714599609e-02,8436292929.399616241455,20.3975781491,4526.0714453269,2.1021044678e-02,0.9977441130,0.3131307332,14.8624557192,0
491507,8436292933.246147155762,8436292933.288328170776,4.218101501465e-02,8436292933.267237663269,22.9678615957,4519.2746376455,2.1036846143e-02,0.9974556627,0.2950901524,13.9916098391,0
491615,8436292965.371549606323,8436292965.413577079773,4.202747344971e-02,8436292965.392562866211,36.2904363210,4565.5104954081,2.0930052856e-02,0.9960176588,0.2347571903,11.1716061424,0
491816,8436293025.639232635498,8436293025.667389869690,2.815723419189e-02,8436293025.653310775757,24.2138328271,10114.6514314787,1.4061755341e-02,0.9988023145,0.2873976601,20.4137706265,0
492557,8436293246.904561996460,8436293246.941983222961,3.742122650146e-02,8436293246.923273086548,35.3146265885,5748.1794988469,1.8653049259e-02,0.9969234578,0.2379784813,12.7189033344,0
492863,8436293338.575136184692,8436293338.618161201477,4.302501678467e-02,8436293338.596649169922,27.1491317245,4348.7822015212,2.1445252746e-02,0.9968736492,0.2714169873,12.6167057002,0
493756,8436293605.471722602844,8436293605.512992858887,4.127025604248e-02,8436293605.492357254028,43.5266851989,4740.4736937646,2.0540174431e-02,0.9953984492,0.2143567682,10.3879543632,0
494302,8436293768.654390335083,8436293768.696863174438,4.247283935547e-02,8436293768.675626754761,26.8767896988,4461.6089663942,2.1172358824e-02,0.9969834438,0.2727886530,12.8453221923,0
494673,8436293879.545013427734,8436293879.577273368835,3.225994110107e-02,8436293879.561143875122,21.3711941642,7708.4767867384,1.6107595443e-02,0.9986128240,0.3059148806,18.9656192867,0
494904,8436293948.809463500977,8436293948.844908714294,3.544521331787e-02,8436293948.827186584473,18.9414809846,6386.5271731880,1.7696305848e-02,0.9985159739,0.3249436329,18.3349796782,0
495180,8436294031.027697563171,8436294031.071456909180,4.375934600830e-02,8436294031.049577713013,35.6517981766,4213.4584926672,2.1786909923e-02,0.9957603077,0.2368504849,10.8251382387,0
495276,8436294059.874162673950,8436294059.918717384338,4.455471038818e-02,8436294059.896440505981,22.6200736606,4052.5986454419,2.2215096308e-02,0.9972052838,0.2973500326,13.3476361976,0
495806,8436294218.404380798340,8436294218.421613693237,1.723289489746e-02,8436294218.412997245789,43.6937239498,26982.1998599535,8.6094680842e-03,0.9991899951,0.2139466386,24.8300288374,0
495964,8436294265.649599075317,8436294265.693430900574,4.383182525635e-02,8436294265.671514511108,24.7157265494,4188.7172038946,2.1851159020e-02,0.9970453611,0.2844646514,12.9798222956,0
496014,8436294280.540420532227,8436294280.576025009155,3.560447692871e-02,8436294280.558222770691,39.1843875112,6349.9313549847,1.7747226114e-02,0.9969098072,0.2259219701,12.6906495781,0
496258,8436294353.572270393372,8436294353.595988273621,2.371788024902e-02,8436294353.584129333496,26.8964855679,14248.1619387964,1.1847741681e-02,0.9990556961,0.2726887553,22.9943614200,0
496518,8436294431.291468620300,8436294431.328141212463,3.667259216309e-02,8436294431.309804916382,25.2276421884,5973.7181049452,1.8297537060e-02,0.9978862132,0.2815637019,15.3555385802,0
497124,8436294612.467711448669,8436294612.489497184753,2.178573608398e-02,8436294612.478604316711,21.4118812043,16877.0621063839,1.0885955973e-02,0.9993654501,0.3056240913,28.0572655562,0
497825,8436294821.991640090942,8436294822.034765243530,4.312515258789e-02,8436294822.013202667236,32.8097455985,4334.3966124821,2.1480810987e-02,0.9962079992,0.2468957228,11.4501959069,0
497895,8436294842.731730461121,8436294842.758268356323,2.653789520264e-02,8436294842.744998931885,26.4353543011,11385.8783765425,1.3253534949e-02,0.9988384420,0.2750568279,20.7293627294,0
498023,8436294881.151627540588,8436294881.195112228394,4.348468780518e-02,8436294881.173370361328,28.6990551071,4259.4481880586,2.1668972973e-02,0.9966254361,0.2639861843,12.1415697183,0
499185,8436295228.496467590332,8436295228.516728401184,2.026081085205e-02,8436295228.506597518921,34.3234573907,19522.7305361495,1.0121496234e-02,0.9991205493,0.2413901163,23.8282779562,0
499264,8436295252.182673454285,8436295252.203055381775,2.038192749023e-02,8436295252.192864418030,18.4623623470,19275.9435611665,1.0186082159e-02,0.9995209888,0.3291329503,32.2965480485,0
499331,8436295272.192922592163,8436295272.224959373474,3.203678131104e-02,8436295272.208940505981,28.6006999538,7823.1719926569,1.5989083063e-02,0.9981703784,0.2644397068,16.5085065313,0
499426,8436295300.318486213684,8436295300.353301048279,3.481483459473e-02,8436295300.335893630981,51.1573195164,6651.4214357975,1.7340346242e-02,0.9961469841,0.1977247829,11.3586512904,0
499806,8436295414.027724266052,8436295414.056215286255,2.849102020264e-02,8436295414.041969299316,21.3823772095,9876.7762502388,1.4230081590e-02,0.9989169562,0.3058348729,21.4688607670,0
500141,8436295514.176455497742,8436295514.213311195374,3.685569763184e-02,8436295514.194883346558,17.9194208745,5907.4504534910,1.8399878444e-02,0.9984821684,0.3340819507,18.1291888207,0
500176,8436295524.682231903076,8436295524.719439506531,3.720760345459e-02,8436295524.700836181641,135.3790913082,5914.0317529762,1.8389637645e-02,0.9884881550,0.1215455884,6.5333736733,0
500373,8436295583.743731498718,8436295583.766878128052,2.314662933350e-02,8436295583.755304336548,24.4595942998,14956.3389746383,1.1563847296e-02,0.9991819655,0.2859501793,24.7077166324,0
500933,8436295751.200628280640,8436295751.241842269897,4.121398925781e-02,8436295751.221235275269,25.0386217363,4734.8192586060,2.0552435557e-02,0.9973524003,0.2826244878,13.7149784743,0
501051,8436295786.339648246765,8436295786.353493690491,1.384544372559e-02,8436295786.346570968628,20.2821398022,41752.9577362814,6.9210402494e-03,0.9997570878,0.3140205803,45.3608546690,0
501304,8436295861.925004005432,8436295861.964402198792,3.939819335938e-02,8436295861.944703102112,44.2587058598,5198.1751373785,1.9615055622e-02,0.9957337608,0.2125766910,10.7911897901,0
501381,8436295884.883022308350,8436295884.907583236694,2.456092834473e-02,8436295884.895302772522,20.0195465645,13281.7571536123,1.2271205532e-02,0.9992460675,0.3160733500,25.7378992843,0
501398,8436295889.996608734131,8436295890.040984153748,4.437541961670e-02,8436295890.018796920776,22.7730413115,4085.3821826625,2.2125783197e-02,0.9972089679,0.2963496924,13.3564795552,0
501930,8436296048.970240592957,8436296049.006518363953,3.627777099609e-02,8436296048.988379478455,23.1151619683,6101.7883820112,1.8104495489e-02,0.9981040726,0.2941484250,16.2164552542,0
502082,8436296094.494068145752,8436296094.514639854431,2.057170867920e-02,8436296094.504354476929,21.3015548474,18925.1077373157,1.0280063979e-02,0.9994370560,0.3064145230,29.7898952147,0
502246,8436296143.477895736694,8436296143.507784843445,2.988910675049e-02,8436296143.492839813232,31.5461593720,8986.5157354523,1.4918299722e-02,0.9982432628,0.2517918979,16.8484056726,0
502344,8436296172.830108642578,8436296172.856450080872,2.634143829346e-02,8436296172.843278884888,26.8362711428,11556.3507173543,1.3155417672e-02,0.9988382202,0.2729945093,20.7273806597,0
502400,8436296189.702324867249,8436296189.742681503296,4.035663604736e-02,8436296189.722503662109,30.5020820797,4942.5214508674,2.0115957825e-02,0.9969095442,0.2560650199,12.6901072521,0
502887,8436296335.209051132202,8436296335.236234664917,2.718353271484e-02,8436296335.222642898560,20.3134966771,10846.5670678359,1.3579033034e-02,0.9990631590,0.3137781182,23.0858970027,0
502927,8436296346.980731964111,8436296347.009807586670,2.907562255859e-02,8436296346.995269775391,19.0374664732,9482.1050558327,1.4523209978e-02,0.9989956327,0.3241234270,22.2952011652,0
502959,8436296356.694270133972,8436296356.735491752625,4.122161865234e-02,8436296356.714880943298,21.6519213930,4729.6893249522,2.0563578367e-02,0.9977084374,0.3039252461,14.7459151771,0
503065,8436296388.298395156860,8436296388.319114685059,2.071952819824e-02,8436296388.308754920959,29.0593595852,18664.0965211087,1.0351696058e-02,0.9992212139,0.2623445088,25.3234056590,0
503144,8436296411.964880943298,8436296411.993727684021,2.884674072266e-02,8436296411.979304313660,19.3796722291,9633.2107026859,1.4408854904e-02,0.9989936154,0.3212489997,22.2728108398,0
504065,8436296687.497037887573,8436296687.527053833008,3.001594543457e-02,8436296687.512045860291,31.2087808622,8910.6560515410,1.4981667619e-02,0.9982472584,0.2531492214,16.8676493591,0
504204,8436296728.923091888428,8436296728.967541694641,4.444980621338e-02,8436296728.945316314697,31.6216811502,4080.6446755641,2.2138623160e-02,0.9961178707,0.2514910420,11.3157317602,0
504282,8436296752.202909469604,8436296752.243851661682,4.094219207764e-02,8436296752.223381042480,24.1068079697,4796.6273255409,2.0419589599e-02,0.9974839432,0.2880349206,14.0703223719,0
504343,8436296770.486493110657,8436296770.495937347412,9.444236755371e-03,8436296770.491214752197,20.5466548751,89713.0727127001,4.7215776020e-03,0.9998854803,0.3119927016,66.0704956280,0
504635,8436296857.785184860229,8436296857.817629814148,3.244495391846e-02,8436296857.801406860352,23.6106159720,7623.2968778789,1.6197335625e-02,0.9984502161,0.2910458018,17.9408978353,0
504840,8436296918.883355140686,8436296918.910523414612,2.716827392578e-02,8436296918.896939277649,18.9586352651,10857.3765353199,1.3572271794e-02,0.9991265423,0.3247965908,23.9099908744,0
504889,8436296933.691533088684,8436296933.721891403198,3.035831451416e-02,8436296933.706712722778,27.6778942489,8707.9766939817,1.5155014939e-02,0.9984095087,0.2688118904,17.7092763343,0
505713,8436297179.993642807007,8436297180.025305747986,3.166294097900e-02,8436297180.009473800659,26.2286510875,8005.9455557778,1.5805516106e-02,0.9983605829,0.2761385372,17.4423808186,0
505729,8436297184.813367843628,8436297184.852821350098,3.945350646973e-02,8436297184.833094596863,33.3910859430,5172.8662504679,1.9662981613e-02,0.9967672520,0.2447370530,12.4063524324,0
506431,8436297394.686526298523,8436297394.709952354431,2.342605590820e-02,8436297394.698239326477,24.1816925678,14601.9698937981,1.1703325215e-02,0.9991716285,0.2875885890,24.5528816430,0
506493,8436297413.189661979675,8436297413.226360321045,3.669834136963e-02,8436297413.208011627197,18.3727933317,5958.5187277675,1.8320859471e-02,0.9984570848,0.3299342512,17.9808808164,0
507100,8436297594.530227661133,8436297594.572082519531,4.185485839844e-02,8436297594.551155090332,87.2870487071,4653.9423652794,2.0730247992e-02,0.9905778581,0.1513700983,7.2330957078,0
507476,8436297706.999142646790,8436297707.037375450134,3.823280334473e-02,8436297707.018259048462,54.0914171192,5526.9937887586,1.9022627759e-02,0.9950945834,0.1922873960,10.0587652039,0
507672,8436297765.785352706909,8436297765.823448181152,3.809547424316e-02,8436297765.804400444031,26.9072556884,5539.3389136382,1.9001418757e-02,0.9975683009,0.2726341755,14.3132054874,0
507750,8436297788.833996772766,8436297788.862282752991,2.828598022461e-02,8436297788.848139762878,27.1151540014,10025.9068341853,1.4123852243e-02,0.9986468300,0.2715869889,19.2029398870,0
507924,8436297840.956368446350,8436297840.978802680969,2.243423461914e-02,8436297840.967585563660,36.6580736343,15931.9120709773,1.1204205026e-02,0.9988488769,0.2335770549,20.8232693330,0
507964,8436297852.788243293762,8436297852.820057868958,3.181457519531e-02,8436297852.804150581360,17.7663681625,7921.5988976497,1.5889439347e-02,0.9988779828,0.3355178801,21.0920861272,0
508038,8436297875.048233032227,8436297875.087080001831,3.884696960449e-02,8436297875.067656517029,18.4352792369,5319.6536638925,1.9389799514e-02,0.9982657443,0.3293746247,16.9575453670,0
508553,8436298028.910842895508,8436298028.944695472717,3.385257720947e-02,8436298028.927768707275,24.1954827158,7005.0166485868,1.6897031431e-02,0.9982714951,0.2875066222,16.9858040894,0
508636,8436298053.920974731445,8436298053.961039543152,4.006481170654e-02,8436298053.941007614136,16.5045344196,5000.3409031039,1.9999318229e-02,0.9983482950,0.3481074829,17.3772179668,0
509964,8436298450.639084815979,8436298450.666049957275,2.696514129639e-02,8436298450.652566909790,23.1742806597,11025.5022405747,1.3468393823e-02,0.9989485073,0.2937729921,21.7890934755,0
510019,8436298467.155741691589,8436298467.195961952209,4.022026062012e-02,8436298467.175851821899,22.1252087346,4967.5115628947,2.0065295248e-02,0.9977705236,0.3006569930,14.9505243536,0
510063,8436298480.502585411072,8436298480.521560668945,1.897525787354e-02,8436298480.512073516846,21.7671033501,22240.2608545065,9.4829849095e-03,0.9995105176,0.3031200600,31.9489792431,0
510395,8436298579.848218917847,8436298579.876296043396,2.807712554932e-02,8436298579.862257003784,19.8198281539,10167.9189141561,1.4024873758e-02,0.9990248990,0.3176618461,22.6278039437,0
510463,8436298599.984097480774,8436298600.024584770203,4.048728942871e-02,8436298600.004341125488,19.6994140188,4900.0675439771,2.0202911648e-02,0.9979878591,0.3186312329,15.7398155002,0
510978,8436298754.033082962036,8436298754.064332962036,3.125000000000e-02,8436298754.048707962036,24.0420111634,8216.0420111634,1.5602122096e-02,0.9985358141,0.2884228079,18.4590597077,0
511794,8436298998.017293930054,8436298998.056980133057,3.968620300293e-02,8436298998.037137031555,23.3709410007,5102.7530845429,1.9797608003e-02,0.9977073393,0.2925343696,14.7423712767,0
511999,8436299059.066510200500,8436299059.103950500488,3.744029998779e-02,8436299059.085229873657,15.6550126790,5722.7006743625,1.8694527049e-02,0.9986312639,0.3574277654,19.0932105527,0
512277,8436299142.267271995544,8436299142.283184051514,1.591205596924e-02,8436299142.275228500366,40.0943822618,31636.4789844604,7.9509848640e-03,0.9993661258,0.2233434572,28.0722312282,0
512377,8436299172.100061416626,8436299172.142551422119,4.249000549316e-02,8436299172.121306419373,25.1548059963,4456.3044062976,2.1184956330e-02,0.9971736216,0.2819710436,13.2723467718,0
512389,8436299175.676074028015,8436299175.698809623718,2.273559570312e-02,8436299175.687441825867,19.4051489365,15496.0676272033,1.1360677887e-02,0.9993736725,0.3210380492,28.2410061599,0
512418,8436299184.297199249268,8436299184.307186126709,9.986877441406e-03,8436299184.302192687988,32.1975788777,80242.5725243834,4.9924368039e-03,0.9997993533,0.2492317632,49.9118497574,0
512636,8436299249.731075286865,8436299249.766127586365,3.505229949951e-02,8436299249.748601913452,18.6922071236,6529.8310962070,1.7501046711e-02,0.9985676809,0.3271031343,18.6637190098,0
512694,8436299266.939433097839,8436299266.967611312866,2.817821502686e-02,8436299266.953521728516,15.3071944398,10090.7241830093,1.4078417173e-02,0.9992412336,0.3614657879,25.6556909358,0
512744,8436299281.703279495239,8436299281.747363090515,4.408359527588e-02,8436299281.725320816040,61.5094355026,4178.0838823724,2.1878947207e-02,0.9926117446,0.1803200949,8.1808252584,0
513084,8436299383.496614456177,8436299383.535814285278,3.919982910156e-02,8436299383.516214370728,23.8600188591,5230.0695115968,1.9555155211e-02,0.9977163502,0.2895206909,14.7715282218,0
513116,8436299393.057712554932,8436299393.088542938232,3.083038330078e-02,8436299393.073127746582,34.1476190456,8450.6594585605,1.5384015093e-02,0.9979775433,0.2420108204,15.6995012405,0
513223,8436299425.184763908386,8436299425.224645614624,3.988170623779e-02,8436299425.204704284668,26.6971694502,5056.4023174706,1.9888140848e-02,0.9973565689,0.2737047843,13.7258312195,0
513609,8436299540.602820396423,8436299540.636966705322,3.414630889893e-02,8436299540.619894027710,16.6322701178,6877.8698466796,1.7052498548e-02,0.9987901532,0.3467681752,20.3107267732,0
513618,8436299543.021779060364,8436299543.066236495972,4.445743560791e-02,8436299543.044008255005,48.3868005836,4096.0201987333,2.2097032428e-02,0.9940758897,0.2033066313,9.1461249873,0
513716,8436299572.351127624512,8436299572.386022567749,3.489494323730e-02,8436299572.368575096130,24.2951483107,6594.2894755944,1.7415301355e-02,0.9981561647,0.2869162993,16.4445775034,0
514105,8436299688.652564048767,8436299688.677321434021,2.475738525391e-02,8436299688.664942741394,19.0606949022,13071.1620405305,1.2369663875e-02,0.9992706215,0.3239258693,26.1680194395,0
514137,8436299698.321453094482,8436299698.366001129150,4.454803466797e-02,8436299698.343727111816,26.8128322241,4057.9993147645,2.2200308685e-02,0.9966908237,0.2731138048,12.2615422571,0
514145,8436299700.730185508728,8436299700.763338088989,3.315258026123e-02,8436299700.746761322021,21.3445147959,7300.0696027201,1.6552038864e-02,0.9985369907,0.3061060085,18.4664967922,0
514727,8436299874.645188331604,8436299874.685926437378,4.073810577393e-02,8436299874.665557861328,18.9456617638,4839.4038926739,2.0329142639e-02,0.9980406429,0.3249077780,15.9510498481,0
514827,8436299904.719289779663,8436299904.758047103882,3.875732421875e-02,8436299904.738668441772,27.0460875357,5352.8161861159,1.9329642986e-02,0.9974704588,0.2719335380,14.0326270460,0
514907,8436299928.479385375977,8436299928.515059471130,3.567409515381e-02,8436299928.497222900391,16.7176137759,6302.8576887307,1.7813376499e-02,0.9986729263,0.3458819144,19.3912088250,0
515554,8436300121.897787094116,8436300121.939182281494,4.139518737793e-02,8436300121.918484687805,23.0717902705,4691.7106586975,2.0646640093e-02,0.9975381874,0.2944247739,14.2250726504,0
516199,8436300314.758692741394,8436300314.796329498291,3.763675689697e-02,8436300314.777511596680,32.6390139767,5680.2607271048,1.8764234967e-02,0.9971228402,0.2475406248,13.1541952689,0
516260,8436300332.895960807800,8436300332.931459426880,3.549861907959e-02,8436300332.913709640503,24.5109131288,6372.9516375732,1.7715143981e-02,0.9980751049,0.2856506736,16.0936217220,0
516373,8436300366.695611953735,8436300366.726368904114,3.075695037842e-02,8436300366.710990905762,20.9223947550,8477.6714395844,1.5359486880e-02,0.9987652671,0.3091785114,20.1046272538,0
516446,8436300388.556145668030,8436300388.581250190735,2.510452270508e-02,8436300388.568697929382,20.7802967137,12714.4165561068,1.2541999522e-02,0.9991824716,0.3102338094,24.7153720504,0
516680,8436300458.557452201843,8436300458.600485801697,4.303359985352e-02,8436300458.578969001770,20.2967536407,4340.2060924363,2.1466429858e-02,0.9976590353,0.3139075112,14.5889496707,0
516907,8436300526.271435737610,8436300526.284578323364,1.314258575439e-02,8436300526.278007507324,29.1729991781,46344.8853589624,6.5692243156e-03,0.9996852124,0.2618330459,39.8449819267,0
517296,8436300642.666156768799,8436300642.698992729187,3.283596038818e-02,8436300642.682575225830,21.3068064562,7441.0784759319,1.6394457697e-02,0.9985672721,0.3063767588,18.6610505776,0
517636,8436300744.244470596313,8436300744.288222312927,4.375171661377e-02,8436300744.266345977783,21.8108048763,4201.0746725756,2.1818997740e-02,0.9974007618,0.3028162323,13.8424846268,0
517784,8436300788.575746536255,8436300788.616447448730,4.070091247559e-02,8436300788.596096992493,32.5967345238,4861.8690508685,2.0282120991e-02,0.9966420779,0.2477011085,12.1717717571,0
517809,8436300795.981774330139,8436300796.015637397766,3.386306762695e-02,8436300795.998705863953,23.2306546442,6999.7273224521,1.6903414325e-02,0.9983392238,0.2934163252,17.3295773687,0
518150,8436300897.922063827515,8436300897.947295188904,2.523136138916e-02,8436300897.934679031372,21.9380637654,12588.2726505631,1.2604682987e-02,0.9991282509,0.3019366628,23.9334420458,0
518271,8436300934.035856246948,8436300934.059898376465,2.404212951660e-02,8436300934.047877311707,59.3330971512,13899.5890639803,1.1995380194e-02,0.9978633702,0.1835973838,15.2729718635,0
518343,8436300955.704991340637,8436300955.745730400085,4.073905944824e-02,8436300955.725360870361,38.4169190052,4858.6494651075,2.0288839855e-02,0.9960386975,0.2281674726,11.2014109176,0
519182,8436301206.291097640991,8436301206.334906578064,4.380893707275e-02,8436301206.313001632690,32.1489516043,4200.5025695542,2.1820483549e-02,0.9961658514,0.2494201812,11.3867259905,0
519275,8436301234.203757286072,8436301234.243563652039,3.980636596680e-02,8436301234.223660469055,20.2131007795,5068.9753992346,1.9863460271e-02,0.9980042030,0.3145564010,15.8043264357,0
519419,8436301277.213827133179,8436301277.246767044067,3.293991088867e-02,8436301277.230297088623,21.1089954114,7394.1244985364,1.6446429150e-02,0.9985715630,0.3078089299,18.6891173416,0
519795,8436301389.871267318726,8436301389.892419815063,2.115249633789e-02,8436301389.881843566895,23.8637909649,17903.8314915148,1.0569197345e-02,0.9993333341,0.2894978080,27.3724484713,0
520187,8436301506.782933235168,8436301506.812485694885,2.955245971680e-02,8436301506.797709465027,17.1816736169,9177.3344903096,1.4762391456e-02,0.9990634686,0.3411789791,23.0897179048,0
520229,8436301519.351109504700,8436301519.370755195618,1.964569091797e-02,8436301519.360932350159,41.6715582114,20769.5748059444,9.8129863549e-03,0.9989963087,0.2190761639,22.3027191911,0
521158,8436301797.069130897522,8436301797.109223365784,4.009246826172e-02,8436301797.089177131653,23.6042458252,5000.5670938400,1.9998865909e-02,0.9976370513,0.2910850718,14.5206860253,0
521229,8436301818.547999382019,8436301818.565455436707,1.745605468750e-02,8436301818.556727409363,36.1112522307,26290.2514057834,8.7220310469e-03,0.9993129837,0.2353389023,26.9635844451,0
521276,8436301832.290242195129,8436301832.329044342041,3.880214691162e-02,8436301832.309642791748,29.8053028477,5343.2782736043,1.9346887291e-02,0.9972070533,0.2590408332,13.3518814721,0
521333,8436301849.378851890564,8436301849.395184516907,1.633262634277e-02,8436301849.387018203735,27.4629024279,30017.5643036573,8.1625766593e-03,0.9995424481,0.2698620287,33.0457604359,0
521958,8436302036.362081527710,8436302036.406096458435,4.401493072510e-02,8436302036.384088516235,21.7337063304,4151.1621194097,2.1949778928e-02,0.9973787788,0.3033528647,13.7840891593,0
522466,8436302188.318152427673,8436302188.348151206970,2.999877929688e-02,8436302188.333151817322,16.2991502702,8905.9114629427,1.4985657799e-02,0.9990845061,0.3502938527,23.3538737847,0
523279,8436302431.247770309448,8436302431.272244453430,2.447414398193e-02,8436302431.260007858276,18.7272408582,13374.6828105219,1.2228501811e-02,0.9992996544,0.3267970291,26.7054920791,0
523496,8436302496.204216003418,8436302496.241899490356,3.768348693848e-02,8436302496.223057746887,18.9676065961,5652.5911479395,1.8810104609e-02,0.9983208104,0.3247197703,17.2340617439,0
523654,8436302543.424547195435,8436302543.455066680908,3.051948547363e-02,8436302543.439806938171,20.3373294733,8609.1982803042,1.5241708194e-02,0.9988181621,0.3135942100,20.5504257477,0
524090,8436302673.555985450745,8436302673.585946083069,2.996063232422e-02,8436302673.570965766907,16.6391619958,8928.9030448298,1.4966351617e-02,0.9990678070,0.3466963527,23.1434603220,0
524173,8436302698.424067497253,8436302698.461148262024,3.708076477051e-02,8436302698.442607879639,33.5071425081,5851.7604047535,1.8487225126e-02,0.9971328931,0.2443128452,13.1773358365,0
524211,8436302709.819166183472,8436302709.842467308044,2.330112457275e-02,8436302709.830816268921,22.7698972794,14757.2977336800,1.1641570650e-02,0.9992282230,0.2963701515,25.4382702049,0
524996,8436302944.577867507935,8436302944.620081901550,4.221439361572e-02,8436302944.598974227905,25.8701856961,4515.0693814347,2.1046640537e-02,0.9971310131,0.2780450865,13.1729991916,0
525684,8436303150.238754272461,8436303150.245723724365,6.969451904297e-03,8436303150.242238998413,17.5736117856,164717.2463393961,3.4845400552e-03,0.9999466538,0.3373529278,96.8090267282,0
525862,8436303203.596669197083,8436303203.628877639771,3.220844268799e-02,8436303203.612773895264,29.3990466912,7741.1062771896,1.6073612080e-02,0.9980993019,0.2608244942,16.1960326190,0
527179,8436303597.194362640381,8436303597.209486007690,1.512336730957e-02,8436303597.201924324036,32.8735305749,35010.7135067247,7.5581327757e-03,0.9995304116,0.2466560789,32.6192009808,0
527389,8436303659.974184036255,8436303660.012258529663,3.807449340820e-02,8436303659.993221282959,23.4110012967,5541.9195508491,1.8996994164e-02,0.9978855902,0.2922839739,15.3532692199,0
527423,8436303670.063644409180,8436303670.079025268555,1.538085937500e-02,8436303670.071334838867,38.4967872514,33855.0067393804,7.6860560206e-03,0.9994312845,0.2279306633,29.6382221229,0
527928,8436303821.057385444641,8436303821.094841003418,3.745555877686e-02,8436303821.076112747192,28.0904827600,5730.4871753322,1.8681821809e-02,0.9975460209,0.2668304547,14.2478426937,0
528821,8436304087.927659988403,8436304087.951639175415,2.397918701172e-02,8436304087.939649581909,25.9175313727,13938.9268987340,1.1978441814e-02,0.9990698857,0.2777910065,23.1693431808,0
529126,8436304179.306256294250,8436304179.348295211792,4.203891754150e-02,8436304179.327276229858,25.6190176535,4552.3734682980,2.0960230585e-02,0.9971822212,0.2794047348,13.2926702735,0
529656,8436304337.640849113464,8436304337.680400848389,3.955173492432e-02,8436304337.660625457764,22.8863048092,5136.8649491754,1.9731764515e-02,0.9977698603,0.2956154709,14.9482934940,0
529792,8436304378.198899269104,8436304378.230007171631,3.110790252686e-02,8436304378.214452743530,18.4633890845,8285.4746280228,1.5536611350e-02,0.9988851763,0.3291237987,21.1601407974,0
529821,8436304386.843272209167,8436304386.882193565369,3.892135620117e-02,8436304386.862732887268,32.9233610099,5313.8977048141,1.9400298087e-02,0.9968973325,0.2464693477,12.6649927853,0
529848,8436304395.024205207825,8436304395.050168991089,2.596378326416e-02,8436304395.037187576294,23.9539854295,11891.3117904880,1.2968809610e-02,0.9989922869,0.2889522678,22.2581019766,0
530219,8436304505.791903495789,8436304505.830497741699,3.859424591064e-02,8436304505.811201095581,23.2352613555,5394.1080688048,1.9255516671e-02,0.9978439126,0.2933872368,15.2036776420,0
530594,8436304618.059648513794,8436304618.100659370422,4.101085662842e-02,8436304618.080154418945,22.7919433392,4779.3445603342,2.0456476300e-02,0.9976127290,0.2962267812,14.4462615779,0
530766,8436304669.260847091675,8436304669.305472373962,4.462528228760e-02,8436304669.283159255981,19.2390524300,4036.4814197332,2.2259403341e-02,0.9976140071,0.3224208798,14.4501441019,0
531048,8436304753.891764640808,8436304753.900896072388,9.131431579590e-03,8436304753.896329879761,20.4943847316,95963.2633417277,4.5652282254e-03,0.9998932118,0.3123903110,68.4208841217,0
531325,8436304836.651491165161,8436304836.670813560486,1.932239532471e-02,8436304836.661151885986,20.5706598165,21447.9007715343,9.6565635285e-03,0.9995203355,0.3118106085,32.2745294496,0
531574,8436304911.091368675232,8436304911.127346038818,3.597736358643e-02,8436304911.109357833862,21.0509120857,6201.6605766223,1.7958125457e-02,0.9983013577,0.3082332880,17.1348457641,0
531875,8436305000.908900260925,8436305000.934453964233,2.555370330811e-02,8436305000.921676635742,26.7138892941,12278.0171656412,1.2762944471e-02,0.9989115329,0.2736191169,21.4152221781,0
532045,8436305051.686985015869,8436305051.725776672363,3.879165649414e-02,8436305051.706380844116,31.2610366239,5347.6082381674,1.9339053106e-02,0.9970728169,0.2529375515,13.0408224031,0
532770,8436305268.572279930115,8436305268.610218048096,3.793811798096e-02,8436305268.591249465942,17.4561415751,5575.7105541226,1.8939342047e-02,0.9984333992,0.3384861242,17.8441178545,0
533175,8436305389.625551223755,8436305389.665860176086,4.030895233154e-02,8436305389.645706176758,20.6967037453,4944.3443516162,2.0112249267e-02,0.9979048377,0.3108596876,15.4238534933,0
533336,8436305437.906937599182,8436305437.930088996887,2.315139770508e-02,8436305437.918513298035,60.6136953495,14986.3428278465,1.1552265624e-02,0.9979756532,0.1816475802,15.6921480552,0
534566,8436305805.474923133850,8436305805.495544433594,2.062129974365e-02,8436305805.485233306885,23.1750976344,18836.1690947594,1.0304305061e-02,0.9993846352,0.2937678140,28.4916874948,0
534593,8436305813.435201644897,8436305813.473338127136,3.813648223877e-02,8436305813.454269409180,23.4141897413,5523.9972333137,1.9027786580e-02,0.9978784336,0.2922640722,15.3272695868,0
534738,8436305856.794883728027,8436305856.833722114563,3.883838653564e-02,8436305856.814302444458,21.5016337312,5325.0633572396,1.9379948033e-02,0.9979790492,0.3049855533,15.7053668057,0
534761,8436305863.630602836609,8436305863.664847373962,3.424453735352e-02,8436305863.647725105286,23.5496962585,6845.4816085760,1.7092791451e-02,0.9982784276,0.2914220057,17.0200579820,0
535295,8436306023.403205871582,8436306023.427761077881,2.455520629883e-02,8436306023.415483474731,54.5682491285,13322.4872836040,1.2252433121e-02,0.9979499233,0.1914454231,15.5930616760,0
535311,8436306028.150650978088,8436306028.191563606262,4.091262817383e-02,8436306028.171107292175,25.1093831865,4804.5297418066,2.0402789776e-02,0.9973834821,0.2822259708,13.7965211929,0
535346,8436306038.634707450867,8436306038.658873558044,2.416610717773e-02,8436306038.646790504456,31.2823827724,13729.8952528039,1.2069280641e-02,0.9988601435,0.2528512383,20.9261041913,0
535421,8436306061.134678840637,8436306061.172536849976,3.785800933838e-02,8436306061.153608322144,24.4023248761,5606.2044790963,1.8887763267e-02,0.9978212588,0.2862855286,15.1241723262,0
535636,8436306125.332846641541,8436306125.360627174377,2.778053283691e-02,8436306125.346736907959,26.7110578929,10392.6547232004,1.3872404648e-02,0.9987140801,0.2736336185,19.6996666761,0
535780,8436306168.374913215637,8436306168.410675048828,3.576183319092e-02,8436306168.392793655396,25.3461877014,6280.6792834773,1.7844800181e-02,0.9979801698,0.2809044857,15.7097363686,0
535910,8436306207.144153594971,8436306207.181611061096,3.745746612549e-02,8436306207.162881851196,24.5564494848,5726.3724203616,1.8688532629e-02,0.9978535423,0.2853857019,15.2378541005,0
536061,8436306252.275381088257,8436306252.316167831421,4.078674316406e-02,8436306252.295774459839,22.6784289235,4831.6469110456,2.0345454835e-02,0.9976503764,0.2969672213,14.5619482348,0
536130,8436306272.978297233582,8436306273.016251564026,3.795433044434e-02,8436306272.997274398804,24.0368906367,5577.5438212049,1.8936229232e-02,0.9978428817,0.2884535273,15.2000324581,0
536159,8436306281.528735160828,8436306281.561705589294,3.297042846680e-02,8436306281.545220375061,41.6341347966,7401.0069615271,1.6438780308e-02,0.9971832986,0.2191746016,13.2952231328,0
536297,8436306322.947597503662,8436306322.989495277405,4.189777374268e-02,8436306322.968545913696,19.3841133014,4576.6890898550,2.0904476330e-02,0.9978800524,0.3212121971,15.3331391351,0
536364,8436306342.963294982910,8436306342.992980003357,2.968502044678e-02,8436306342.978137969971,34.5662584434,9113.0910146885,1.4814334412e-02,0.9981016815,0.2405408335,16.2062097214,0
537126,8436306570.693034172058,8436306570.736323356628,4.328918457031e-02,8436306570.714678764343,24.6360954899,4293.6854591718,2.1582407322e-02,0.9971269977,0.2849240169,13.1637507023,0
538188,8436306888.126538276672,8436306888.149902343750,2.336406707764e-02,8436306888.138219833374,22.7440403985,14677.9895457421,1.1672979177e-02,0.9992249328,0.2965385699,25.3841566984,0
538209,8436306894.494454383850,8436306894.521836280823,2.738189697266e-02,8436306894.508145332336,34.4085481202,10704.3717807183,1.3668926417e-02,0.9983914869,0.2410914583,17.6095511975,0
539123,8436307167.586807250977,8436307167.631246566772,4.443931579590e-02,8436307167.609026908875,36.9249101226,4087.8597681333,2.2119077142e-02,0.9954733436,0.2327315567,10.4741287081,0
539849,8436307384.849143981934,8436307384.874707221985,2.556324005127e-02,8436307384.861925125122,22.0324115743,12264.1963348067,1.2770133888e-02,0.9991013551,0.3012894884,23.5720892796,0
539909,8436307402.514636993408,8436307402.541475296021,2.683830261230e-02,8436307402.528056144714,20.9771231025,11127.5455380601,1.3406496764e-02,0.9990569790,0.3087749318,23.0100193909,0
540082,8436307454.333392143250,8436307454.357223510742,2.383136749268e-02,8436307454.345308303833,31.0139286883,14117.1558420278,1.1902587788e-02,0.9989009478,0.2539432105,21.3116776075,0
540443,8436307562.365465164185,8436307562.403472900391,3.800773620605e-02,8436307562.384469032288,24.0356017723,5561.9467129430,1.8962761637e-02,0.9978369421,0.2884612611,15.1790814146,0
540642,8436307621.784383773804,8436307621.818893432617,3.450965881348e-02,8436307621.801638603210,23.7564145188,6741.2715841954,1.7224399343e-02,0.9982364320,0.2901513199,16.8156585667,0
541201,8436307789.041793823242,8436307789.067827224731,2.603340148926e-02,8436307789.054810523987,19.3101967371,11823.2817630900,1.3006066736e-02,0.9991830488,0.3218263862,24.7241134700,0
541378,8436307841.708329200745,8436307841.750674247742,4.234504699707e-02,8436307841.729501724243,28.7714372862,4490.3110013107,2.1104583564e-02,0.9967911272,0.2636539116,12.4526446560,0
541768,8436307958.340958595276,8436307958.381127357483,4.016876220703e-02,8436307958.361042976379,16.7776869509,4974.8526474536,2.0050485221e-02,0.9983123262,0.3452621371,17.1905788559,0
542447,8436308161.445204734802,8436308161.485181808472,3.997707366943e-02,8436308161.465192794800,35.5739172306,5041.3104312966,1.9917887603e-02,0.9964655126,0.2371096081,11.8622793681,0
543183,8436308381.416090965271,8436308381.422296524048,6.205558776855e-03,8436308381.419193267822,24.0755103144,207767.9370808674,3.1025996129e-03,0.9999420599,0.2882220794,92.8915798850,0
543398,8436308445.792079925537,8436308445.835397720337,4.331779479980e-02,8436308445.813738822937,25.9166063290,4289.3286494597,2.1593365515e-02,0.9969743665,0.2777959641,12.8259513387,0
543426,8436308454.093572616577,8436308454.135316848755,4.174423217773e-02,8436308454.114444732666,26.5485222784,4617.4400600450,2.0812026231e-02,0.9971210462,0.2744699615,13.1500783327,0
543675,8436308528.448620796204,8436308528.488763809204,4.014301300049e-02,8436308528.468692779541,25.2988963215,4989.7364804372,2.0020558695e-02,0.9974616851,0.2811669114,14.0082614818,0
543717,8436308541.133741378784,8436308541.159388542175,2.564716339111e-02,8436308541.146564483643,18.8797137586,12181.0564415775,1.2813640052e-02,0.9992247374,0.3254747447,25.3809545932,0
543879,8436308589.528903007507,8436308589.566482543945,3.757953643799e-02,8436308589.547693252563,22.0498716829,5686.8833743415,1.8753305860e-02,0.9980594567,0.3011701773,16.0284136435,0
544071,8436308646.892528533936,8436308646.937214851379,4.468631744385e-02,8436308646.914871215820,20.4351236354,4026.7110215494,2.2286392050e-02,0.9974593265,0.3128429432,14.0017330176,0
544271,8436308706.512224197388,8436308706.551887512207,3.966331481934e-02,8436308706.532055854797,43.4733662474,5128.7194359667,1.9747427448e-02,0.9957527523,0.2144881794,10.8154439615,0
544278,8436308708.880960464478,8436308708.896432876587,1.547241210938e-02,8436308708.888696670532,25.3670281172,33442.8656062093,7.7332714709e-03,0.9996206689,0.2807890728,36.2954490570,0
544383,8436308740.184083938599,8436308740.216028213501,3.194427490234e-02,8436308740.200056076050,23.0539096154,7862.8346697092,1.5948705029e-02,0.9985329189,0.2945389300,18.4407960979,0
544424,8436308752.392026901245,8436308752.433429718018,4.140281677246e-02,8436308752.412728309631,23.9307793061,4690.8492041092,2.0648535840e-02,0.9974459445,0.2890923351,13.9648631464,0
544472,8436308766.854857444763,8436308766.887791633606,3.293418884277e-02,8436308766.871324539185,29.3926855014,7404.9704134497,1.6434380355e-02,0.9980133674,0.2608527166,15.8408465949,0
544516,8436308779.968626976013,8436308779.999678611755,3.105163574219e-02,8436308779.984152793884,38.1434544874,8335.1421367614,1.5490252347e-02,0.9977092656,0.2289839204,14.7485898814,0
544537,8436308786.326860427856,8436308786.367218017578,4.035758972168e-02,8436308786.347039222717,23.8460327958,4935.6332563342,2.0129989896e-02,0.9975813737,0.2896055826,14.3519761533,0
544894,8436308892.822386741638,8436308892.864797592163,4.241085052490e-02,8436308892.843591690063,48.4643250041,4496.1698215699,2.1090828716e-02,0.9945958855,0.2031439598,9.5798106968,0
544922,8436308901.072519302368,8436308901.116987228394,4.446792602539e-02,8436308901.094753265381,19.3266380727,4065.0505090901,2.2181046116e-02,0.9976199971,0.3216894669,14.4683818481,0
545035,8436308935.029789924622,8436308935.067384719849,3.759479522705e-02,8436308935.048587799072,28.8952094566,5689.1312162462,1.8749600670e-02,0.9974572574,0.2630886269,13.9960132962,0
545254,8436309000.567151069641,8436309000.601005554199,3.385448455811e-02,8436309000.584077835083,22.3868540416,7002.4214485143,1.6900162285e-02,0.9984002123,0.2988948719,17.6576235493,0
545308,8436309016.757202148438,8436309016.798321723938,4.111957550049e-02,8436309016.777761459351,20.4761043559,4751.9096195451,2.0515443594e-02,0.9978431608,0.3125297256,15.2010190690,0
546041,8436309235.812857627869,8436309235.851303100586,3.844547271729e-02,8436309235.832080841064,25.6181495455,5438.1389262402,1.9177405385e-02,0.9976418043,0.2794094687,14.5353639321,0
546457,8436309360.207733154297,8436309360.242942810059,3.520965576172e-02,8436309360.225337982178,16.4943683131,6469.5651510661,1.7582371516e-02,0.9987244201,0.3482147423,19.7795027981,0
546556,8436309389.800032615662,8436309389.835608482361,3.557586669922e-02,8436309389.817820549011,24.0979472755,6344.9992432863,1.7754122435e-02,0.9980992219,0.2880878702,16.1956908957,0
546599,8436309402.829823493958,8436309402.862923622131,3.310012817383e-02,8436309402.846373558044,17.0729453381,7318.8847608769,1.6530749442e-02,0.9988329565,0.3422636464,20.6805027818,0
547141,8436309564.551264762878,8436309564.586580276489,3.531551361084e-02,8436309564.568922042847,17.5563640226,6431.9991151237,1.7633641609e-02,0.9986343001,0.3375185987,19.1144663729,0
547301,8436309612.558605194092,8436309612.601527214050,4.292201995850e-02,8436309612.580066680908,17.4397652482,4359.8383323264,2.1418043935e-02,0.9979979487,0.3386450099,15.7795467336,0
548126,8436309859.290197372437,8436309859.321557044983,3.135967254639e-02,8436309859.305877685547,27.3949827069,8162.1962686974,1.5653500844e-02,0.9983204271,0.2701963528,17.2320901903,0
549575,8436310292.349871635437,8436310292.367816925049,1.794528961182e-02,8436310292.358844757080,18.0692853278,24860.2115033087,8.9693833946e-03,0.9996365162,0.3326936486,37.0786602863,0
549916,8436310394.273036003113,8436310394.296500205994,2.346420288086e-02,8436310394.284768104553,29.0387316282,14559.4657289315,1.1720395812e-02,0.9990022565,0.2624376718,22.3691955907,0
550329,8436310517.759900093079,8436310517.795816421509,3.591632843018e-02,8436310517.777858734131,23.7800368819,6225.4138441250,1.7923832811e-02,0.9980882565,0.2900071704,16.1490432382,0
550383,8436310533.774593353271,8436310533.808757781982,3.416442871094e-02,8436310533.791675567627,23.9705784067,6877.9320862179,1.7052421393e-02,0.9982559075,0.2888522408,16.9095314472,0
550484,8436310564.084033012390,8436310564.120651245117,3.661823272705e-02,8436310564.102342605591,25.6398011604,5991.8043335096,1.8269900682e-02,0.9978581336,0.2792914697,15.2542298687,0
550487,8436310564.943529129028,8436310564.984282493591,4.075336456299e-02,8436310564.963905334473,19.9445437505,4836.7937187661,2.0334627206e-02,0.9979361176,0.3166671000,15.5406604296,0
550772,8436310650.075671195984,8436310650.112839698792,3.716850280762e-02,8436310650.094255447388,21.9027748528,5812.7199246196,1.8549204915e-02,0.9981141835,0.3021797993,16.2599930829,0
550777,8436310651.484535217285,8436310651.512799263000,2.826404571533e-02,8436310651.498666763306,19.6788613490,10033.9958271158,1.4118158062e-02,0.9990189093,0.3187975792,22.5585241700,0
550786,8436310654.242047309875,8436310654.278013229370,3.596591949463e-02,8436310654.260030746460,38.3692538295,6222.9127934608,1.7927434332e-02,0.9969123317,0.2283091521,12.6958607073,0
551072,8436310739.901629447937,8436310739.946251869202,4.462242126465e-02,8436310739.923940658569,37.0782312636,4054.8357562269,2.2208967270e-02,0.9954173996,0.2322498774,10.4095596252,0
551195,8436310776.432119369507,8436310776.465374946594,3.325557708740e-02,8436310776.448747634888,21.6850939859,7255.3936937566,1.6602921183e-02,0.9985044698,0.3036926935,18.2641662012,0
551303,8436310808.880868911743,8436310808.894830703735,1.396179199219e-02,8436310808.887849807739,25.8252313778,41065.8543370543,6.9787006003e-03,0.9996855138,0.2782869796,39.8640775889,0
551799,8436310957.105580329895,8436310957.126444816589,2.086448669434e-02,8436310957.116012573242,33.0066044232,18410.0050060424,1.0422887364e-02,0.9991031667,0.2461583509,23.5959172603,0
551815,8436310962.142741203308,8436310962.167991638184,2.525043487549e-02,8436310962.155366897583,23.8313479110,12571.1885755601,1.2613244875e-02,0.9990516946,0.2896947964,22.9457273002,0
551971,8436311008.727421760559,8436311008.765838623047,3.841686248779e-02,8436311008.746629714966,32.5525417181,5453.1380646523,1.9151013001e-02,0.9970107792,0.2478691890,12.9041870115,0
552951,8436311301.463625907898,8436311301.506600379944,4.297447204590e-02,8436311301.485113143921,22.8780387265,4354.6829273544,2.1430718340e-02,0.9973697090,0.2956688706,13.7602095643,0
553421,8436311442.007026672363,8436311442.046737670898,3.971099853516e-02,8436311442.026882171631,16.1458132325,5089.1868085808,1.9823977743e-02,0.9984124537,0.3519532951,17.7257338328,0
553457,8436311452.786844253540,8436311452.814967155457,2.812290191650e-02,8436311452.800905227661,19.9373740623,10135.0267061608,1.4047613480e-02,0.9990159282,0.3167240333,22.5242782015,0
553872,8436311576.705522537231,8436311576.734824180603,2.930164337158e-02,8436311576.720172882080,19.3312487745,9336.9734708360,1.4635647313e-02,0.9989642648,0.3216511015,21.9544752063,0
554289,8436311701.484015464783,8436311701.522680282593,3.866481781006e-02,8436311701.503347396851,35.7232059466,5387.0078292295,1.9268202170e-02,0.9966788032,0.2366136441,12.2392219847,0
554463,8436311753.642978668213,8436311753.673535346985,3.055667877197e-02,8436311753.658256530762,28.5518106721,8596.5169268769,1.5252946133e-02,0.9983379572,0.2646660101,17.3229565968,0
554687,8436311820.500849723816,8436311820.539175033569,3.832530975342e-02,8436311820.520011901855,51.7069031366,5498.2210973291,1.9072336383e-02,0.9952867442,0.1966711848,10.2632535031,0
555063,8436311932.943389892578,8436311932.983444213867,4.005432128906e-02,8436311932.963417053223,51.6641766193,5038.1114681204,1.9924210059e-02,0.9948594518,0.1967524920,9.8242829064,0
555212,8436311977.309977531433,8436311977.350728034973,4.075050354004e-02,8436311977.330352783203,55.8555434779,4873.3811076721,2.0258151289e-02,0.9942528082,0.1892264566,9.2870732937,0
555651,8436312108.742769241333,8436312108.782520294189,3.975105285645e-02,8436312108.762644767761,35.0653596502,5097.8880173382,1.9807052476e-02,0.9965548609,0.2388228348,12.0159249939,0
556051,8436312228.174880027771,8436312228.218438148499,4.355812072754e-02,8436312228.196659088135,26.3343816622,4242.8306318456,2.1711366073e-02,0.9968917718,0.2755836419,12.6536056776,0
556190,8436312269.808230400085,8436312269.852238655090,4.400825500488e-02,8436312269.830234527588,21.2036640473,4151.8849784095,2.1947868075e-02,0.9974432330,0.3071210193,13.9574277278,0
556323,8436312309.492094993591,8436312309.528578758240,3.648376464844e-02,8436312309.510336875916,32.5737816093,6042.7983022876,1.8192649337e-02,0.9973011016,0.2477883636,13.5834865743,0
556380,8436312326.568226814270,8436312326.604430198669,3.620338439941e-02,8436312326.586328506470,29.6847325526,6133.3631478988,1.8057834073e-02,0.9975771256,0.2595663724,14.3393429478,0
556603,8436312393.233046531677,8436312393.275370597839,4.232406616211e-02,8436312393.254208564758,44.8439971696,4510.8079955684,2.1056579631e-02,0.9950168564,0.2111848889,9.9794234385,0
557035,8436312522.490598678589,8436312522.511362075806,2.076339721680e-02,8436312522.500980377197,22.6613711045,18579.0373027319,1.0375365253e-02,0.9993899499,0.2970789679,28.6156417240,0
557360,8436312619.454475402832,8436312619.490053176880,3.557777404785e-02,8436312619.472264289856,15.3336459138,6335.5572244676,1.7767347187e-02,0.9987891408,0.3611538781,20.3022188857,0
557553,8436312677.236654281616,8436312677.271301269531,3.464698791504e-02,8436312677.253977775574,17.2947758505,6681.6635038416,1.7301059419e-02,0.9987049646,0.3400615492,19.6300786686,0
557656,8436312707.986713409424,8436312708.015089988708,2.837657928467e-02,8436312708.000902175903,22.8750255818,9957.9215307682,1.4171983825e-02,0.9988507553,0.2956883430,20.8403091914,0
558058,8436312828.249408721924,8436312828.283461570740,3.405284881592e-02,8436312828.266435623169,22.7274569952,6921.6788714766,1.6998448139e-02,0.9983568911,0.2966467369,17.4227265692,0
558385,8436312925.896616935730,8436312925.936874389648,4.025745391846e-02,8436312925.916746139526,19.6985006974,4955.9511295675,2.0088684138e-02,0.9980106630,0.3186386194,15.8300433051,0
558648,8436313004.607539176941,8436313004.638701438904,3.116226196289e-02,8436313004.623120307922,25.3464414931,8263.5408948425,1.5557216927e-02,0.9984651914,0.2809030794,18.0284139667,0
558977,8436313102.995586395264,8436313103.035078048706,3.949165344238e-02,8436313103.015332221985,27.8032981131,5157.3543033994,1.9692529915e-02,0.9973008572,0.2682049813,13.5828691861,0
559057,8436313126.828080177307,8436313126.855631828308,2.755165100098e-02,8436313126.841856002808,32.8651998386,10571.7517610049,1.3754395860e-02,0.9984444025,0.2466873383,17.9072635855,0
559517,8436313264.484445571899,8436313264.523109436035,3.866386413574e-02,8436313264.503777503967,21.0863630707,5372.6349768139,1.9293958066e-02,0.9980356851,0.3079740738,15.9308481286,0
559824,8436313356.090909004211,8436313356.105559349060,1.465034484863e-02,8436313356.098234176636,18.8598940544,37291.8549752067,7.3233198824e-03,0.9997470992,0.3256457192,44.4557070202,0
560177,8436313461.701039314270,8436313461.725476264954,2.443695068359e-02,8436313461.713257789612,25.2057063801,13421.8480276351,1.2206997041e-02,0.9990605783,0.2816861937,23.0541197498,0
560276,8436313491.324305534363,8436313491.359773635864,3.546810150146e-02,8436313491.342039108276,26.8451696686,6386.2152856709,1.7696737965e-02,0.9978959807,0.2729492600,15.3912528986,0
560583,8436313583.138784408569,8436313583.172516822815,3.373241424561e-02,8436313583.155651092529,22.6963858432,7053.3408595492,1.6839049043e-02,0.9983897933,0.2968497208,17.6002653523,0
560748,8436313632.393071174622,8436313632.430231094360,3.715991973877e-02,8436313632.411651611328,24.1345965405,5817.6271408045,1.8541380062e-02,0.9979235796,0.2878690511,15.4935238373,0
560838,8436313659.187784194946,8436313659.229107856750,4.132366180420e-02,8436313659.208446502686,33.4642158954,4718.2786142694,2.0588428886e-02,0.9964474583,0.2444694926,11.8319375345,0
561472,8436313848.759627342224,8436313848.782518386841,2.289104461670e-02,8436313848.771072387695,19.1229661544,15286.3007633777,1.1438360967e-02,0.9993743107,0.3233980297,28.2554191051,0
561650,8436313902.119800567627,8436313902.143150329590,2.334976196289e-02,8436313902.131475448608,20.3979719326,14693.6059034362,1.1666774510e-02,0.9993056484,0.3131277107,26.8206340804,0
561652,8436313902.662514686584,8436313902.692143440247,2.962875366211e-02,8436313902.677329063416,49.0302536236,9162.0690796651,1.4774684540e-02,0.9973206912,0.2019681688,13.6332544495,0
561739,8436313928.645201683044,8436313928.662648200989,1.744651794434e-02,8436313928.653924942017,27.0296169426,26309.8800752603,8.7187768738e-03,0.9994861899,0.2720163772,31.1828845292,0
562235,8436314076.759553909302,8436314076.802159309387,4.260540008545e-02,8436314076.780857086182,23.4520299264,4430.6310422901,2.1246245960e-02,0.9973499095,0.2920281909,13.7085059773,0
562459,8436314144.019041061401,8436314144.039210319519,2.016925811768e-02,8436314144.029125213623,24.5921591163,19690.3251885289,1.0078329511e-02,0.9993753317,0.2851784261,28.2785241185,0
563214,8436314369.472535133362,8436314369.516390800476,4.385566711426e-02,8436314369.494462966919,28.8931989338,4188.3684404564,2.1852068769e-02,0.9965448120,0.2630977802,11.9983481064,0
563227,8436314373.430177688599,8436314373.452226638794,2.204895019531e-02,8436314373.441202163696,24.5389940844,16480.1553626623,1.1016264304e-02,0.9992552214,0.2854871860,25.8957622457,0
563912,8436314578.341540336609,8436314578.363447189331,2.190685272217e-02,8436314578.352493286133,24.9618262564,16694.7472642388,1.0945234569e-02,0.9992521251,0.2830589034,25.8420419386,0
563978,8436314597.843653678894,8436314597.881795883179,3.814220428467e-02,8436314597.862724304199,23.0045858532,5521.9373720089,1.9031335239e-02,0.9979148084,0.2948545190,15.4608012060,0
564217,8436314669.624773979187,8436314669.654784202576,3.001022338867e-02,8436314669.639779090881,19.6303071420,8902.4639870462,1.4988559114e-02,0.9988968705,0.3191915976,21.2721907104,0
564559,8436314771.833374977112,8436314771.857779502869,2.440452575684e-02,8436314771.845577239990,34.7568218968,13467.0215290984,1.2186506392e-02,0.9987087242,0.2398805128,19.6586907860,0
564781,8436314837.943994522095,8436314837.976129531860,3.213500976562e-02,8436314837.960062026978,36.0423641416,7783.0344899270,1.6030258301e-02,0.9976818689,0.2355636976,14.6608760564,0
565026,8436314911.240488052368,8436314911.265996932983,2.550888061523e-02,8436314911.253242492676,22.4065879428,12316.8022184613,1.2742833659e-02,0.9990899916,0.2987632217,23.4242518324,0
565185,8436314958.650863647461,8436314958.686616897583,3.575325012207e-02,8436314958.668740272522,18.2923697846,6276.6291868421,1.7850556575e-02,0.9985417557,0.3306587440,18.4967096904,0
565479,8436315046.624855041504,8436315046.654531478882,2.967643737793e-02,8436315046.639693260193,20.5292924077,9104.3062202888,1.4821479904e-02,0.9988719141,0.3121246063,21.0351803555,0
565787,8436315138.751688003540,8436315138.794337272644,4.264926910400e-02,8436315138.773012161255,31.2190470508,4429.3362776808,2.1249351039e-02,0.9964696458,0.2531075947,11.8692582551,0
565869,8436315163.162118911743,8436315163.199493408203,3.737449645996e-02,8436315163.180806159973,34.3304229427,5761.4900326275,1.8631490113e-02,0.9970162479,0.2413656263,12.9160603733,0
566671,8436315403.161667823792,8436315403.200901031494,3.923320770264e-02,8436315403.181283950806,24.7335304320,5222.0881740317,1.9570093364e-02,0.9976290245,0.2843622501,14.4959979975,0
567276,8436315583.871242523193,8436315583.906636238098,3.539371490479e-02,8436315583.888938903809,35.5053642974,6421.6344122355,1.7647866475e-02,0.9972316566,0.2373384006,13.4113303004,0
567561,8436315669.111451148987,8436315669.143723487854,3.227233886719e-02,8436315669.127587318420,20.0749274483,7701.2754858821,1.6115124621e-02,0.9986957987,0.3156370717,19.5608426789,0
567664,8436315699.887084960938,8436315699.929130554199,4.204559326172e-02,8436315699.908107757568,22.4286424640,4547.7457511740,2.0970892280e-02,0.9975310444,0.2986162958,14.2044039626,0
567958,8436315787.732582092285,8436315787.749010086060,1.642799377441e-02,8436315787.740796089172,22.1687513932,29665.0850549852,8.2109271490e-03,0.9996262796,0.3003615807,36.5670434107,0
568192,8436315857.916506767273,8436315857.958228111267,4.172134399414e-02,8436315857.937367439270,21.0700842213,4617.0000977797,2.0813017815e-02,0.9977155970,0.3080930220,14.7690842371,0
568446,8436315933.605900764465,8436315933.624333381653,1.843261718750e-02,8436315933.615117073059,25.7926518828,23571.7297599044,9.2112648803e-03,0.9994527404,0.2784626806,30.2141229070,0
568464,8436315939.236531257629,8436315939.271131515503,3.460025787354e-02,8436315939.253831863403,48.6511435647,6731.0334094737,1.7237493870e-02,0.9963795029,0.2027535520,11.7197711515,0
568800,8436316039.480725288391,8436316039.505442619324,2.471733093262e-02,8436316039.493083953857,22.9359238281,13117.3732849509,1.2347856083e-02,0.9991253600,0.2952955341,23.8938043064,0
568846,8436316053.077819824219,8436316053.109805107117,3.198528289795e-02,8436316053.093812942505,27.2568295763,7846.9478750262,1.5964841602e-02,0.9982617101,0.2708802418,16.9378049698,0
569354,8436316204.973418235779,8436316205.013241767883,3.982353210449e-02,8436316204.993330001831,22.4819680851,5066.8926148942,1.9867542364e-02,0.9977790173,0.2982619373,14.9791804745,0
569553,8436316264.609292984009,8436316264.636567115784,2.727413177490e-02,8436316264.622930526733,21.1183263375,10775.5661793752,1.3623696138e-02,0.9990196022,0.3077409212,22.5665054165,0
570087,8436316424.123872756958,8436316424.146193504333,2.232074737549e-02,8436316424.135032653809,32.4185037566,16089.7185486192,1.1149124733e-02,0.9989920629,0.2483810820,22.2556241313,0
570350,8436316502.883789062500,8436316502.916590690613,3.280162811279e-02,8436316502.900190353394,23.6099789402,7458.9217890300,1.6374836456e-02,0.9984160786,0.2910497282,17.7460537724,0
570445,8436316531.196318626404,8436316531.226014137268,2.969551086426e-02,8436316531.211166381836,17.3818641007,9089.4934831452,1.4833551936e-02,0.9990433910,0.3392085753,22.8457814261,0
571155,8436316743.539096832275,8436316743.570826530457,3.172969818115e-02,8436316743.554962158203,36.7262363435,7982.9008624543,1.5828313006e-02,0.9976970418,0.2333601985,14.7092605257,0
571162,8436316745.695193290710,8436316745.737768173218,4.257488250732e-02,8436316745.716480255127,28.2749859618,4441.7743743436,2.1219578391e-02,0.9968120705,0.2659584534,12.4936787973,0
571832,8436316946.034090042114,8436316946.073452949524,3.936290740967e-02,8436316946.053771972656,29.1411836263,5192.3019703209,1.9626146073e-02,0.9971898604,0.2619759380,13.3108022387,0
572108,8436317028.300681114197,8436317028.331776618958,3.109550476074e-02,8436317028.316228866577,22.3975718543,8296.0022335038,1.5526750261e-02,0.9986491861,0.2988233489,19.2197136661,0
572246,8436317069.580281257629,8436317069.619177818298,3.889656066895e-02,8436317069.599729537964,17.1408327875,5304.8502865414,1.9416834636e-02,0.9983831116,0.3415851946,17.5637736965,0
572726,8436317213.147897720337,8436317213.189566612244,4.166889190674e-02,8436317213.168731689453,17.6309400855,4625.1387920111,2.0794697784e-02,0.9980921898,0.3368040173,16.1657294888,0
573240,8436317366.774792671204,8436317366.795956611633,2.116394042969e-02,8436317366.785374641418,19.2423634852,17879.8786290659,1.0576274513e-02,0.9994617541,0.3223931390,30.4662678519,0
573616,8436317479.219262123108,8436317479.257214546204,3.795242309570e-02,8436317479.238238334656,18.8212257468,5572.8863678418,1.8944140409e-02,0.9983099293,0.3259800679,17.1783533888,0
573991,8436317591.382801055908,8436317591.425723075867,4.292201995850e-02,8436317591.404262542725,26.8403465940,4369.2389136721,2.1394990666e-02,0.9969237555,0.2729737827,12.7195217273,0
574014,8436317598.191103935242,8436317598.232946395874,4.184246063232e-02,8436317598.212024688721,21.9761220568,4591.3380056561,2.0871101248e-02,0.9976039139,0.3016751022,14.4195679541,0
574204,8436317655.004522323608,8436317655.047725677490,4.320335388184e-02,8436317655.026124000549,25.4945041910,4311.5230783210,2.1537715717e-02,0.9970390621,0.2800862008,12.9659471140,0
574588,8436317769.924827575684,8436317769.967238426208,4.241085052490e-02,8436317769.946033477783,29.0634071815,4476.7689037473,2.1136479841e-02,0.9967486895,0.2623262401,12.3707134784,0
574893,8436317861.007148742676,8436317861.042601585388,3.545284271240e-02,8436317861.024875640869,20.8734693115,6385.7188680724,1.7697425813e-02,0.9983642754,0.3095406420,17.4621056191,0
574903,8436317863.933114051819,8436317863.957066535950,2.395248413086e-02,8436317863.945090293884,28.9197201024,13972.9675817066,1.1963842088e-02,0.9989646187,0.2629771141,21.9582330314,0
574982,8436317887.756066322327,8436317887.794400215149,3.833389282227e-02,8436317887.775233268738,27.8333887127,5471.9088755690,1.9118137009e-02,0.9974534597,0.2680599643,13.9855331433,0
575012,8436317896.449695587158,8436317896.492958068848,4.326248168945e-02,8436317896.471326828003,28.4452118842,4302.7661685451,2.1559621157e-02,0.9966890625,0.2651614659,12.2582642301,0
575192,8436317950.314919471741,8436317950.351069450378,3.614997863770e-02,8436317950.332994461060,18.8534064618,6140.5795436919,1.8047220190e-02,0.9984636711,0.3257017429,18.0194708345,0
575370,8436318003.445806503296,8436318003.485149383545,3.934288024902e-02,8436318003.465477943420,21.0384133845,5189.4570646878,1.9631524948e-02,0.9979709072,0.3083248335,15.6737296082,0
575435,8436318022.983034133911,8436318023.024052619934,4.101848602295e-02,8436318023.003543853760,20.3570282477,4775.1403823992,2.0465479569e-02,0.9978661600,0.3134424463,15.2829846594,0
575628,8436318080.591219902039,8436318080.634772300720,4.355239868164e-02,8436318080.612996101379,24.9030474989,4242.5073225325,2.1712193338e-02,0.9970607358,0.2833927590,13.0138760477,0
575734,8436318112.336245536804,8436318112.379526138306,4.328060150146e-02,8436318112.357885360718,36.0336735415,4306.7764137737,2.1549581223e-02,0.9958078435,0.2355921025,10.8867295906,0
575910,8436318164.861531257629,8436318164.901815414429,4.028415679932e-02,8436318164.881673812866,27.0891559073,4956.7998343134,2.0086964270e-02,0.9972637317,0.2717172819,13.4900319860,0
576179,8436318245.316834449768,8436318245.341064453125,2.423000335693e-02,8436318245.328948974609,22.6282136459,13649.0879839620,1.2104955053e-02,0.9991707285,0.2972965453,24.5395381031,0
576264,8436318270.846052169800,8436318270.881405830383,3.535366058350e-02,8436318270.863729476929,21.7050943845,6422.3128108215,1.7646934365e-02,0.9983087507,0.3035527408,17.1723513646,0
576667,8436318391.259674072266,8436318391.294431686401,3.475761413574e-02,8436318391.277052879333,24.8245468954,6646.8382006686,1.7346323610e-02,0.9981308580,0.2838404800,16.3325640783,0
576941,8436318473.093592643738,8436318473.121321678162,2.772903442383e-02,8436318473.107457160950,46.2069048780,10450.6896231819,1.3833832819e-02,0.9977868402,0.2080470483,15.0057189212,0
577114,8436318524.799788475037,8436318524.834265708923,3.447723388672e-02,8436318524.817027091980,36.4283023050,6766.5847043195,1.7192151774e-02,0.9973045883,0.2343125400,13.5923050404,0
577341,8436318592.725794792175,8436318592.764801979065,3.900718688965e-02,8436318592.745298385620,38.6118882199,5296.3714853689,1.9432370333e-02,0.9963482057,0.2275906822,11.6691666533,0
577364,8436318599.570729255676,8436318599.605346679688,3.461742401123e-02,8436318599.588037490845,29.3289789472,6705.0855495057,1.7270815159e-02,0.9978105334,0.2611358668,15.0869612206,0
577464,8436318629.481353759766,8436318629.506536483765,2.518272399902e-02,8436318629.493945121765,24.9261509296,12639.8483282784,1.2578940605e-02,0.9990134988,0.2832613937,22.4964855842,0
577544,8436318653.476873397827,8436318653.496069908142,1.919651031494e-02,8436318653.486471176147,28.1843116376,21737.4639988839,9.5920306973e-03,0.9993515009,0.2663859295,27.7535786607,0
578077,8436318812.906585693359,8436318812.947975158691,4.138946533203e-02,8436318812.927280426025,28.2208944592,4698.1507200065,2.0632484393e-02,0.9969920716,0.2662132151,12.8638151275,0
578221,8436318855.670663833618,8436318855.709757804871,3.909397125244e-02,8436318855.690210342407,19.4272797682,5253.8694781871,1.9510812625e-02,0.9981494333,0.3208551398,16.4145585361,0
578226,8436318857.360461235046,8436318857.399163246155,3.870201110840e-02,8436318857.379812240601,24.4012821455,5365.4054945017,1.9306952273e-02,0.9977234629,0.2862916454,14.7946650409,0
578265,8436318868.749749183655,8436318868.785568237305,3.581905364990e-02,8436318868.767658233643,54.3465887915,6289.7100260877,1.7831984829e-02,0.9956703493,0.1918354446,10.7113630921,0
579101,8436319118.954915046692,8436319118.977106094360,2.219104766846e-02,8436319118.966011047363,23.5157541430,16269.0640776416,1.1087502046e-02,0.9992770249,0.2916322458,26.2837744478,0
579619,8436319273.864723205566,8436319273.893717765808,2.899456024170e-02,8436319273.879220962524,18.1076829960,9534.1624875398,1.4483506655e-02,0.9990499276,0.3323407200,22.9243497553,0
580578,8436319560.387598991394,8436319560.414155960083,2.655696868896e-02,8436319560.400876998901,23.9971267805,11367.1290723700,1.3264460847e-02,0.9989438932,0.2886924159,21.7413680949,0
581209,8436319749.066043853760,8436319749.086230278015,2.018642425537e-02,8436319749.076137542725,26.5039135421,19658.8044599047,1.0086406021e-02,0.9993256748,0.2747008446,27.2163946567,0
581304,8436319777.497751235962,8436319777.541996002197,4.424476623535e-02,8436319777.519873619080,35.9020575792,4122.5401350031,2.2025843628e-02,0.9956361171,0.2360235446,10.6689927270,0
581326,8436319784.110587120056,8436319784.153267860413,4.268074035645e-02,8436319784.131927490234,30.0808070363,4421.7144000530,2.1267657312e-02,0.9965927083,0.2578518525,12.0828200446,0
581647,8436319879.848341941833,8436319879.891050338745,4.270839691162e-02,8436319879.869695663452,20.4324609950,4406.3801402511,2.1304631034e-02,0.9976787974,0.3128633265,14.6511388437,0
581683,8436319890.794281005859,8436319890.830083847046,3.580284118652e-02,8436319890.812182426453,37.2784399698,6278.2902273000,1.7848195068e-02,0.9970267429,0.2316253737,12.9389381409,0
581867,8436319945.752487182617,8436319945.787144660950,3.465747833252e-02,8436319945.769815444946,24.3964607194,6684.7313447735,1.7297088954e-02,0.9981735421,0.2863199336,16.5228370553,0
582081,8436320010.045357704163,8436320010.084505081177,3.914737701416e-02,8436320010.064931869507,22.3051603417,5242.4752051601,1.9532004033e-02,0.9978703823,0.2994417299,15.2981759053,0
582089,8436320012.077509880066,8436320012.102034568787,2.452468872070e-02,8436320012.089772224426,19.4617390894,13320.4214930004,1.2253383166e-02,0.9992692103,0.3205709578,26.1427136952,0
582271,8436320066.479094505310,8436320066.521367073059,4.227256774902e-02,8436320066.500230789185,25.6233820856,4502.4752996896,2.1076055248e-02,0.9971504628,0.2793809382,13.2180727653,0
582275,8436320067.963870048523,8436320068.007147789001,4.327774047852e-02,8436320067.985508918762,36.6646510292,4307.9720740168,2.1546590516e-02,0.9957354648,0.2335561029,10.7933593699,0
582394,8436320103.373598098755,8436320103.408800125122,3.520202636719e-02,8436320103.391199111938,22.0237810939,6477.8920367881,1.7571067416e-02,0.9982986339,0.3013485159,17.1210891531,0
582560,8436320152.885876655579,8436320152.894837379456,8.960723876953e-03,8436320152.890357017517,18.4632801462,99651.5986338859,4.4799468623e-03,0.9999073566,0.3291247696,73.4594155932,0
582821,8436320230.884462356567,8436320230.913854598999,2.939224243164e-02,8436320230.899158477783,25.0727414474,9285.3618310220,1.4676266248e-02,0.9986489654,0.2824321205,19.2181403757,0
582971,8436320275.766194343567,8436320275.803700447083,3.750610351562e-02,8436320275.784947395325,30.1628558763,5717.2003449275,1.8703517580e-02,0.9973586071,0.2575009101,13.7311469853,0
583069,8436320304.950137138367,8436320304.988191604614,3.805446624756e-02,8436320304.969163894653,29.1429525698,5553.4615502022,1.8977242758e-02,0.9973726939,0.2619679871,13.7680547347,0
583216,8436320349.120443344116,8436320349.134711265564,1.426792144775e-02,8436320349.127576828003,25.6454975039,39323.4753246443,7.1316340754e-03,0.9996738630,0.2792604501,39.1452183246,0
583387,8436320400.354023933411,8436320400.390066146851,3.604221343994e-02,8436320400.372045516968,20.8537393068,6179.2421800068,1.7990672157e-02,0.9983111713,0.3096870376,17.1846847399,0
583488,8436320430.233803749084,8436320430.265353202820,3.154945373535e-02,8436320430.249578475952,36.0729751596,8073.3011669975,1.5739445241e-02,0.9977634081,0.2354637284,14.9266437618,0
584026,8436320591.303309440613,8436320591.343716621399,4.040718078613e-02,8436320591.323513031006,21.5302196658,4921.2685310687,2.0159347274e-02,0.9978101358,0.3047830196,15.0855869500,0
584231,8436320652.607933998108,8436320652.645579338074,3.764533996582e-02,8436320652.626756668091,26.6847327973,5671.7314446079,1.8778338714e-02,0.9976447938,0.2737685581,14.5446187154,0
584637,8436320773.642057418823,8436320773.679530143738,3.747272491455e-02,8436320773.660793304443,42.3261213723,5739.4995105462,1.8667148666e-02,0.9963059110,0.2173755838,11.6018028727,0
585042,8436320894.807976722717,8436320894.822958946228,1.498222351074e-02,8436320894.815467834473,19.9625755931,35659.9419041699,7.4890146849e-03,0.9997200589,0.3165240478,42.2532807064,0
585054,8436320898.611631393433,8436320898.655922889709,4.429149627686e-02,8436320898.633777618408,62.9188926938,4140.9382490731,2.1976858944e-02,0.9923737418,0.1782889644,8.0507085737,0
585530,8436321040.719286918640,8436321040.760422706604,4.113578796387e-02,8436321040.739854812622,23.2834066761,4750.9881455248,2.0517433025e-02,0.9975466153,0.2930837475,14.2495749800,0
586283,8436321265.822651863098,8436321265.859329223633,3.667736053467e-02,8436321265.840990066528,25.4873272323,5972.4311809287,1.8299508307e-02,0.9978639706,0.2801256327,15.2751249583,0
586608,8436321363.080796241760,8436321363.109730720520,2.893447875977e-02,8436321363.095263481140,36.1337537986,9591.7491308851,1.4439963389e-02,0.9981146375,0.2352656146,16.2619563036,0
586735,8436321400.994551658630,8436321401.025362014771,3.081035614014e-02,8436321401.009956359863,22.5433145266,8450.0004100265,1.5384615011e-02,0.9986651853,0.2978558352,19.3347869033,0
587117,8436321515.258457183838,8436321515.295832633972,3.737545013428e-02,8436321515.277145385742,21.4497157311,5748.3170600212,1.8652826068e-02,0.9981325175,0.3053544317,16.3398396841,0
588121,8436321815.398663520813,8436321815.435580253601,3.691673278809e-02,8436321815.417121887207,25.7489986392,5895.8215764261,1.8418015400e-02,0.9978139456,0.2786986248,15.0987697832,0
588631,8436321967.823720932007,8436321967.866337776184,4.261684417725e-02,8436321967.845029830933,43.7770995454,4448.5894707261,2.1203318305e-02,0.9950675004,0.2137428057,10.0309072534,0
588725,8436321995.982102394104,8436321996.012067794800,2.996540069580e-02,8436321995.997085571289,29.3984082156,8938.8261130852,1.4958042172e-02,0.9983542235,0.2608273265,17.4085659071,0
588861,8436322036.533280372620,8436322036.542762756348,9.482383728027e-03,8436322036.538021087646,23.0362436472,88995.3602485765,4.7405782010e-03,0.9998705678,0.2946518459,62.1472098947,0
589087,8436322104.127219200134,8436322104.169112205505,4.189300537109e-02,8436322104.148165702820,25.0615711078,4583.4040554785,2.0889157552e-02,0.9972623051,0.2824950557,13.4865022562,0
590473,8436322518.344584465027,8436322518.367880821228,2.329635620117e-02,8436322518.356232643127,20.5795190362,14761.1397918995,1.1640055506e-02,0.9993026725,0.3117434860,26.7632829199,0
590585,8436322551.841154098511,8436322551.877747535706,3.659343719482e-02,8436322551.859451293945,44.7164823601,6018.9690411985,1.8228626359e-02,0.9962784453,0.2114857850,11.5586728795,0
590792,8436322613.870994567871,8436322613.901350975037,3.035640716553e-02,8436322613.886173248291,19.5545368479,8700.9441689767,1.5161138211e-02,0.9988756659,0.3198094046,21.0703066943,0
591580,8436322849.306978225708,8436322849.341212272644,3.423404693604e-02,8436322849.324094772339,31.6224385602,6857.7359119310,1.7077512800e-02,0.9976917325,0.2514880301,14.6922758265,0
591815,8436322919.663942337036,8436322919.698290824890,3.434848785400e-02,8436322919.681116104126,34.5117090369,6815.2150128493,1.7130704231e-02,0.9974648260,0.2407308585,14.0169698038,0
591891,8436322942.344283103943,8436322942.373120307922,2.883720397949e-02,8436322942.358701705933,21.7698949940,9641.9607513150,1.4402315425e-02,0.9988704477,0.3031006242,21.0214987825,0
591914,8436322949.354810714722,8436322949.391361236572,3.655052185059e-02,8436322949.373085975647,23.5015824706,6011.7915672617,1.8239504685e-02,0.9980434621,0.2917201611,15.9625716019,0
591924,8436322952.075481414795,8436322952.103602409363,2.812099456787e-02,8436322952.089542388916,26.1887754879,10142.6502963296,1.4042333136e-02,0.9987081433,0.2763486845,19.6542610781,0
592560,8436323142.231652259827,8436323142.259626388550,2.797412872314e-02,8436323142.245639801025,25.7459337762,10248.7103489862,1.3969484761e-02,0.9987431529,0.2787152128,19.9266411853,0
592758,8436323201.601819992065,8436323201.611778259277,9.958267211914e-03,8436323201.606799125671,21.3657985564,80693.2936898413,4.9784743801e-03,0.9998676023,0.3059535052,61.4471370763,0
593278,8436323357.006586074829,8436323357.032881736755,2.629566192627e-02,8436323357.019733428955,33.0670896265,11602.7584042641,1.3129082374e-02,0.9985740165,0.2459331155,18.7052234116,0
593320,8436323369.413752555847,8436323369.455203056335,4.145050048828e-02,8436323369.434477806091,37.1961908932,4693.3833574913,2.0642960584e-02,0.9960294974,0.2318813200,11.1883483787,0
593555,8436323439.741264343262,8436323439.782248497009,4.098415374756e-02,8436323439.761756896973,19.4421925122,4782.1950124420,2.0450378797e-02,0.9979651610,0.3207320634,15.6515157241,0
593823,8436323519.870261192322,8436323519.901140213013,3.087902069092e-02,8436323519.885700225830,22.6013731388,8412.6204824719,1.5418756478e-02,0.9986557950,0.2974730218,19.2669984443,0
594598,8436323751.684104919434,8436323751.724238395691,4.013347625732e-02,8436323751.704172134399,24.5421491446,4991.3393689436,2.0017343797e-02,0.9975384972,0.2854688348,14.2259710040,0
595243,8436323944.434914588928,8436323944.478095054626,4.318046569824e-02,8436323944.456504821777,16.3374299254,4306.9109021489,2.1549244765e-02,0.9981015451,0.3498832314,16.2056256592,0
595566,8436324040.734122276306,8436324040.774693489075,4.057121276855e-02,8436324040.754407882690,26.7549614329,4886.9534611831,2.0230000626e-02,0.9972588565,0.2734090168,13.4779809712,0
595683,8436324075.844391822815,8436324075.875542640686,3.115081787109e-02,8436324075.859967231750,32.7424640705,8276.9910744476,1.5544571484e-02,0.9980201193,0.2471492620,15.8679148040,0
596648,8436324364.339640617371,8436324364.382081031799,4.244041442871e-02,8436324364.360860824585,39.2419263629,4480.7530565035,2.1127080786e-02,0.9956114270,0.2257562792,10.6387405593,0
597603,8436324650.071191787720,8436324650.111001968384,3.981018066406e-02,8436324650.091096878052,25.0998970781,5072.8946753326,1.9855785617e-02,0.9975230097,0.2822792972,14.1812618029,0
597890,8436324735.670391082764,8436324735.696407318115,2.601623535156e-02,8436324735.683399200439,24.0287122890,11843.5825062881,1.2994915293e-02,0.9989850659,0.2885026118,22.1786594330,0
598277,8436324851.417244911194,8436324851.458186149597,4.094123840332e-02,8436324851.437715530396,24.2553269468,4796.9981867543,2.0418800253e-02,0.9974686184,0.2871517262,14.0275056333,0
598924,8436325044.722013473511,8436325044.760854721069,3.884124755859e-02,8436325044.741434097290,53.6526345782,5356.4330725247,1.9323115794e-02,0.9949791528,0.1930720783,9.9416002548,0
598934,8436325047.783017158508,8436325047.819836616516,3.681945800781e-02,8436325047.801426887512,16.6599371779,5917.7902403138,1.8383796935e-02,0.9985913932,0.3464801176,18.8204898358,0
598984,8436325062.695311546326,8436325062.722764968872,2.745342254639e-02,8436325062.709037780762,21.8213029492,10636.2591398274,1.3712623213e-02,0.9989736755,0.3027433822,22.0550557348,0
599480,8436325211.187116622925,8436325211.231915473938,4.479885101318e-02,8436325211.209516525269,16.9103161261,4003.0841682773,2.2352064244e-02,0.9978856037,0.3439055104,15.3533183385,0
599752,8436325292.507696151733,8436325292.549814224243,4.211807250977e-02,8436325292.528755187988,23.7717911544,4533.5274390417,2.1003751602e-02,0.9973747776,0.2900574635,13.7735392992,0
599791,8436325303.924568176270,8436325303.963486671448,3.891849517822e-02,8436325303.944026947021,30.4741026003,5312.2249175439,1.9403352364e-02,0.9971275752,0.2561825446,13.1650796598,0
600186,8436325422.247031211853,8436325422.282505035400,3.547382354736e-02,8436325422.264768600464,38.2921960545,6395.6109023553,1.7683734291e-02,0.9970018748,0.2285387570,12.8849238184,0
600400,8436325486.134851455688,8436325486.166550636292,3.169918060303e-02,8436325486.150701522827,21.2980094362,7982.7799545199,1.5828432874e-02,0.9986651120,0.3064400258,19.3342553340,0
600510,8436325518.990687370300,8436325519.025744438171,3.505706787109e-02,8436325519.008215904236,26.4358860522,6535.8036390979,1.7493048487e-02,0.9979755610,0.2750540615,15.6917893141,0
600653,8436325561.591681480408,8436325561.624066352844,3.238487243652e-02,8436325561.607873916626,29.5221149369,7657.4329106167,1.6161192288e-02,0.9980704614,0.2602802795,16.0741889620,0
600886,8436325631.462049484253,8436325631.498631477356,3.658199310303e-02,8436325631.480340957642,17.8939029476,5995.8849452919,1.8263682662e-02,0.9985067031,0.3343200777,18.2778492559,0
601140,8436325707.293463706970,8436325707.336723327637,4.325962066650e-02,8436325707.315093994141,28.9198826332,4303.8062318957,2.1557015937e-02,0.9966345338,0.2629763751,12.1580527563,0
601523,8436325821.914734840393,8436325821.939960479736,2.522563934326e-02,8436325821.927347183228,19.3757419488,12591.4119323876,1.2603111593e-02,0.9992303007,0.3212815800,25.4726213793,0
601621,8436325851.229320526123,8436325851.259074211121,2.975368499756e-02,8436325851.244197845459,33.4111192052,9070.0819992124,1.4849416587e-02,0.9981564695,0.2446636700,16.4459407292,0
601674,8436325866.996630668640,8436325867.029041290283,3.241062164307e-02,8436325867.012836456299,26.3961160579,7642.1914619981,1.6177300056e-02,0.9982715070,0.2752611901,16.9858630381,0
602676,8436326166.491394042969,8436326166.523896217346,3.250217437744e-02,8436326166.507644653320,20.2458923301,7593.1970352198,1.6229407429e-02,0.9986659502,0.3143015598,19.3403405076,0
602730,8436326182.684755325317,8436326182.699508666992,1.475334167480e-02,8436326182.692131996155,19.9250045889,36774.3121985531,7.3746721581e-03,0.9997290540,0.3168223294,42.9492295934,0
602891,8436326230.773669242859,8436326230.807538986206,3.386974334717e-02,8436326230.790603637695,28.4861831485,7002.2329895490,1.6900389710e-02,0.9979638485,0.2649707083,15.6464550453,0
602958,8436326250.750073432922,8436326250.790942192078,4.086875915527e-02,8436326250.770507812500,21.3398651571,4811.0263055015,2.0389009681e-02,0.9977797272,0.3061393547,14.9815830480,0
603291,8436326350.321192741394,8436326350.359376907349,3.818416595459e-02,8436326350.340284347534,21.4896285366,5508.3431870374,1.9054804734e-02,0.9980474502,0.3050707316,15.9789129345,0
603331,8436326362.298523902893,8436326362.333971977234,3.544807434082e-02,8436326362.316247940063,29.7751157705,6396.3329905845,1.7682736096e-02,0.9976697705,0.2591721124,14.6226342162,0
603779,8436326496.192617416382,8436326496.231918334961,3.930091857910e-02,8436326496.212267875671,21.1371876497,5200.5983928934,1.9610485203e-02,0.9979657429,0.3076035876,15.6537607116,0
603877,8436326525.644753456116,8436326525.662315368652,1.756191253662e-02,8436326525.653533935547,20.6230280407,25959.2131871186,8.7774676054e-03,0.9996027013,0.3114144652,35.4647552836,0
604024,8436326569.384502410889,8436326569.419735908508,3.523349761963e-02,8436326569.402118682861,21.8728677890,6466.2132574634,1.7586928016e-02,0.9983072476,0.3023863159,17.1647061105,0
604062,8436326581.063457489014,8436326581.100914001465,3.745651245117e-02,8436326581.082185745239,33.8020313917,5735.9083520270,1.8672991350e-02,0.9970491180,0.2432448183,12.9881188796,0
604820,8436326807.462942123413,8436326807.493896484375,3.095436096191e-02,8436326807.478419303894,35.9079468075,8385.1355781485,1.5444005702e-02,0.9978565360,0.2360041888,15.2485259886,0
605077,8436326884.356345176697,8436326884.397094726562,4.074954986572e-02,8436326884.376720428467,19.6625154285,4837.4135743423,2.0333324347e-02,0.9979655929,0.3189300637,15.6531821707,0
605426,8436326988.666780471802,8436326988.680320739746,1.354026794434e-02,8436326988.673550605774,37.5228171346,43672.5720060938,6.7672249485e-03,0.9995703152,0.2308698812,34.1012278512,0
605683,8436327065.375694274902,8436327065.404644966125,2.895069122314e-02,8436327065.390169143677,25.7495191409,9570.6655533103,1.4455859807e-02,0.9986538626,0.2786958079,19.2531367063,0
605728,8436327078.887201309204,8436327078.917741775513,3.054046630859e-02,8436327078.902471542358,17.2803175140,8594.3444886587,1.5254873795e-02,0.9989941634,0.3402037832,22.2788859694,0
605785,8436327095.941586494446,8436327095.973929405212,3.234291076660e-02,8436327095.957757949829,20.2899168427,7668.0064444813,1.6150045984e-02,0.9986760994,0.3139603932,19.4144797566,0
605800,8436327100.406191825867,8436327100.439626693726,3.343486785889e-02,8436327100.422908782959,26.4087884382,7182.7454745495,1.6686673148e-02,0.9981599579,0.2751951395,16.4615658515,0
606217,8436327225.014346122742,8436327225.037869453430,2.352333068848e-02,8436327225.026107788086,22.6549857710,14480.1269641764,1.1752460844e-02,0.9992174152,0.2971208309,25.2617994341,0
606227,8436327228.103429794312,8436327228.143445014954,4.001522064209e-02,8436327228.123437881470,23.5178426563,5019.7148529194,1.9960686515e-02,0.9976547021,0.2916192963,14.5754186333,0
606283,8436327244.867054939270,8436327244.910541534424,4.348659515381e-02,8436327244.888797760010,25.2318386751,4255.6098532818,2.1678742904e-02,0.9970310542,0.2815402865,12.9483711244,0
606686,8436327365.428845405579,8436327365.464488029480,3.564262390137e-02,8436327365.446666717529,34.4698438454,6331.7157252403,1.7772736161e-02,0.9972742866,0.2408770034,13.5162329303,0
606771,8436327390.637234687805,8436327390.664025306702,2.679061889648e-02,8436327390.650629997253,26.5398793861,11172.6798895223,1.3379390203e-02,0.9988115806,0.2745146494,20.4933413793,0
607113,8436327492.792768478394,8436327492.833385467529,4.061698913574e-02,8436327492.813076972961,21.5391515303,4870.7886930081,2.0263541642e-02,0.9977864964,0.3047198192,15.0045498562,0
607380,8436327572.743679046631,8436327572.787014961243,4.333591461182e-02,8436327572.765346527100,33.8751884201,4293.7227019954,2.1582313722e-02,0.9960474546,0.2429820199,11.2138867778,0
608162,8436327806.481797218323,8436327806.521183967590,3.938674926758e-02,8436327806.501490592957,28.6437061170,5185.5555847163,1.9638908689e-02,0.9972343011,0.2642411150,13.4177671370,0
608197,8436327817.030856132507,8436327817.057325363159,2.646923065186e-02,8436327817.044090270996,20.5862489036,11439.0413943545,1.3222701138e-02,0.9990997708,0.3116925257,23.5513098045,0
608256,8436327834.599464416504,8436327834.638832092285,3.936767578125e-02,8436327834.619148254395,24.3866092319,5186.2967059809,1.9637505440e-02,0.9976461678,0.2863777603,14.5488782153,0
608523,8436327914.497148513794,8436327914.525348663330,2.820014953613e-02,8436327914.511248588562,20.2167907327,10079.9662468452,1.4085927829e-02,0.9989966763,0.3145276934,22.3068103216,0
608610,8436327940.517584800720,8436327940.553718566895,3.613376617432e-02,8436327940.535652160645,30.7440164825,6157.9647664603,1.8021726645e-02,0.9975005958,0.2550555015,14.1172940739,0
608960,8436328045.086273193359,8436328045.125094413757,3.882122039795e-02,8436328045.105684280396,25.9529520169,5334.2060169357,1.9363332602e-02,0.9975643426,0.2776013769,14.3015275711,0
609011,8436328060.318728446960,8436328060.361151695251,4.242324829102e-02,8436328060.339940071106,30.7019221716,4475.8082045131,2.1138748114e-02,0.9965643352,0.2552302904,12.0325670797,0
609272,8436328138.342375755310,8436328138.375527381897,3.315162658691e-02,8436328138.358951568604,22.2789692974,7301.4228380618,1.6550504927e-02,0.9984731750,0.2996176893,18.0755950848,0
609500,8436328206.547612190247,8436328206.592420578003,4.480838775635e-02,8436328206.570016860962,23.1225263558,4007.5997733540,2.2339467984e-02,0.9971109920,0.2941015790,13.1270770394,0
609721,8436328272.453949928284,8436328272.482457160950,2.850723266602e-02,8436328272.468203544617,23.6382120225,9867.8254709622,1.4236533946e-02,0.9988015402,0.2908758638,20.4071624340,0
610099,8436328385.681001663208,8436328385.719787597656,3.878593444824e-02,8436328385.700394630432,31.8750148924,5349.7909617595,1.9335107521e-02,0.9970164595,0.2504896579,12.9165204594,0
610316,8436328450.443373680115,8436328450.488111495972,4.473781585693e-02,8436328450.465742111206,29.0463000453,4026.1041304310,2.2288071702e-02,0.9963862238,0.2624034787,11.7307237140,0
610337,8436328456.804447174072,8436328456.835064888000,3.061771392822e-02,8436328456.819755554199,14.1512373329,8547.9906278839,1.5296179774e-02,0.9991719049,0.3759393537,24.5569838829,0
610768,8436328585.626174926758,8436328585.637281417847,1.110649108887e-02,8436328585.631728172302,20.6401688603,64874.5617370263,5.5523620776e-03,0.9998409098,0.3112851298,56.0546309989,0
611001,8436328655.114171028137,8436328655.137985229492,2.381420135498e-02,8436328655.126077651978,36.1889499292,14142.6457836679,1.1891856660e-02,0.9987197540,0.2350861302,19.7433562170,0
611403,8436328775.408610343933,8436328775.413743972778,5.133628845215e-03,8436328775.411176681519,20.4848250430,303578.0452560501,2.5667278195e-03,0.9999662605,0.3124631943,121.7318991177,0
611965,8436328943.365778923035,8436328943.405288696289,3.950977325439e-02,8436328943.385534286499,19.6467195988,5144.4938160093,1.9717128784e-02,0.9980886834,0.3190582468,16.1508518262,0
612202,8436329014.095097541809,8436329014.128629684448,3.353214263916e-02,8436329014.111864089966,32.2463163057,7147.1229997887,1.6728206067e-02,0.9977415548,0.2490433462,14.8540073255,0
612223,8436329020.574089050293,8436329020.609867095947,3.577804565430e-02,8436329020.591978073120,25.7733503507,6275.4386473727,1.7852249746e-02,0.9979443773,0.2785669307,15.5719478602,0
612294,8436329041.804933547974,8436329041.842165946960,3.723239898682e-02,8436329041.823549270630,41.6013804467,5812.5598262830,1.8549460369e-02,0.9964149973,0.2192608669,11.7779607475,0
612497,8436329102.446189880371,8436329102.480067253113,3.387737274170e-02,8436329102.463129043579,32.9776303675,7003.5837283634,1.6898759893e-02,0.9976428823,0.2462664641,14.5386990910,0
612520,8436329109.494333267212,8436329109.529449462891,3.511619567871e-02,8436329109.511891365051,20.8252044087,6508.2907777327,1.7529984164e-02,0.9983988200,0.3098991331,17.6499263161,0
612618,8436329138.743531227112,8436329138.771343231201,2.781200408936e-02,8436329138.757436752319,27.0070169094,10369.5043564436,1.3887881387e-02,0.9986969182,0.2721301679,19.5692598816,0
612742,8436329175.725670814514,8436329175.769788742065,4.411792755127e-02,8436329175.747730255127,22.4506540124,4132.6206125548,2.1998964003e-02,0.9972800276,0.2984698720,13.5305481722,0
612920,8436329229.047575950623,8436329229.074535369873,2.695941925049e-02,8436329229.061056137085,23.4833995510,11030.4822691819,1.3465353133e-02,0.9989349554,0.2918330770,21.6498044146,0
613010,8436329255.700059890747,8436329255.730342864990,3.028297424316e-02,8436329255.715201377869,48.4499422431,8771.9934750835,1.5099614088e-02,0.9972345495,0.2031741100,13.4183722089,0
613205,8436329314.034754753113,8436329314.074797630310,4.004287719727e-02,8436329314.054776191711,18.4628882074,5007.7607997969,1.9984496446e-02,0.9981548702,0.3291282630,16.4387919187,0
613400,8436329372.433918952942,8436329372.460844993591,2.692604064941e-02,8436329372.447381973267,23.9741467158,11058.2793663501,1.3448418616e-02,0.9989154210,0.2888307437,21.4536364574,0
613418,8436329377.807900428772,8436329377.830219268799,2.231884002686e-02,8436329377.819059371948,20.6224757766,16080.6671236673,1.1152262080e-02,0.9993585748,0.3114186350,27.9063459038,0
613443,8436329385.211863517761,8436329385.253417968750,4.155445098877e-02,8436329385.232641220093,20.8587262089,4653.7796681932,2.0730610356e-02,0.9977564310,0.3096500155,14.9033380585,0
613605,8436329433.369290351868,8436329433.387205123901,1.791477203369e-02,8436329433.378248214722,31.6566306277,24958.5074611363,8.9517035730e-03,0.9993656136,0.2513521783,28.0608849360,0
614592,8436329728.809927940369,8436329728.845739364624,3.581142425537e-02,8436329728.827833175659,34.8300146257,6272.8505434037,1.7855932180e-02,0.9972198845,0.2396283346,13.3827871729,0
614605,8436329732.569720268250,8436329732.607106208801,3.738594055176e-02,8436329732.588413238525,23.7193704814,5747.3732714483,1.8654357515e-02,0.9979343700,0.2903778053,15.5340644670,0
614788,8436329787.270252227783,8436329787.287110328674,1.685810089111e-02,8436329787.278680801392,21.3526095771,28170.9825362906,8.4258553788e-03,0.9996209458,0.3060479806,36.3087138411,0
615024,8436329857.763771057129,8436329857.790497779846,2.672672271729e-02,8436329857.777133941650,20.3355137104,11219.8338871781,1.3351245579e-02,0.9990933584,0.3136082102,23.4677639677,0
616067,8436330169.650447845459,8436330169.689517974854,3.907012939453e-02,8436330169.669982910156,24.8953376284,5265.7279374722,1.9488830993e-02,0.9976332966,0.2834366378,14.5091220403,0
616420,8436330275.065406799316,8436330275.109211921692,4.380512237549e-02,8436330275.087308883667,31.5442777541,4200.6239157969,2.1820168376e-02,0.9962382111,0.2517994074,11.4963453493,0
616550,8436330313.857659339905,8436330313.895151138306,3.749179840088e-02,8436330313.876405715942,26.1657073216,5717.5438387374,1.8702955745e-02,0.9977091813,0.2764704747,14.7483175782,0
616772,8436330380.446030616760,8436330380.473484992981,2.745437622070e-02,8436330380.459757804871,22.0398619447,10635.7402906332,1.3712957684e-02,0.9989633401,0.3012385600,21.9446661327,0
617068,8436330468.891663551331,8436330468.935894012451,4.423046112061e-02,8436330468.913778305054,31.0447338004,4120.3266579645,2.2031759075e-02,0.9962256109,0.2538171876,11.4770310420,0
617899,8436330717.277988433838,8436330717.311433792114,3.344535827637e-02,8436330717.294711112976,29.6250209649,7181.4731209343,1.6688151285e-02,0.9979352679,0.2598278290,15.5374522767,0
618032,8436330757.226347923279,8436330757.262400627136,3.605270385742e-02,8436330757.244374275208,50.8128449143,6205.6179390261,1.7952398538e-02,0.9958974844,0.1983938669,11.0057690927,0
618110,8436330780.438639640808,8436330780.468425750732,2.978610992432e-02,8436330780.453533172607,16.9528849179,9033.9599749158,1.4879074448e-02,0.9990612729,0.3434734647,23.0626601143,0
618146,8436330791.170383453369,8436330791.213474273682,4.309082031250e-02,8436330791.191928863525,19.4501409345,4327.8942501080,2.1496941648e-02,0.9977504022,0.3206665221,14.8832869646,0
618434,8436330877.271098136902,8436330877.290432929993,1.933479309082e-02,8436330877.280765533447,23.6759087953,21423.5357645708,9.6620531774e-03,0.9994472795,0.2906442053,30.0643719275,0
618640,8436330938.832490921021,8436330938.870223045349,3.773212432861e-02,8436330938.851356506348,20.8712175589,5639.9804344426,1.8831122092e-02,0.9981479934,0.3095573394,16.4081585588,0
619026,8436331054.323973655701,8436331054.338335037231,1.436138153076e-02,8436331054.331153869629,29.8068940127,38817.8211866010,7.1779333310e-03,0.9996159932,0.2590339190,36.0736769577,0
619227,8436331114.371785163879,8436331114.410801887512,3.901672363281e-02,8436331114.391293525696,24.7767630464,5279.9663968459,1.9462535536e-02,0.9976509417,0.2841140520,14.5637063082,0
619278,8436331129.566047668457,8436331129.606685638428,4.063796997070e-02,8436331129.586366653442,18.9501670315,4863.1937970155,2.0279358352e-02,0.9980497730,0.3248691534,15.9884538346,0
619562,8436331214.647742271423,8436331214.685804367065,3.806209564209e-02,8436331214.666772842407,27.7333346281,5549.8374991734,1.8983437829e-02,0.9974982990,0.2685430715,14.1107874890,0
619717,8436331260.800072669983,8436331260.844834327698,4.476165771484e-02,8436331260.822453498840,24.7700339710,4017.5710110526,2.2311728520e-02,0.9969125211,0.2841526409,12.6962519004,0
620401,8436331465.384487152100,8436331465.415998458862,3.151130676270e-02,8436331465.400242805481,15.5017142409,8072.2011076951,1.5740517670e-02,0.9990393473,0.3591907420,22.7975783260,0
620439,8436331476.711363792419,8436331476.753844261169,4.248046875000e-02,8436331476.732604026794,26.0284653306,4459.1678496614,2.1178153305e-02,0.9970771947,0.2771983984,13.0506280438,0
620660,8436331542.718008041382,8436331542.762479782104,4.447174072266e-02,8436331542.740243911743,24.9006629807,4069.9304955089,2.2167744209e-02,0.9969362048,0.2834063277,12.7454569172,0
621007,8436331646.380207061768,8436331646.423785209656,4.357814788818e-02,8436331646.401996612549,19.4468531117,4232.0684529104,2.1738954621e-02,0.9976997956,0.3206936281,14.7180935216,0
621042,8436331657.031337738037,8436331657.066148757935,3.481101989746e-02,8436331657.048743247986,24.0010597440,6625.7118092518,1.7373956381e-02,0.9981871507,0.2886687614,16.5849068649,0
621555,8436331810.176748275757,8436331810.221506118774,4.475784301758e-02,8436331810.199127197266,17.5765025771,4011.0581190740,2.2329835331e-02,0.9978065888,0.3373251846,15.0733441066,0
621679,8436331847.450663566589,8436331847.469164848328,1.850128173828e-02,8436331847.459914207458,18.2062398378,23389.6937045206,9.2470398777e-03,0.9996107306,0.3314399601,35.8288647047,0
621938,8436331924.817036628723,8436331924.848554611206,3.151798248291e-02,8436331924.832796096802,22.7294626045,8076.0162914950,1.5736799249e-02,0.9985917885,0.2966336488,18.8231368541,0
622079,8436331966.947865486145,8436331966.990603446960,4.273796081543e-02,8436331966.969234466553,20.2735785901,4400.1554145157,2.1319695117e-02,0.9976936059,0.3140868763,14.6982621682,0
622630,8436332131.764911651611,8436332131.803139686584,3.822803497314e-02,8436332131.784025192261,31.8691984292,5506.1369794993,1.9058621807e-02,0.9971018296,0.2505125154,13.1062198487,0
622944,8436332225.584528923035,8436332225.608595848083,2.406692504883e-02,8436332225.596562385559,23.9909706582,13835.7431108291,1.2023025076e-02,0.9991326313,0.2887294530,23.9938797655,0
623139,8436332283.968958854675,8436332284.009840011597,4.088115692139e-02,8436332283.989398956299,25.6490777066,4812.4308836129,2.0386034049e-02,0.9973315622,0.2792409592,13.6611084543,0
623236,8436332312.832187652588,8436332312.852272033691,2.008438110352e-02,8436332312.842229843140,25.7163332344,19858.0161752450,1.0035686076e-02,0.9993522851,0.2788755729,27.7703924709,0
623890,8436332508.438318252563,8436332508.481901168823,4.358291625977e-02,8436332508.460109710693,19.0303340750,4230.7301852631,2.1742392590e-02,0.9977484049,0.3241841606,14.8766621593,0
623918,8436332516.470049858093,8436332516.503821372986,3.377151489258e-02,8436332516.486935615540,20.3374838910,7034.7112272325,1.6861331256e-02,0.9985534442,0.3135930195,18.5714511483,0
624662,8436332739.095875740051,8436332739.135240554810,3.936481475830e-02,8436332739.115558624268,20.8572276473,5183.5176838235,1.9642768830e-02,0.9979860924,0.3096611392,15.7328894402,0
624924,8436332817.442786216736,8436332817.474526405334,3.174018859863e-02,8436332817.458656311035,21.7113491398,7962.6342790583,1.5848443402e-02,0.9986357424,0.3035090128,19.1245878647,0
625823,8436333085.992693901062,8436333086.028882980347,3.618907928467e-02,8436333086.010787963867,25.4177362915,6133.9225290361,1.8057010665e-02,0.9979259501,0.2805088470,15.5024030742,0
625857,8436333096.256721496582,8436333096.287126541138,3.040504455566e-02,8436333096.271924018860,39.7327393198,8693.3702386896,1.5167741197e-02,0.9977121507,0.2243575784,14.7579180828,0
625874,8436333101.459463119507,8436333101.475583076477,1.611995697021e-02,8436333101.467523574829,28.1296761050,30814.7652290731,8.0562988149e-03,0.9995434640,0.2666445012,33.0825326298,0
626112,8436333172.464610099792,8436333172.504384040833,3.977394104004e-02,8436333172.484497070312,27.8732681134,5084.8707312223,1.9832389331e-02,0.9972554297,0.2678681336,13.4695293744,0
627068,8436333458.255479812622,8436333458.282922744751,2.744293212891e-02,8436333458.269201278687,22.8617816605,10645.4161832101,1.3706724238e-02,0.9989256376,0.2957739774,21.5555667282,0
627148,8436333482.254134178162,8436333482.295137405396,4.100322723389e-02,8436333482.274635314941,23.4065443360,4781.7294118768,2.0451374407e-02,0.9975494997,0.2923118002,14.2579899143,0
627344,8436333540.785253524780,8436333540.825419425964,4.016590118408e-02,8436333540.805335998535,14.7226862578,4973.5040007091,2.0053203544e-02,0.9985187910,0.3685712616,18.3524457666,0
627980,8436333730.866362571716,8436333730.899410247803,3.304767608643e-02,8436333730.882886886597,25.5055136097,7350.5140712569,1.6495145138e-02,0.9982635448,0.2800257449,16.9467737536,0
628364,8436333845.892244338989,8436333845.921501159668,2.925682067871e-02,8436333845.906872749329,21.6176927167,9367.8318326020,1.4611521953e-02,0.9988455077,0.3041657630,20.7928104269,0
628878,8436333999.433527946472,8436333999.466440200806,3.291225433350e-02,8436333999.449983596802,30.1020625263,7415.5140355451,1.6422692728e-02,0.9979682681,0.2577608001,15.6635153247,0
628963,8436334024.892742156982,8436334024.921920776367,2.917861938477e-02,8436334024.907331466675,19.9296242435,9416.3082663871,1.4573862371e-02,0.9989411890,0.3167856079,21.7135433088,0
629034,8436334045.989808082581,8436334046.032183647156,4.237556457520e-02,8436334046.010995864868,25.0329561101,4480.1487069721,2.1128505706e-02,0.9972023225,0.2826564687,13.3405405456,0
629208,8436334098.009311676025,8436334098.032011985779,2.270030975342e-02,8436334098.020662307739,20.4062066323,15545.2207306254,1.1342702758e-02,0.9993434346,0.3130645247,27.5824011341,0
629304,8436334126.775100708008,8436334126.795738220215,2.063751220703e-02,8436334126.785419464111,33.1649139581,18816.6122128261,1.0309658515e-02,0.9991183445,0.2455701414,23.7984248275,0
629546,8436334199.248817443848,8436334199.290831565857,4.201412200928e-02,8436334199.269824981689,78.1164690102,4610.2156181456,2.0828326598e-02,0.9914916986,0.1600087364,7.6169025459,0
630300,8436334424.521744728088,8436334424.559519767761,3.777503967285e-02,8436334424.540632247925,44.7597161754,5651.1087068221,1.8812571651e-02,0.9960318673,0.2113836223,11.1917088200,0
630360,8436334442.603466987610,8436334442.647148132324,4.368114471436e-02,8436334442.625307083130,27.0256280241,4219.8045647440,2.1770521330e-02,0.9967926194,0.2720364510,12.4555550351,0
630799,8436334573.643692970276,8436334573.674390792847,3.069782257080e-02,8436334573.659042358398,22.3036677734,8511.6615784825,1.5328788212e-02,0.9986889576,0.2994517491,19.5096410115,0
631519,8436334788.925472259521,8436334788.967059135437,4.158687591553e-02,8436334788.946266174316,25.3038401062,4651.0031019104,2.0736797336e-02,0.9972760338,0.2811394433,13.5205849011,0
631738,8436334854.279743194580,8436334854.316212654114,3.646945953369e-02,8436334854.297977447510,23.9665219457,6038.9069783528,1.8198509842e-02,0.9980136846,0.2888766847,15.8421149300,0
631826,8436334880.694914817810,8436334880.716775894165,2.186107635498e-02,8436334880.705844879150,25.7135970603,16765.3840801469,1.0922152706e-02,0.9992328400,0.2788904100,25.5147921802,0
632167,8436334982.669509887695,8436334982.699688911438,3.017902374268e-02,8436334982.684598922729,22.5617539375,8806.3046140905,1.5070169809e-02,0.9987181784,0.2977340936,19.7311944956,0
632309,8436335025.119589805603,8436335025.163990020752,4.440021514893e-02,8436335025.141790390015,32.1543740925,4090.2272118385,2.2112674900e-02,0.9960616103,0.2493991493,11.2341414769,0
633209,8436335294.183201789856,8436335294.218913078308,3.571128845215e-02,8436335294.201057434082,30.1987451417,6303.2516120550,1.7812819865e-02,0.9976016345,0.2573478530,14.4126893285,0
633318,8436335326.579161643982,8436335326.618815422058,3.965377807617e-02,8436335326.598988533020,24.3242115356,5112.0165811929,1.9779662225e-02,0.9976180422,0.2867448404,14.4624222094,0
633530,8436335390.124080657959,8436335390.146410942078,2.233028411865e-02,8436335390.135246276855,30.2474212974,16073.8349987710,1.1154631942e-02,0.9990586669,0.2571406990,23.0306697072,0
633696,8436335439.677481651306,8436335439.708558082581,3.107643127441e-02,8436335439.693019866943,21.6667071312,8305.4305091079,1.5517934821e-02,0.9986947783,0.3038215264,19.5531799475,0
633853,8436335486.646811485291,8436335486.668469429016,2.165794372559e-02,8436335486.657640457153,27.6797964293,17082.8298644728,1.0820195060e-02,0.9991895073,0.2688026537,24.8225461418,0
633929,8436335509.576173782349,8436335509.600414276123,2.424049377441e-02,8436335509.588294029236,30.5137085374,13645.1819434272,1.2106687498e-02,0.9988812613,0.2560162318,21.1230211854,0
634090,8436335557.390191078186,8436335557.426827430725,3.663635253906e-02,8436335557.408509254456,28.9751838794,5989.2396176387,1.8273812037e-02,0.9975781305,0.2627253005,14.3423284419,0
634574,8436335702.197488784790,8436335702.229342460632,3.185367584229e-02,8436335702.213415145874,17.0644781508,7901.5048791196,1.5909630435e-02,0.9989195918,0.3423485494,21.4950733530,0
635130,8436335868.362010955811,8436335868.406039237976,4.402828216553e-02,8436335868.384025573730,27.3741265327,4154.2984465529,2.1941491767e-02,0.9966998796,0.2702992637,12.2784378760,0
635246,8436335903.033576965332,8436335903.075325965881,4.174900054932e-02,8436335903.054450988770,21.0070576111,4610.8499558265,2.0826893820e-02,0.9977193967,0.3085548552,14.7814247607,0
635629,8436336017.680052757263,8436336017.713251113892,3.319835662842e-02,8436336017.696651458740,28.0489794021,7286.7150095883,1.6567199643e-02,0.9980734787,0.2670277929,16.0868079012,0
635672,8436336030.399079322815,8436336030.435276031494,3.619670867920e-02,8436336030.417177200317,20.2472152027,6126.1772279057,1.8068421762e-02,0.9983461161,0.3142912921,17.3657386841,0
636173,8436336180.347672462463,8436336180.366010665894,1.833820343018e-02,8436336180.356842041016,28.9530617300,23817.9655707319,9.1635270514e-03,0.9993920164,0.2628256515,28.6642748332,0
636386,8436336243.948327064514,8436336243.975295066833,2.696800231934e-02,8436336243.961811065674,32.4775167963,11032.4711367274,1.3464139352e-02,0.9985270093,0.2481553198,18.4036857372,0
636798,8436336367.254509925842,8436336367.293704032898,3.919410705566e-02,8436336367.274106979370,33.0535594527,5240.7832982928,1.9535156583e-02,0.9968415178,0.2459834456,12.5520627520,0
636847,8436336381.781505584717,8436336381.794551849365,1.304626464844e-02,8436336381.788028717041,24.1613194847,47026.2999166599,6.5214563713e-03,0.9997430754,0.2877098124,44.1060824888,0
637397,8436336546.193670272827,8436336546.226452827454,3.278255462646e-02,8436336546.210062026978,29.7029653379,7473.6692915702,1.6358672562e-02,0.9980108475,0.2594866944,15.8307793499,0
637572,8436336598.473714828491,8436336598.511132240295,3.741741180420e-02,8436336598.492424011230,27.1946951849,5741.2244775664,1.8664344157e-02,0.9976288181,0.2711895186,14.4953648865,0
638082,8436336751.182191848755,8436336751.226793289185,4.460144042969e-02,8436336751.204492568970,26.5695602275,4048.1079377117,2.2227414885e-02,0.9967128716,0.2743612765,12.3027989156,0
638088,8436336752.657719612122,8436336752.697709083557,3.998947143555e-02,8436336752.677714347839,19.0054338598,5021.6386145629,1.9956862735e-02,0.9981058523,0.3243964581,16.2240933144,0
638845,8436336979.190116882324,8436336979.226730346680,3.661346435547e-02,8436336979.208423614502,27.2735089400,5994.9921549159,1.8265042550e-02,0.9977227160,0.2707973995,14.7922303595,0
639271,8436337106.478491783142,8436337106.520821571350,4.232978820801e-02,8436337106.499656677246,21.7103995168,4486.4670815143,2.1113622632e-02,0.9975775229,0.3035156506,14.3405229952,0
639535,8436337185.336066246033,8436337185.378692626953,4.262638092041e-02,8436337185.357379913330,20.1612226831,4423.0028487893,2.1264559385e-02,0.9977182639,0.3149608433,14.7777426323,0
639575,8436337197.316112518311,8436337197.351336479187,3.522396087646e-02,8436337197.333724975586,29.9431099870,6477.7735295946,1.7571228141e-02,0.9976861037,0.2584440541,14.6743323404,0
639732,8436337244.126766204834,8436337244.163805007935,3.703880310059e-02,8436337244.145285606384,70.2077194531,5901.6515763706,1.8408915951e-02,0.9940340621,0.1687806149,9.1137186285,0
640357,8436337430.978553771973,8436337431.013628005981,3.507423400879e-02,8436337430.996090888977,23.2818455618,6526.2794889199,1.7505808106e-02,0.9982147067,0.2930935734,16.7127569081,0
640439,8436337455.448800086975,8436337455.490370750427,4.157066345215e-02,8436337455.469585418701,18.2426882406,4647.5506778059,2.0744498051e-02,0.9980354571,0.3311086905,15.9299209107,0
640521,8436337480.015565872192,8436337480.057374000549,4.180812835693e-02,8436337480.036470413208,21.9889378816,4598.8585004511,2.0854029052e-02,0.9976064402,0.3015871767,14.4272029643,0
641371,8436337734.212594032288,8436337734.252599716187,4.000568389893e-02,8436337734.232597351074,25.2607725457,5023.8401006323,1.9952489629e-02,0.9974827417,0.2813790012,14.0669511798,0
641468,8436337763.060987472534,8436337763.080425262451,1.943778991699e-02,8436337763.070706367493,55.9255067200,21229.5993533430,9.7060851888e-03,0.9986819726,0.1891080576,19.4577735895,0
641636,8436337813.435591697693,8436337813.477147102356,4.155540466309e-02,8436337813.456369400024,22.4077983831,4655.1160966909,2.0727634386e-02,0.9975903040,0.2987551522,14.3786424249,0
641639,8436337814.399079322815,8436337814.432095527649,3.301620483398e-02,8436337814.415587425232,20.8684783089,7359.8481791927,1.6484681857e-02,0.9985812688,0.3095776554,18.7530733412,0
642772,8436338153.023989677429,8436338153.066944122314,4.295444488525e-02,8436338153.045467376709,38.8122318649,4374.6573997576,2.1381736557e-02,0.9955540859,0.2270025257,10.5694545123,0
643003,8436338222.016343116760,8436338222.055704116821,3.936100006104e-02,8436338222.036024093628,36.8623941267,5200.5235840761,1.9610626249e-02,0.9964495932,0.2329288211,11.8355133652,0
643802,8436338460.843070983887,8436338460.878541946411,3.547096252441e-02,8436338460.860806465149,28.2131180962,6386.5574051506,1.7696263963e-02,0.9977887660,0.2662499007,15.0122738002,0
643946,8436338503.895279884338,8436338503.908298492432,1.301860809326e-02,8436338503.901788711548,39.9905852892,47242.0427206065,6.5065483869e-03,0.9995766583,0.2236331173,34.3559181920,0
644407,8436338641.516829490662,8436338641.541979789734,2.515029907227e-02,8436338641.529404640198,30.6271654264,12678.0977909484,1.2559951118e-02,0.9987913926,0.2555415918,20.3211572978,0
644643,8436338712.366617202759,8436338712.383376121521,1.675891876221e-02,8436338712.374996185303,24.3480329880,28508.1524792052,8.3758802832e-03,0.9995728725,0.2866045344,34.2032249737,0
644825,8436338766.665464401245,8436338766.704759597778,3.929519653320e-02,8436338766.685111999512,35.7637943710,5216.7335439251,1.9580134487e-02,0.9965663091,0.2364793392,12.0360430847,0
646295,8436339206.125953674316,8436339206.148149490356,2.219581604004e-02,8436339206.137051582336,21.6046530806,16260.1735990371,1.1090532756e-02,0.9993354365,0.3042575398,27.4157561318,0
646303,8436339208.756827354431,8436339208.788168907166,3.134155273438e-02,8436339208.772498130798,18.9569406918,8163.1670572241,1.5652570036e-02,0.9988381985,0.3248111074,20.7271866929,0
646459,8436339255.231821060181,8436339255.273871421814,4.205036163330e-02,8436339255.252845764160,28.5375183667,4552.8283733559,2.0959183417e-02,0.9968610306,0.2647322774,12.5912009869,0
646500,8436339267.478983879089,8436339267.511815071106,3.283119201660e-02,8436339267.495399475098,22.9501475817,7444.8772549502,1.6390274493e-02,0.9984574721,0.2952040127,17.9831431361,0
647226,8436339484.493939399719,8436339484.537281036377,4.334163665771e-02,8436339484.515609741211,22.4351751782,4281.1579765436,2.1613961371e-02,0.9973763354,0.2985728168,13.7776438463,0
647447,8436339550.351747512817,8436339550.368879318237,1.713180541992e-02,8436339550.360313415527,19.1387063862,27276.4943532796,8.5628970256e-03,0.9996491106,0.3232650163,37.7385813606,0
647595,8436339594.582901954651,8436339594.622536659241,3.963470458984e-02,8436339594.602719306946,23.7546464129,5116.3449145782,1.9771293840e-02,0.9976758522,0.2901621180,14.6418206470,0
647786,8436339651.995537757874,8436339652.028250694275,3.271293640137e-02,8436339652.011894226074,32.5261517756,7508.2100321969,1.6321000999e-02,0.9978316100,0.2479697223,15.1603463105,0
647977,8436339709.018897056580,8436339709.058536529541,3.963947296143e-02,8436339709.038717269897,17.4959077173,5108.8610383953,1.9785769842e-02,0.9982862215,0.3381012358,17.0588158994,0
648083,8436339740.717849731445,8436339740.754211425781,3.636169433594e-02,8436339740.736030578613,17.6800843991,6068.3263458866,1.8154342876e-02,0.9985421861,0.3363355942,18.4994456588,0
648266,8436339795.202570915222,8436339795.243859291077,4.128837585449e-02,8436339795.223215103149,16.9453811677,4709.7706910777,2.0607016387e-02,0.9981994186,0.3435495047,16.6414637318,0
648270,8436339796.615857124329,8436339796.660415649414,4.455852508545e-02,8436339796.638135910034,33.4799642918,4062.7685450937,2.2187274534e-02,0.9958711376,0.2444119887,10.9703805608,0
648335,8436339816.234793663025,8436339816.275135040283,4.034137725830e-02,8436339816.254964828491,39.9167006600,4955.6526328076,2.0089289136e-02,0.9959644663,0.2238399908,11.0972904732,0
648477,8436339858.424719810486,8436339858.455664634705,3.094482421875e-02,8436339858.440192222595,24.1379044310,8378.5125489540,1.5450108569e-02,0.9985584963,0.2878493255,18.6040368782,0
649119,8436340050.538549423218,8436340050.568531036377,2.998161315918e-02,8436340050.553540229797,29.1104702325,8928.9052900490,1.4966349735e-02,0.9983685438,0.2621141022,17.4849899391,0
649339,8436340116.234516143799,8436340116.261409759521,2.689361572266e-02,8436340116.247962951660,131.6789166225,11192.6077207672,1.3367474257e-02,0.9941001905,0.1232414716,9.1651098803,0
649550,8436340179.187474250793,8436340179.219141960144,3.166770935059e-02,8436340179.203308105469,33.4854556702,8010.7994463898,1.5800726954e-02,0.9979077917,0.2443919470,15.4347726424,0
649552,8436340179.650035858154,8436340179.665880203247,1.584434509277e-02,8436340179.657958030701,22.5760330750,31889.5922442010,7.9193678242e-03,0.9996459655,0.2976399216,37.5704921692,0
649563,8436340183.076207160950,8436340183.118038177490,4.183101654053e-02,8436340183.097122192383,22.1766261984,4594.0390156041,2.0864964889e-02,0.9975834496,0.3003082476,14.3581615954,0
649621,8436340200.396379470825,8436340200.415205001831,1.882553100586e-02,8436340200.405792236328,21.4797097662,22594.8037998574,9.4082903248e-03,0.9995245629,0.3051411604,32.4178011517,0
650064,8436340332.954063415527,8436340332.996324539185,4.226112365723e-02,8436340332.975193977356,19.9413778742,4499.2182400492,2.1083682523e-02,0.9977814454,0.3166922359,14.9874025353,0
650256,8436340390.228056907654,8436340390.264781951904,3.672504425049e-02,8436340390.246419906616,24.2432026738,5955.7540845861,1.8325111221e-02,0.9979626489,0.2872235209,15.6418338935,0
650765,8436340542.462304115295,8436340542.498028755188,3.572463989258e-02,8436340542.480166435242,20.5803461973,6288.9452083561,1.7833069097e-02,0.9983624272,0.3117372212,17.4522246895,0
650793,8436340550.663264274597,8436340550.677732467651,1.446819305420e-02,8436340550.670497894287,31.1626209950,38248.5854104975,7.2311489757e-03,0.9995925474,0.2533366416,35.0198038765,0
650810,8436340555.938490867615,8436340555.959752082825,2.126121520996e-02,8436340555.949121475220,68.8903763694,17766.4677593912,1.0609977228e-02,0.9980593417,0.1703867108,16.0279371680,0
650951,8436340597.921893119812,8436340597.965550422668,4.365730285645e-02,8436340597.943721771240,21.6688281291,4219.0284846315,2.1772523555e-02,0.9974287063,0.3038066567,13.9177932112,0
651608,8436340794.664582252502,8436340794.698158264160,3.357601165771e-02,8436340794.681369781494,26.6216176834,7122.9184437855,1.6756604217e-02,0.9981295210,0.2740928942,16.3267094986,0
651875,8436340874.195706367493,8436340874.238336563110,4.263019561768e-02,8436340874.217021942139,21.6568173237,4423.7105157083,2.1262858457e-02,0.9975491854,0.3038908901,14.2570722795,0
652065,8436340931.170721054077,8436340931.213178634644,4.245758056641e-02,8436340931.191949844360,25.9339898251,4463.8543275798,2.1167033205e-02,0.9970908810,0.2777028455,13.0814258268,0
652169,8436340962.098453521729,8436340962.137126922607,3.867340087891e-02,8436340962.117790222168,19.2607580071,5368.1703459188,1.9301979654e-02,0.9982044100,0.3222391553,16.6646401908,0
652608,8436341093.384851455688,8436341093.416769027710,3.191757202148e-02,8436341093.400810241699,30.7696442511,7883.6737272881,1.5927612331e-02,0.9980466133,0.2549492627,15.9754797444,0
653140,8436341252.323424339294,8436341252.363883018494,4.045867919922e-02,8436341252.343653678894,27.8717673216,4915.1446121091,2.0171901917e-02,0.9971606744,0.2678753453,13.2419224081,0
653146,8436341254.024558067322,8436341254.064966201782,4.040813446045e-02,8436341254.044761657715,24.1464838772,4923.6535200923,2.0154464147e-02,0.9975448962,0.2877981833,14.2445667017,0
653276,8436341293.164384841919,8436341293.176921844482,1.253700256348e-02,8436341293.170653343201,23.0631338451,50921.2788092233,6.2670815643e-03,0.9997735156,0.2944800228,46.9777399111,0
654722,8436341725.338127136230,8436341725.360783576965,2.265644073486e-02,8436341725.349454879761,29.0084522557,15614.0016902243,1.1317692416e-02,0.9990706438,0.2625746039,23.1788043819,0
654789,8436341745.348192214966,8436341745.373718261719,2.552604675293e-02,8436341745.360955238342,24.5273474313,12302.3926999793,1.2750294174e-02,0.9990026499,0.2855549588,22.3736140271,0
654881,8436341772.865210533142,8436341772.905177116394,3.996658325195e-02,8436341772.885193824768,31.2528453345,5039.6175128856,1.9921232751e-02,0.9968944618,0.2529706965,12.6591104824,0
655318,8436341903.565965652466,8436341903.600156784058,3.419113159180e-02,8436341903.583061218262,42.3438812817,6885.6038392710,1.7042919073e-02,0.9969204457,0.2173299931,12.7126528400,0
655665,8436342007.277276039124,8436342007.309163093567,3.188705444336e-02,8436342007.293219566345,308.1449087633,8176.0874641590,1.5640197521e-02,0.9809747431,0.0805633468,5.0530441394,0
655666,8436342007.309163093567,8436342007.351442337036,4.227924346924e-02,8436342007.330303192139,368.3542737560,4843.7925496324,2.0319931071e-02,0.9612249134,0.0736855181,3.4856592514,0
655923,8436342084.386868476868,8436342084.413771629333,2.690315246582e-02,8436342084.400320053101,27.2487613310,11080.3371058218,1.3435025996e-02,0.9987696433,0.2709203421,20.1404160682,0
656089,8436342133.967195510864,8436342133.975739479065,8.543968200684e-03,8436342133.971467971802,22.0267642592,109611.9796871510,4.2715548466e-03,0.9998995189,0.3013281088,70.5358685254,0
656296,8436342195.894666671753,8436342195.924694061279,3.002738952637e-02,8436342195.909680366516,20.9825163629,8893.6627755226,1.4995973655e-02,0.9988196704,0.3087352461,20.5635755195,0
656401,8436342227.394018173218,8436342227.435020446777,4.100227355957e-02,8436342227.414519309998,29.5788907772,4788.1231091207,2.0437715237e-02,0.9969064378,0.2600303592,12.6837044226,0
656710,8436342319.560292243958,8436342319.601810455322,4.151821136475e-02,8436342319.581050872803,26.9963227491,4668.0085857309,2.0698990954e-02,0.9971041754,0.2721840626,13.1115505049,0
656733,8436342326.666941642761,8436342326.693435668945,2.649402618408e-02,8436342326.680189132690,23.2472740877,11420.3395521015,1.3233523396e-02,0.9989816802,0.2933114250,22.1417026573,0
657202,8436342466.725553512573,8436342466.766150474548,4.059696197510e-02,8436342466.745851516724,29.3130346803,4883.3481881593,2.0237466940e-02,0.9969941570,0.2612068771,12.8682967584,0
657464,8436342545.062669754028,8436342545.105127334595,4.245758056641e-02,8436342545.083898544312,30.2706371755,4468.1909749302,2.1156758774e-02,0.9966068952,0.2570420739,12.1081828227,0
657916,8436342680.321457862854,8436342680.336007118225,1.454925537109e-02,8436342680.328732490540,17.5623173247,37810.3087363494,7.2729380120e-03,0.9997677306,0.3374613875,46.3888190739,0
658273,8436342786.659122467041,8436342786.702096939087,4.297447204590e-02,8436342786.680609703064,28.0966570406,4359.9015456685,2.1417888667e-02,0.9967726256,0.2668011349,12.4167265927,0
658560,8436342872.631525993347,8436342872.660173416138,2.864742279053e-02,8436342872.645849227905,23.8153451563,9771.8905666755,1.4306246391e-02,0.9987806928,0.2897921105,20.2316356777,0
658662,8436342903.178054809570,8436342903.201320648193,2.326583862305e-02,8436342903.189687728882,25.3776999869,14804.6334384646,1.1622944618e-02,0.9991425460,0.2807300276,24.1323798523,0
658686,8436342910.416577339172,8436342910.457038879395,4.046154022217e-02,8436342910.436807632446,25.5872967594,4912.1690108911,2.0178010670e-02,0.9973921190,0.2795778719,13.8194379340,0
659145,8436343047.572330474854,8436343047.613156318665,4.082584381104e-02,8436343047.592742919922,22.6657412657,4822.4271272249,2.0364894333e-02,0.9976471976,0.2970503267,14.5520728534,0
659470,8436343144.876378059387,8436343144.914547920227,3.816986083984e-02,8436343144.895462989807,29.7864882762,5520.7534900060,1.9033375690e-02,0.9972986682,0.2591226316,13.5773422219,0
659498,8436343153.207000732422,8436343153.246300697327,3.929996490479e-02,8436343153.226650238037,87.8724096379,5267.5849931750,1.9485395355e-02,0.9916240588,0.1508650809,7.6776191149,0
660156,8436343349.700756072998,8436343349.738116264343,3.736019134521e-02,8436343349.719436645508,32.9100346870,5764.4563114297,1.8626695793e-02,0.9971413487,0.2465192443,13.1968940985,0
660177,8436343356.096889495850,8436343356.127189636230,3.030014038086e-02,8436343356.112039566040,29.0614743051,8742.7233941698,1.5124869241e-02,0.9983365787,0.2623349636,17.3157589579,0
660275,8436343385.288938522339,8436343385.320363044739,3.142452239990e-02,8436343385.304651260376,20.6733105230,8121.9341448839,1.5692251716e-02,0.9987265052,0.3110355171,19.7957196045,0
660438,8436343433.926934242249,8436343433.954393386841,2.745914459229e-02,8436343433.940664291382,60.8003705517,10670.8149106991,1.3690402112e-02,0.9971470208,0.1813685098,13.2100626248,0
660849,8436343556.834168434143,8436343556.873936653137,3.976821899414e-02,8436343556.854052543640,67.2466233491,5125.6994422209,1.9753244052e-02,0.9934185916,0.1724565750,8.6730851619,0
660865,8436343561.956366539001,8436343561.996918678284,4.055213928223e-02,8436343561.976642608643,27.0134925335,4891.7850052973,2.0220007721e-02,0.9972350697,0.2720975487,13.4196396796,0
661619,8436343787.171137809753,8436343787.201885223389,3.074741363525e-02,8436343787.186511993408,21.3212338683,8483.3170517722,1.5354375192e-02,0.9987425527,0.3062730835,19.9218761676,0
661709,8436343814.259700775146,8436343814.298132896423,3.843212127686e-02,8436343814.278917312622,39.3355435057,5455.6176270895,1.9146660466e-02,0.9963884287,0.2254874733,11.7343235728,0
661954,8436343887.472680091858,8436343887.502955436707,3.027534484863e-02,8436343887.487817764282,21.4345264659,8749.3752836246,1.5119118653e-02,0.9987743313,0.3054626050,20.1789678374,0
662013,8436343904.997169494629,8436343905.038452148438,4.128265380859e-02,8436343905.017810821533,23.3182037147,4717.4445163613,2.0590248940e-02,0.9975254515,0.2928649859,14.1882829170,0
662117,8436343936.097174644470,8436343936.139995574951,4.282093048096e-02,8436343936.118585586548,20.8472832652,4383.7726790443,2.1359495221e-02,0.9976193876,0.3097349863,14.4665229272,0
662600,8436344080.378752708435,8436344080.384872436523,6.119728088379e-03,8436344080.381813049316,22.9502108005,213634.9938541256,3.0596996835e-03,0.9999462850,0.2952036061,96.4760531297,0
662911,8436344173.281422615051,8436344173.322804450989,4.138183593750e-02,8436344173.302113533020,18.4087226258,4690.0606574332,2.0650271601e-02,0.9980355455,0.3296121187,15.9302800964,0
662971,8436344191.306091308594,8436344191.336355209351,3.026390075684e-02,8436344191.321223258972,38.2617620004,8772.8045921130,1.5098916031e-02,0.9978169141,0.2286296307,15.1090655860,0
663521,8436344355.805355072021,8436344355.837490081787,3.213500976562e-02,8436344355.821422576904,21.8990165928,7768.8911423783,1.6044843292e-02,0.9985896011,0.3022057279,18.8085038764,0
663683,8436344404.204607963562,8436344404.237388610840,3.278064727783e-02,8436344404.220998764038,18.5517261467,7463.3843349717,1.6369940260e-02,0.9987563773,0.3283392754,20.0325071453,0
663889,8436344465.896766662598,8436344465.904250144958,7.483482360840e-03,8436344465.900508880615,30.4828768328,142881.2274363695,3.7413420198e-03,0.9998933222,0.2561456720,68.4562773483,0
664152,8436344544.220601081848,8436344544.265024185181,4.442310333252e-02,8436344544.242813110352,31.4255785896,4085.3177994344,2.2125957544e-02,0.9961464141,0.2522745015,11.3578063012,0
664214,8436344562.836954116821,8436344562.858998298645,2.204418182373e-02,8436344562.847976684570,23.9159207732,16486.6520800168,1.1014093560e-02,0.9992744251,0.2891821251,26.2365940694,0
664667,8436344698.278810501099,8436344698.320052146912,4.124164581299e-02,8436344698.299430847168,24.1800759796,4727.6460941823,2.0568021550e-02,0.9974394156,0.2875982024,13.9469798913,0
665193,8436344855.660258293152,8436344855.702653884888,4.239559173584e-02,8436344855.681455612183,23.0859272135,4473.9935875086,2.1143034536e-02,0.9974166497,0.2943346128,13.8851517715,0
665356,8436344904.169072151184,8436344904.200780868530,3.170871734619e-02,8436344904.184926986694,22.6310562835,7979.3247161894,1.5831859548e-02,0.9985808871,0.2972778733,18.7505454787,0
665396,8436344916.228215217590,8436344916.263306617737,3.509140014648e-02,8436344916.245760917664,24.8106568996,6521.4475367430,1.7512292216e-02,0.9980959519,0.2839199215,16.1817379957,0
665806,8436345038.900893211365,8436345038.928956031799,2.806282043457e-02,8436345038.914924621582,22.8918917731,10181.3396683205,1.4015627114e-02,0.9988751591,0.2955793950,21.0655515298,0
665860,8436345055.075716972351,8436345055.106267929077,3.055095672607e-02,8436345055.090991973877,40.9706328346,8612.1455261527,1.5239099964e-02,0.9976185100,0.2209421937,14.4638477737,0
665878,8436345060.394551277161,8436345060.437442779541,4.289150238037e-02,8436345060.415996551514,18.8168600122,4367.3969140700,2.1399501982e-02,0.9978434326,0.3260178814,15.2019800326,0
666212,8436345160.066217422485,8436345160.092798233032,2.658081054688e-02,8436345160.079507827759,22.9873742369,11345.7798307479,1.3276934784e-02,0.9989864500,0.2949648834,22.1938215791,0
666853,8436345351.696229934692,8436345351.728368759155,3.213882446289e-02,8436345351.712299346924,27.0963911729,7772.2495775248,1.6041376381e-02,0.9982553282,0.2716810025,16.9067168500,0
666971,8436345387.080068588257,8436345387.117346763611,3.727817535400e-02,8436345387.098707199097,23.3461306963,5780.1401861266,1.8601407720e-02,0.9979784442,0.2926897688,15.7030093895,0
666996,8436345394.429338455200,8436345394.455233573914,2.589511871338e-02,8436345394.442285537720,23.7904798028,11954.1676645872,1.2934669205e-02,0.9990044339,0.2899435135,22.3936809666,0
667428,8436345523.701702117920,8436345523.722569465637,2.086734771729e-02,8436345523.712135314941,22.4325796221,18394.3921607276,1.0427309810e-02,0.9993900472,0.2985900894,28.6179243749,0
667649,8436345589.933364868164,8436345589.971314430237,3.794956207275e-02,8436345589.952339172363,47.3237734712,5602.2263906753,1.8894468089e-02,0.9957673848,0.2055773741,10.8342422357,0
667936,8436345675.576533317566,8436345675.605572700500,2.903938293457e-02,8436345675.591053009033,24.1899463606,9510.8910954710,1.4501215061e-02,0.9987274932,0.2875395212,19.8034181235,0
668387,8436345810.430474281311,8436345810.468444824219,3.797054290771e-02,8436345810.449459075928,23.6277639552,5572.3932924107,1.8944978530e-02,0.9978776746,0.2909401685,15.3245198117,0
668692,8436345901.647235870361,8436345901.691393852234,4.415798187256e-02,8436345901.669315338135,21.7289839198,4124.4459115171,2.2020754315e-02,0.9973623513,0.3033858271,13.7409281069,0
668850,8436345948.693258285522,8436345948.737997055054,4.473876953125e-02,8436345948.715627670288,36.8908170816,4033.7782426571,2.2266860497e-02,0.9954167596,0.2328390725,10.4088277326,0
668964,8436345982.894567489624,8436345982.934145927429,3.957843780518e-02,8436345982.914356231689,29.4778527436,5136.5582007953,1.9732353683e-02,0.9971264546,0.2604756169,13.1625011688,0
669998,8436346292.009736061096,8436346292.051208496094,4.147243499756e-02,8436346292.030471801758,27.5758781678,4678.8390911885,2.0675020220e-02,0.9970487733,0.2693086619,12.9873571149,0
670479,8436346435.853502273560,8436346435.894865036011,4.136276245117e-02,8436346435.874183654785,32.9172373614,4708.8786151709,2.0608968248e-02,0.9964986392,0.2464922722,11.9185594781,0
671150,8436346636.265078544617,8436346636.309592247009,4.451370239258e-02,8436346636.287335395813,44.7000240106,4082.1072057575,2.2134656911e-02,0.9945098125,0.2115247155,9.5038023864,0
671484,8436346736.367195129395,8436346736.411002159119,4.380702972412e-02,8436346736.389099121094,41.8854977742,4210.6021020625,2.1794298578e-02,0.9950137553,0.2185159574,9.9762964416,0
671719,8436346806.499672889709,8436346806.538987159729,3.931427001953e-02,8436346806.519330024719,23.2147974558,5199.1586271916,1.9613200310e-02,0.9977649490,0.2935165191,14.9318056257,0
671830,8436346839.846343040466,8436346839.868992805481,2.264976501465e-02,8436346839.857667922974,38.9753394492,15633.1568746656,1.1310756551e-02,0.9987526620,0.2265270371,20.0025949056,0
672154,8436346936.552013397217,8436346936.579107284546,2.709388732910e-02,8436346936.565560340881,36.5985402772,10934.6121544829,1.3524253609e-02,0.9983250793,0.2337669528,17.2560659157,0
672630,8436347078.873141288757,8436347078.908095359802,3.495407104492e-02,8436347078.890618324280,23.8264545329,6571.6121643700,1.7445323827e-02,0.9981855221,0.2897245431,16.5774420204,0
673148,8436347233.764743804932,8436347233.798195838928,3.345203399658e-02,8436347233.781469345093,23.3872667342,7172.3811920937,1.6698725140e-02,0.9983682990,0.2924322484,17.4836751892,0
673172,8436347240.952569961548,8436347240.992330551147,3.976058959961e-02,8436347240.972450256348,28.5746797275,5088.9689504405,1.9824402069e-02,0.9971885361,0.2645600793,13.3076537341,0
673410,8436347311.994935989380,8436347312.035951614380,4.101562500000e-02,8436347312.015443801880,19.4450340432,4774.8917460613,2.0466012397e-02,0.9979617474,0.3207086280,15.6383635765,0
673608,8436347371.248202323914,8436347371.286273956299,3.807163238525e-02,8436347371.267238616943,20.2561449074,5539.5941400003,1.9000981024e-02,0.9981700197,0.3142220085,16.5068839330,0
673916,8436347463.413763999939,8436347463.446949005127,3.318500518799e-02,8436347463.430356979370,85.3017951995,7349.8098098819,1.6495935404e-02,0.9941800708,0.1531214074,9.2283491626,0
674566,8436347657.752518653870,8436347657.786023139954,3.350448608398e-02,8436347657.769270896912,21.7239520734,7148.3515511211,1.6726768509e-02,0.9984793360,0.3034209612,18.1122587857,0
674819,8436347733.214927673340,8436347733.254262924194,3.933525085449e-02,8436347733.234595298767,26.5852385990,5197.0089987148,1.9617256175e-02,0.9974389764,0.2742803637,13.9457793055,0
675273,8436347869.059866905212,8436347869.078436851501,1.856994628906e-02,8436347869.069151878357,29.4794803031,23228.4488656676,9.2790794432e-03,0.9993652430,0.2604684264,28.0526849527,0
675417,8436347912.087966918945,8436347912.118183135986,3.021621704102e-02,8436347912.103075027466,45.2096326651,8807.3418919830,1.5069282344e-02,0.9974301100,0.2103291703,13.9216083882,0
675485,8436347932.379660606384,8436347932.409929275513,3.026866912842e-02,8436347932.394794464111,31.5856456633,8763.3767019859,1.5107035769e-02,0.9981962342,0.2516344618,16.6267278393,0
675804,8436348027.747375488281,8436348027.785301208496,3.792572021484e-02,8436348027.766338348389,18.8787318783,5580.7676806194,1.8930758966e-02,0.9983071572,0.3254832086,17.1642466765,0
675890,8436348053.338622093201,8436348053.365371704102,2.674961090088e-02,8436348053.351997375488,27.7568488537,11208.0978215327,1.3358233835e-02,0.9987609827,0.2684292992,20.0697722449,0
676186,8436348141.818790435791,8436348141.862957954407,4.416751861572e-02,8436348141.840873718262,16.6680575378,4117.6134419425,2.2039016565e-02,0.9979739526,0.3463957081,15.6855408191,0
676240,8436348157.926548004150,8436348157.969718933105,4.317092895508e-02,8436348157.948133468628,24.0890781428,4316.5583917467,2.1525150059e-02,0.9972057855,0.2881408995,13.3488394384,0
676924,8436348362.579257965088,8436348362.614061355591,3.480339050293e-02,8436348362.596659660339,20.8469153879,6625.4523585301,1.7374296558e-02,0.9984255158,0.3097377192,17.7992841893,0
677283,8436348469.786561965942,8436348469.819874763489,3.331279754639e-02,8436348469.803218841553,21.8847007037,7230.7643656127,1.6631173464e-02,0.9984855484,0.3023045557,18.1494547442,0
677757,8436348611.670453071594,8436348611.710920333862,4.046726226807e-02,8436348611.690687179565,81.6461570165,4966.8460495751,2.0066639489e-02,0.9917468276,0.1565118136,7.7352311388,0
677818,8436348629.870210647583,8436348629.908044815063,3.783416748047e-02,8436348629.889127731323,34.5048158326,5623.3441258416,1.8858956863e-02,0.9969272813,0.2407549033,12.7268508536,0
678649,8436348877.968205451965,8436348878.010379791260,4.217433929443e-02,8436348877.989292144775,30.7825556517,4528.5128732266,2.1015377444e-02,0.9965954557,0.2548957892,12.0877193811,0
679636,8436349173.376394271851,8436349173.414933204651,3.853893280029e-02,8436349173.395664215088,28.8679642731,5415.1689556860,1.9218035538e-02,0.9973309660,0.2632127473,13.6595763413,0
679779,8436349216.013190269470,8436349216.050825119019,3.763484954834e-02,8436349216.032007217407,25.1708143575,5673.3649892676,1.8775635075e-02,0.9977792020,0.2818813641,14.9798055526,0
679826,8436349230.019003868103,8436349230.038242340088,1.923847198486e-02,8436349230.028623580933,17.8531732321,21632.5344776930,9.6152658304e-03,0.9995872685,0.3347012146,34.7949894168,0
679956,8436349268.957772254944,8436349268.992790222168,3.501796722412e-02,8436349268.975280761719,18.6036093885,6542.5160438075,1.7484072540e-02,0.9985772406,0.3278811063,18.7264500053,0
680252,8436349357.406555175781,8436349357.421481132507,1.492595672607e-02,8436349357.414018630981,26.6539115502,35935.8457113868,7.4602101735e-03,0.9996290771,0.2739267985,36.7047558183,0
680534,8436349441.889308929443,8436349441.918318748474,2.900981903076e-02,8436349441.903814315796,34.7378923397,9540.7846864755,1.4478479327e-02,0.9981778454,0.2399458624,16.5423894677,0
680608,8436349463.803530693054,8436349463.840569496155,3.703880310059e-02,8436349463.822050094604,18.5325149288,5849.9763718463,1.8490043882e-02,0.9984147615,0.3285094132,17.7386624692,0
680707,8436349493.461360931396,8436349493.491439819336,3.007888793945e-02,8436349493.476400375366,27.5099753884,8869.8342056016,1.5016103284e-02,0.9984480353,0.2696310462,17.9282589696,0
680858,8436349538.603929519653,8436349538.629637718201,2.570819854736e-02,8436349538.616783142090,19.1786595767,12123.6742422085,1.2843928184e-02,0.9992087279,0.3229281262,25.1225791354,0
681056,8436349597.832963943481,8436349597.863761901855,3.079795837402e-02,8436349597.848362922668,23.2197703050,8457.4632034155,1.5377825887e-02,0.9986263180,0.2934850870,19.0587365225,0
681230,8436349649.677954673767,8436349649.720869064331,4.291439056396e-02,8436349649.699411392212,24.6055484506,4368.5482510221,2.1396681862e-02,0.9971798075,0.2851008243,13.2869566845,0
681233,8436349650.699868202209,8436349650.711495399475,1.162719726562e-02,8436349650.705681800842,16.9197287823,59192.1430463400,5.8127676818e-03,0.9998570677,0.3438098376,59.1389016250,0
681422,8436349707.171936988831,8436349707.211465835571,3.952884674072e-02,8436349707.191701889038,21.4911677939,5141.3937679086,1.9723072195e-02,0.9979077976,0.3050598064,15.4347941608,0
681908,8436349852.571660995483,8436349852.606966018677,3.530502319336e-02,8436349852.589313507080,34.4094724911,6452.6647224078,1.7605381800e-02,0.9973301365,0.2410882200,13.6574457775,0
681960,8436349868.081230163574,8436349868.123332023621,4.210186004639e-02,8436349868.102281570435,18.7616627012,4531.9911868268,2.1007311221e-02,0.9979279394,0.3264971058,15.5098660936,0
681973,8436349871.815896987915,8436349871.856704711914,4.080772399902e-02,8436349871.836300849915,42.2037480332,4846.2285466145,2.0314823438e-02,0.9956361907,0.2176905051,10.6690833881,0
682274,8436349961.989122390747,8436349962.021524429321,3.240203857422e-02,8436349962.005323410034,21.3945007431,7641.2251207755,1.6178322948e-02,0.9985990795,0.3057482075,18.8721587283,0
682430,8436350008.524231910706,8436350008.556473731995,3.224182128906e-02,8436350008.540352821350,20.0370540745,7715.7853375803,1.6099964913e-02,0.9987007104,0.3159352343,19.5978528274,0
682535,8436350039.846248626709,8436350039.869812965393,2.356433868408e-02,8436350039.858030319214,19.5558417870,14426.7521828708,1.1774181114e-02,0.9993220070,0.3197987341,27.1426020827,0
682819,8436350124.761587142944,8436350124.780829429626,1.924228668213e-02,8436350124.771207809448,24.7663038252,21630.8784299950,9.6156338930e-03,0.9994273604,0.2841740388,29.5364104537,0
683662,8436350376.715820312500,8436350376.753047943115,3.722763061523e-02,8436350376.734434127808,25.7970407676,5798.2339495709,1.8572361596e-02,0.9977729600,0.2784389920,14.9587275568,0
684165,8436350527.135466575623,8436350527.162677764893,2.721118927002e-02,8436350527.149072647095,16.4900065150,10820.7478671924,1.3595223731e-02,0.9992377471,0.3482607927,25.5968814335,0
684314,8436350571.610836982727,8436350571.644807815552,3.397083282471e-02,8436350571.627822875977,20.4825872797,6952.7865767830,1.6960378834e-02,0.9985259367,0.3124802625,18.3969739043,0
684517,8436350632.389197349548,8436350632.417211532593,2.801418304443e-02,8436350632.403203964233,20.4417873428,10214.1937732425,1.3993068223e-02,0.9989988429,0.3127919481,22.3309705341,0
684540,8436350639.328645706177,8436350639.346933364868,1.828765869141e-02,8436350639.337789535522,26.2899644739,23946.9837450636,9.1388087351e-03,0.9994509291,0.2758163444,30.1642051723,0
684553,8436350643.167586326599,8436350643.198429107666,3.084278106689e-02,8436350643.183008193970,22.5647085750,8432.3115956518,1.5400743034e-02,0.9986611130,0.2977146002,19.3053019146,0
684706,8436350688.848262786865,8436350688.878928184509,3.066539764404e-02,8436350688.863595962524,25.7658950569,8533.0862233580,1.5309532562e-02,0.9984890944,0.2786072291,18.1707886105,0
685137,8436350817.530982017517,8436350817.571463584900,4.048156738281e-02,8436350817.551222801208,31.3396397896,4913.0875416237,2.0176124382e-02,0.9968054938,0.2526201552,12.4807497099,0
685889,8436351042.645762443542,8436351042.690353393555,4.459095001221e-02,8436351042.668058395386,24.9233840439,4048.3541894306,2.2226738854e-02,0.9969170358,0.2832771165,12.7055878566,0
686015,8436351079.983263969421,8436351080.023146629333,3.988265991211e-02,8436351080.003205299377,36.1609682249,5065.6255784638,1.9870026887e-02,0.9964243574,0.2351770686,11.7934495377,0
686239,8436351147.112389564514,8436351147.153949737549,4.156017303467e-02,8436351147.133169174194,38.8789826797,4670.5242821730,2.0693415628e-02,0.9958291372,0.2268075731,10.9146597117,0
687216,8436351439.150298118591,8436351439.187405586243,3.710746765137e-02,8436351439.168851852417,21.5195126707,5831.4020488729,1.8519467937e-02,0.9981531540,0.3048588323,16.4311310670,0
687693,8436351581.976246833801,8436351582.020185470581,4.393863677979e-02,8436351581.998216629028,30.5628157685,4174.3441506231,2.1888745522e-02,0.9963324821,0.2558104703,11.6439875701,0
687772,8436351605.452664375305,8436351605.474294662476,2.163028717041e-02,8436351605.463479995728,24.8504848291,17123.6419752206,1.0807293061e-02,0.9992741174,0.2836923107,26.2310258305,0
688151,8436351718.822167396545,8436351718.861505508423,3.933811187744e-02,8436351718.841836929321,27.8246286452,5197.4963362400,1.9616336458e-02,0.9973196741,0.2681021578,13.6306571426,0
688155,8436351719.795679092407,8436351719.808892250061,1.321315765381e-02,8436351719.802286148071,24.3316738912,45846.6178499938,6.6048254756e-03,0.9997346053,0.2867008657,43.3962680506,0
688370,8436351784.106894493103,8436351784.139908790588,3.301429748535e-02,8436351784.123401641846,22.5690293764,7362.3967505618,1.6481828437e-02,0.9984661006,0.2976861004,18.0337685809,0
688786,8436351908.694330215454,8436351908.719122886658,2.479267120361e-02,8436351908.706726074219,25.7015082893,13040.6767171737,1.2384113780e-02,0.9990140778,0.2789559907,22.5031008905,0
688869,8436351933.273472785950,8436351933.307303428650,3.383064270020e-02,8436351933.290388107300,16.3107174333,7006.1870187257,1.6895620064e-02,0.9988352993,0.3501696207,20.7013283100,0
688906,8436351944.556852340698,8436351944.562097549438,5.245208740234e-03,8436351944.559474945068,26.2258546436,290806.1604730899,2.6224861099e-03,0.9999549073,0.2761532590,105.2973380874,0
688950,8436351957.584615707397,8436351957.628384590149,4.376888275146e-02,8436351957.606500625610,22.0862625080,4198.0725619464,2.1826797908e-02,0.9973660069,0.3009219608,13.7504976990,0
689364,8436352081.404592514038,8436352081.447536468506,4.294395446777e-02,8436352081.426064491272,21.4578822687,4359.4216432001,2.1419067518e-02,0.9975358713,0.3052963195,14.2183608067,0
689432,8436352101.705868721008,8436352101.740533828735,3.466510772705e-02,8436352101.723201751709,20.0321075253,6677.4355868299,1.7306535763e-02,0.9984988883,0.3159742390,18.2301028137,0
689963,8436352260.704450607300,8436352260.739326477051,3.487586975098e-02,8436352260.721888542175,26.6801934882,6603.8626978354,1.7402673820e-02,0.9979779110,0.2737918463,15.7009329522,0
689976,8436352264.273356437683,8436352264.309843063354,3.648662567139e-02,8436352264.291599273682,25.0656820321,6034.3476811263,1.8205383555e-02,0.9979209214,0.2824718893,15.4835852386,0
690016,8436352276.197776794434,8436352276.236019134521,3.824234008789e-02,8436352276.216897964478,20.9377950656,5491.1108799394,1.9084680386e-02,0.9980916619,0.3090647859,16.1634871316,0
691572,8436352741.477814674377,8436352741.511486053467,3.367137908936e-02,8436352741.494649887085,26.5606101143,7082.7166856175,1.6804092474e-02,0.9981232090,0.2744074983,16.2991540996,0
691790,8436352806.608567237854,8436352806.628067016602,1.949977874756e-02,8436352806.618316650391,19.6030244184,21058.8707260739,9.7453503883e-03,0.9995344577,0.3194136396,32.7607450008,0
691896,8436352838.344568252563,8436352838.383298873901,3.873062133789e-02,8436352838.363933563232,18.3572914491,5351.4736408318,1.9332067485e-02,0.9982833643,0.3300735289,17.0445770021,0
692252,8436352944.716252326965,8436352944.736812591553,2.056026458740e-02,8436352944.726531982422,24.4494338861,18949.3056471268,1.0273498158e-02,0.9993546643,0.2860095891,27.8215864232,0
692307,8436352961.224657058716,8436352961.245241165161,2.058410644531e-02,8436352961.234949111938,54.9492497626,18935.9908405739,1.0277109419e-02,0.9985480250,0.1907805578,18.5366858934,0
692341,8436352971.378419876099,8436352971.399684906006,2.126502990723e-02,8436352971.389052391052,22.5774416333,17713.8059180217,1.0625736864e-02,0.9993625130,0.2976306369,27.9924964331,0
692766,8436353098.223076820374,8436353098.260086059570,3.700923919678e-02,8436353098.241580963135,28.0707081686,5868.8348919992,1.8460312645e-02,0.9976056275,0.2669244234,14.4247452362,0
693078,8436353191.527243614197,8436353191.567819595337,4.057598114014e-02,8436353191.547531127930,59.0456565651,4918.1019105819,2.0165836233e-02,0.9939789830,0.1840437271,9.0715601680,0
693201,8436353228.367459297180,8436353228.403440475464,3.598117828369e-02,8436353228.385450363159,21.8460391080,6201.1452460057,1.7958871624e-02,0.9982369939,0.3025719362,16.8183450725,0
693699,8436353377.357460021973,8436353377.386639595032,2.917957305908e-02,8436353377.372049331665,31.8284926077,9427.5929421774,1.4565137421e-02,0.9983105230,0.2506726558,17.1813792705,0
694826,8436353714.179130554199,8436353714.218142509460,3.901195526123e-02,8436353714.198637008667,23.8930887263,5280.3674686086,1.9461796381e-02,0.9977349892,0.2893202621,14.8323897225,0
695889,8436354031.857925415039,8436354031.881954193115,2.402877807617e-02,8436354031.869939804077,24.8027873443,13880.4435307488,1.2003650059e-02,0.9991061569,0.2839649597,23.6354057495,0
696733,8436354284.286309242249,8436354284.313408851624,2.709960937500e-02,8436354284.299859046936,19.7741576345,10913.1860560193,1.3537523331e-02,0.9990936138,0.3180284715,23.4710742174,0
697042,8436354376.738000869751,8436354376.770344734192,3.234386444092e-02,8436354376.754173278809,21.1803194815,7668.4458606080,1.6149583263e-02,0.9986180404,0.3072902243,19.0014538863,0
697155,8436354410.533246040344,8436354410.573012351990,3.976631164551e-02,8436354410.553129196167,14.7639001967,5073.7019772708,1.9854205877e-02,0.9985439965,0.3680564623,18.5109680582,0
697196,8436354422.680530548096,8436354422.714944839478,3.441429138184e-02,8436354422.697737693787,19.8681054255,6774.6654500005,1.7181895410e-02,0.9985325701,0.3172756700,18.4385996215,0
697405,8436354485.331354141235,8436354485.357055664062,2.570152282715e-02,8436354485.344204902649,19.5669670560,12130.3514159709,1.2840392715e-02,0.9991931452,0.3197078066,24.8785107964,0
697676,8436354566.267710685730,8436354566.304673194885,3.696250915527e-02,8436354566.286191940308,30.0733103518,5885.6152617813,1.8433977932e-02,0.9974419136,0.2578839892,13.9538140205,0
697846,8436354617.116142272949,8436354617.160717964172,4.457569122314e-02,8436354617.138429641724,23.5594409542,4049.7452541940,2.2222921146e-02,0.9970870013,0.2913617302,13.0726735672,0
698344,8436354765.991736412048,8436354766.031244277954,3.950786590576e-02,8436354766.011489868164,25.2673468548,5150.6092868025,1.9705419942e-02,0.9975441341,0.2813423928,14.2423482686,0
698466,8436354802.375357627869,8436354802.402220726013,2.686309814453e-02,8436354802.388789176941,23.1612938076,11109.2357080355,1.3417540261e-02,0.9989570219,0.2938553419,21.8779933927,0
699424,8436355088.709973335266,8436355088.751430511475,4.145717620850e-02,8436355088.730701446533,21.0938006091,4675.7815452492,2.0681778929e-02,0.9977418059,0.3079197742,14.8548358736,0
699474,8436355103.662074089050,8436355103.699526786804,3.745269775391e-02,8436355103.680800437927,21.0878466817,5724.3557881585,1.8691824229e-02,0.9981563599,0.3079632400,16.4454503149,0
699651,8436355156.614135742188,8436355156.641079902649,2.694416046143e-02,8436355156.627607345581,24.3696197019,11043.8388003821,1.3457208102e-02,0.9988960778,0.2864775685,21.2645384809,0
699907,8436355232.979308128357,8436355233.010635375977,3.132724761963e-02,8436355232.994972229004,16.4133198903,8168.0629958447,1.5647878256e-02,0.9989947694,0.3490734200,22.2856105456,0
700651,8436355455.424519538879,8436355455.465671539307,4.115200042725e-02,8436355455.445095062256,45.2551102350,4769.2354789013,2.0478145048e-02,0.9952442085,0.2102234622,10.2169255454,0
701037,8436355570.853304862976,8436355570.892325401306,3.902053833008e-02,8436355570.872815132141,31.8857420441,5286.0479180751,1.9451336632e-02,0.9969794095,0.2504475189,12.8367023950,0
701328,8436355657.867629051208,8436355657.901474952698,3.384590148926e-02,8436355657.884552001953,23.6503554747,7007.2255685290,1.6894367957e-02,0.9983110045,0.2908011780,17.1838340951,0
701415,8436355683.743827819824,8436355683.785834312439,4.200649261475e-02,8436355683.764831542969,31.7651640976,4565.5107402654,2.0930052294e-02,0.9965151095,0.2509224078,11.9468392690,0
701884,8436355824.322504997253,8436355824.348752975464,2.624797821045e-02,8436355824.335628509521,19.9304669464,11631.6964116258,1.3112740558e-02,0.9991429018,0.3167789106,24.1373951207,0
701964,8436355848.157137870789,8436355848.191172599792,3.403472900391e-02,8436355848.174155235291,60.9355278322,6967.2347886405,1.6942784026e-02,0.9956173897,0.1811672571,10.6460231897,0
702737,8436356079.086727142334,8436356079.128056526184,4.132938385010e-02,8436356079.107391357422,25.4692388450,4708.9865035663,2.0608732159e-02,0.9972920106,0.2802250883,13.5605742085,0
702806,8436356099.715797424316,8436356099.755660057068,3.986263275146e-02,8436356099.735729217529,41.6664989942,5076.1860286560,1.9849347416e-02,0.9958874287,0.2190894638,10.9922224752,0
703050,8436356172.690331459045,8436356172.710126876831,1.979541778564e-02,8436356172.700229644775,27.8541078173,20443.3833529359,9.8909637808e-03,0.9993185178,0.2679602484,27.0729571132,0
703135,8436356198.117553710938,8436356198.152053833008,3.450012207031e-02,8436356198.134803771973,28.4635040340,6749.6929835396,1.7213650793e-02,0.9978892688,0.2650762488,15.3666846912,0
703219,8436356223.327085494995,8436356223.345943450928,1.885795593262e-02,8436356223.336514472961,19.9037368420,22515.6680824229,9.4248094604e-03,0.9995579048,0.3169915514,33.6188664888,0
703230,8436356226.525563240051,8436356226.562936782837,3.737354278564e-02,8436356226.544250488281,25.2898973111,5752.7417947644,1.8645651256e-02,0.9977995055,0.2812169313,15.0489844088,0
703837,8436356407.940727233887,8436356407.977436065674,3.670883178711e-02,8436356407.959081649780,19.8479438188,5956.5992887906,1.8323811066e-02,0.9983325632,0.3174367740,17.2948447827,0
704330,8436356555.307281494141,8436356555.336069107056,2.878761291504e-02,8436356555.321675300598,25.2202653708,9678.5841689996,1.4375040675e-02,0.9986962599,0.2816048770,19.5643089822,0
704335,8436356556.770537376404,8436356556.798927307129,2.838993072510e-02,8436356556.784732818604,25.8323713070,9951.5364098504,1.4176529622e-02,0.9987012479,0.2782485185,19.6019159855,0
704377,8436356569.290724754333,8436356569.325697898865,3.497314453125e-02,8436356569.308211326599,30.0491661319,6570.6948233842,1.7446541564e-02,0.9977107748,0.2579875721,14.7534672999,0
704526,8436356613.964027404785,8436356614.005347251892,4.131984710693e-02,8436356613.984687805176,35.4157372192,4721.0951907602,2.0582286504e-02,0.9962421425,0.2376385285,11.5023914740,0
704885,8436356721.340138435364,8436356721.366758346558,2.661991119385e-02,8436356721.353448867798,26.2666311105,11315.8205575184,1.3294498883e-02,0.9988387103,0.2759388248,20.7317614867,0
705045,8436356769.114711761475,8436356769.153458595276,3.874683380127e-02,8436356769.134084701538,19.4716852647,5348.1259996318,1.9338116960e-02,0.9981779187,0.3204890732,16.5427232011,0
705645,8436356948.520660400391,8436356948.562325477600,4.166507720947e-02,8436356948.541492462158,19.1278432447,4627.4794258622,2.0789438017e-02,0.9979310928,0.3233567981,15.5217184169,0
705918,8436357030.178047180176,8436357030.222129821777,4.408264160156e-02,8436357030.200088500977,48.7653641066,4165.5179270622,2.1911923040e-02,0.9941293100,0.2025159633,9.1880139660,0
705986,8436357050.373529434204,8436357050.402871131897,2.934169769287e-02,8436357050.388200759888,19.6666899541,9311.8872678029,1.4655348254e-02,0.9989434427,0.3188962133,21.7367254346,0
706079,8436357078.241494178772,8436357078.282676696777,4.118251800537e-02,8436357078.262084960938,19.7925186388,4736.7742368251,2.0548193882e-02,0.9979085727,0.3178809239,15.4376633219,0
706147,8436357098.452914237976,8436357098.493923187256,4.100894927979e-02,8436357098.473419189453,27.0526599995,4784.0477470052,2.0446418470e-02,0.9971686097,0.2719005028,13.2605447139,0
706830,8436357302.634045600891,8436357302.676478385925,4.243278503418e-02,8436357302.655261993408,30.3382273523,4473.4466642473,2.1144326969e-02,0.9966033081,0.2567555837,12.1017549754,0
706925,8436357331.155902862549,8436357331.189526557922,3.362369537354e-02,8436357331.172714233398,35.8065224350,7111.9902788184,1.6769473233e-02,0.9974794886,0.2363382013,14.0578362159,0
706938,8436357334.832393646240,8436357334.875948905945,4.355525970459e-02,8436357334.854171752930,17.0120974921,4234.0623055133,2.1733835497e-02,0.9979890211,0.3428751940,15.7443760578,0
707285,8436357438.795407295227,8436357438.829675674438,3.426837921143e-02,8436357438.812541961670,21.0033706128,6833.4460129428,1.7107837404e-02,0.9984620106,0.3085819364,18.0097187839,0
707473,8436357495.005891799927,8436357495.039149284363,3.325748443604e-02,8436357495.022520065308,23.4153950996,7256.2942984095,1.6601890827e-02,0.9983852422,0.2922565496,17.5753851849,0
708004,8436357653.704713821411,8436357653.742620468140,3.790664672852e-02,8436357653.723667144775,21.4925952095,5588.9801031098,1.8916845467e-02,0.9980753825,0.3050496761,16.0947856074,0
708123,8436357689.247227668762,8436357689.274118423462,2.689075469971e-02,8436357689.260673522949,30.1274289992,11093.4099978452,1.3427107492e-02,0.9986411792,0.2576522634,19.1628882349,0
708215,8436357716.842371940613,8436357716.872180938721,2.980899810791e-02,8436357716.857276916504,19.8149605692,9022.9803454749,1.4888124510e-02,0.9989013690,0.3177008609,21.3157691314,0
708476,8436357794.716030120850,8436357794.737159729004,2.112960815430e-02,8436357794.726594924927,19.3569749244,17938.0818195253,1.0559102301e-02,0.9994603046,0.3214372872,30.4252956152,0
708568,8436357822.054742813110,8436357822.086837768555,3.209495544434e-02,8436357822.070790290833,58.2025519256,7824.5431475228,1.5987682056e-02,0.9962738278,0.1853719354,11.5514686261,0
708942,8436357934.116114616394,8436357934.152571678162,3.645706176758e-02,8436357934.134343147278,24.7930152389,6043.8251071742,1.8191103867e-02,0.9979467892,0.2840209163,15.5811194049,0
709236,8436358021.937042236328,8436358021.960773468018,2.373123168945e-02,8436358021.948907852173,26.1344696800,14231.4023574761,1.1854715862e-02,0.9990813808,0.2766356532,23.3140577653,0
709265,8436358030.759755134583,8436358030.795487403870,3.573226928711e-02,8436358030.777621269226,32.0844321044,6297.7727934985,1.7820566412e-02,0.9974494634,0.2496708383,13.9745302104,0
709557,8436358118.027128219604,8436358118.061962127686,3.483390808105e-02,8436358118.044545173645,37.6401565244,6630.6782342446,1.7367448554e-02,0.9971576266,0.2305097435,13.2347908228,0
709752,8436358176.205482482910,8436358176.231237411499,2.575492858887e-02,8436358176.218359947205,35.2261783953,12095.8365354191,1.2858699383e-02,0.9985428101,0.2382770599,18.5034145295,0
709768,8436358181.069049835205,8436358181.111318588257,4.226875305176e-02,8436358181.090184211731,28.8211353532,4506.4811489695,2.1066685823e-02,0.9967971280,0.2634264961,12.4643608872,0
710154,8436358296.345163345337,8436358296.383495330811,3.833198547363e-02,8436358296.364329338074,28.4757484923,5473.0930287439,1.9116068706e-02,0.9973951764,0.2650192518,13.8275775994,0
710350,8436358355.043723106384,8436358355.086641311646,4.291820526123e-02,8436358355.065181732178,27.0299185074,4370.2004503967,2.1392636861e-02,0.9969026771,0.2720148598,12.6759662099,0
710370,8436358360.955906867981,8436358360.981301307678,2.539443969727e-02,8436358360.968604087830,24.2773764821,12429.7329275901,1.2684813876e-02,0.9990229379,0.2870212961,22.6050505157,0
710804,8436358490.633633613586,8436358490.657311439514,2.367782592773e-02,8436358490.645472526550,22.5628180038,14291.9834469268,1.1829564200e-02,0.9992103360,0.2977270729,25.1481765097,0
710874,8436358511.661863327026,8436358511.683328628540,2.146530151367e-02,8436358511.672595977783,20.4887130656,17383.1383074250,1.0726323849e-02,0.9994104990,0.3124335458,29.1105667060,0
711150,8436358593.996286392212,8436358594.037261962891,4.097557067871e-02,8436358594.016774177551,27.5683130125,4792.3166300693,2.0428771260e-02,0.9971195481,0.2693456105,13.1466435256,0
711366,8436358658.594082832336,8436358658.637681007385,4.359817504883e-02,8436358658.615881919861,16.1426772170,4224.8949649569,2.1757402179e-02,0.9980877482,0.3519874802,16.1468905439,0
711523,8436358705.848626136780,8436358705.879718780518,3.109264373779e-02,8436358705.864171981812,17.1457935171,8292.2731344257,1.5530241118e-02,0.9989656235,0.3415357762,21.9689119452,0
712648,8436359042.001150131226,8436359042.040805816650,3.965568542480e-02,8436359042.020977973938,25.9274291086,5113.1303975811,1.9777507761e-02,0.9974614005,0.2777379784,14.0074733528,0
713712,8436359360.112130165100,8436359360.145793914795,3.366374969482e-02,8436359360.128961563110,22.2942190178,7081.6490052664,1.6805359179e-02,0.9984246753,0.2995151993,17.7945239043,0
714267,8436359525.988897323608,8436359526.028110504150,3.921318054199e-02,8436359526.008503913879,24.9594964558,5227.6243360246,1.9559728052e-02,0.9976098741,0.2830721139,14.4376003167,0
714615,8436359629.836547851562,8436359629.865804672241,2.925682067871e-02,8436359629.851176261902,18.4878951317,9364.7020350170,1.4613963423e-02,0.9990124070,0.3289055965,22.4840286049,0
714684,8436359650.846805572510,8436359650.874587059021,2.778148651123e-02,8436359650.860696792603,30.0830797810,10395.3150794577,1.3870629430e-02,0.9985519979,0.2578421121,18.5621537597,0
714789,8436359681.877786636353,8436359681.911473274231,3.368663787842e-02,8436359681.894630432129,20.2478952719,7070.0130680882,1.6819182754e-02,0.9985670173,0.3142860140,18.6593874455,0
715182,8436359799.659597396851,8436359799.700967788696,4.137039184570e-02,8436359799.680282592773,27.6898878998,4701.9267732372,2.0624197895e-02,0.9970511264,0.2687536672,12.9925608748,0
715343,8436359847.549751281738,8436359847.587656974792,3.790569305420e-02,8436359847.568704605103,17.5086858016,5585.2763435269,1.8923116583e-02,0.9984313731,0.3379778378,17.8325634245,0
715384,8436359859.707660675049,8436359859.733703613281,2.604293823242e-02,8436359859.720682144165,30.5315024669,11825.8595868364,1.3004649115e-02,0.9987082870,0.2559416171,19.6553564556,0
715560,8436359912.779986381531,8436359912.791057586670,1.107120513916e-02,8436359912.785522460938,21.0151756276,65288.9980878549,5.5347116000e-03,0.9998390474,0.3084952532,55.7292994384,0
715867,8436360004.266308784485,8436360004.304452896118,3.814411163330e-02,8436360004.285381317139,24.9788407521,5523.3617061335,1.9028881233e-02,0.9977362386,0.2829624833,14.8364961811,0
715986,8436360040.035403251648,8436360040.064126968384,2.872371673584e-02,8436360040.049764633179,53.6610453013,9750.0207164201,1.4322282265e-02,0.9972443606,0.1930569469,13.4423374685,0
716164,8436360093.048008918762,8436360093.072479248047,2.447032928467e-02,8436360093.060243606567,22.6127630338,13382.7327963491,1.2224823412e-02,0.9991547943,0.2973980948,24.3068322736,0
716192,8436360101.463140487671,8436360101.501670837402,3.853034973145e-02,8436360101.482405662537,21.9443268507,5410.6453038232,1.9226067625e-02,0.9979700552,0.3018935721,15.6704298943,0
716316,8436360138.654317855835,8436360138.691076278687,3.675842285156e-02,8436360138.672697067261,21.1520542254,5941.8955729349,1.8346468956e-02,0.9982185052,0.3074954701,16.7306128069,0
716715,8436360257.927984237671,8436360257.962152481079,3.416824340820e-02,8436360257.945068359375,22.5570591562,6874.9882378608,1.7056071899e-02,0.9983581359,0.2977650755,17.4293464242,0
716819,8436360288.774415969849,8436360288.807206153870,3.279018402100e-02,8436360288.790811538696,62.2447104481,7502.7474178823,1.6326941430e-02,0.9958432328,0.1792519019,10.9332659913,0
716986,8436360338.931452751160,8436360338.947660446167,1.620769500732e-02,8436360338.939556121826,24.2344822999,30478.4541300252,8.1006250370e-03,0.9996023535,0.2872751926,35.4492347573,0
717326,8436360440.479755401611,8436360440.522068023682,4.231262207031e-02,8436360440.500911712646,24.4578481505,4492.8379489343,2.1098647708e-02,0.9972744149,0.2859603867,13.5165524001,0
717456,8436360479.223557472229,8436360479.264754295349,4.119682312012e-02,8436360479.244155883789,44.4116503010,4758.1181038269,2.0502054752e-02,0.9953221243,0.2122103404,10.3022672316,0
717593,8436360520.406220436096,8436360520.446717262268,4.049682617188e-02,8436360520.426468849182,26.0664504456,4904.1362601881,2.0194529237e-02,0.9973388607,0.2769963522,13.6799042506,0
717851,8436360597.195918083191,8436360597.221388816833,2.547073364258e-02,8436360597.208653450012,29.1205288310,12360.3698426118,1.2720355972e-02,0.9988213257,0.2620688296,20.5780354214,0
717892,8436360609.544874191284,8436360609.557424545288,1.255035400391e-02,8436360609.551149368286,29.4667343689,50819.4459370740,6.2733574644e-03,0.9997100420,0.2605247536,41.5167179331,0
717989,8436360638.775800704956,8436360638.786107063293,1.030635833740e-02,8436360638.780954360962,21.4434788221,75336.1018759422,5.1524457225e-03,0.9998576711,0.3053988351,59.2641600691,0
718140,8436360683.621500968933,8436360683.654959678650,3.345870971680e-02,8436360683.638230323792,21.4135884715,7167.5550474552,1.6704346087e-02,0.9985050965,0.3056119076,18.2680031738,0
718281,8436360725.875978469849,8436360725.902193069458,2.621459960938e-02,8436360725.889085769653,15.8839637629,11657.2388597421,1.3098366864e-02,0.9993184759,0.3548424376,27.0721233911,0
719011,8436360944.173268318176,8436360944.210404396057,3.713607788086e-02,8436360944.191836357117,32.7358003601,5833.6697317504,1.8515868114e-02,0.9971902888,0.2471744156,13.3118212663,0
719072,8436360962.501574516296,8436360962.529663085938,2.808856964111e-02,8436360962.515619277954,24.6410190651,10164.4725342756,1.4027251203e-02,0.9987871495,0.2848955498,20.2855149601,0
719562,8436361108.945153236389,8436361108.975162506104,3.000926971436e-02,8436361108.960157394409,23.7451458990,8907.1434156799,1.4984621425e-02,0.9986661834,0.2902201596,19.3420341371,0
720005,8436361241.242620468140,8436361241.270735740662,2.811527252197e-02,8436361241.256677627563,27.5421165249,10148.1218793434,1.4038547009e-02,0.9986420724,0.2694736731,19.1692022839,0
720523,8436361396.154963493347,8436361396.180790901184,2.582740783691e-02,8436361396.167877197266,23.4203084934,12016.4344573681,1.2901113227e-02,0.9990250131,0.2922258915,22.6291305200,0
720861,8436361497.242591857910,8436361497.283137321472,4.054546356201e-02,8436361497.262865066528,16.8948046996,4883.2683969177,2.0237632277e-02,0.9982686347,0.3440633471,16.9717308374,0
721019,8436361544.613470077515,8436361544.642538070679,2.906799316406e-02,8436361544.628004074097,29.0876385819,9497.1233693911,1.4511722267e-02,0.9984674336,0.2622169522,18.0416274824,0
721187,8436361594.685387611389,8436361594.729422569275,4.403495788574e-02,8436361594.707405090332,21.6813815666,4147.3545091198,2.1959852462e-02,0.9973826939,0.3037186925,13.7944354692,0
721571,8436361709.497972488403,8436361709.536463737488,3.849124908447e-02,8436361709.517217636108,27.5403033771,5427.1948720531,1.9196731470e-02,0.9974595227,0.2694825435,14.0022758388,0
722355,8436361943.910729408264,8436361943.954527854919,4.379844665527e-02,8436361943.932628631592,22.3701317248,4192.7207614295,2.1840723879e-02,0.9973286976,0.2990065673,13.6537521356,0
722587,8436362013.146729469299,8436362013.186140060425,3.941059112549e-02,8436362013.166435241699,24.5796385602,5175.2539466644,1.9658445155e-02,0.9976224458,0.2852510500,14.4758574693,0
723093,8436362164.238027572632,8436362164.273871421814,3.584384918213e-02,8436362164.255949020386,31.6229830664,6258.3625877133,1.7876588255e-02,0.9974703422,0.2514858650,14.0323023728,0
723343,8436362238.998907089233,8436362239.034373283386,3.546619415283e-02,8436362239.016639709473,22.6776321971,6382.7317720901,1.7701566495e-02,0.9982219360,0.2969724379,16.7467891602,0
723355,8436362242.824217796326,8436362242.857024192810,3.280639648438e-02,8436362242.840620994568,17.5323825513,7450.6829218698,1.6383887494e-02,0.9988227449,0.3377493553,20.5904574406,0
723955,8436362422.235673904419,8436362422.255022048950,1.934814453125e-02,8436362422.245347976685,15.9988187792,21386.3343579925,9.6704530693e-03,0.9996258870,0.3535664421,36.5478396664,0
723967,8436362425.714859008789,8436362425.745931625366,3.107261657715e-02,8436362425.730395317078,18.5278512638,8304.3257266034,1.5518967016e-02,0.9988838229,0.3285507554,21.1472860383,0
724191,8436362492.724416732788,8436362492.758234024048,3.381729125977e-02,8436362492.741325378418,28.8206161481,7024.2173678625,1.6873921585e-02,0.9979463734,0.2634288690,15.5795369257,0
724559,8436362602.834420204163,8436362602.869771957397,3.535175323486e-02,8436362602.852096557617,21.6839170650,6422.9823217196,1.7646014611e-02,0.9983105785,0.3037009351,17.1816618563,0
725016,8436362739.422962188721,8436362739.462273597717,3.931140899658e-02,8436362739.442617416382,20.5663998088,5197.2636511760,1.9616775572e-02,0.9980194591,0.3118429001,15.8652619228,0
725120,8436362770.383005142212,8436362770.426896095276,4.389095306396e-02,8436362770.404951095581,23.8434469938,4176.6333911622,2.1882746016e-02,0.9971415287,0.2896212860,13.1973113247,0
725288,8436362820.732639312744,8436362820.776651382446,4.401206970215e-02,8436362820.754645347595,18.7465444294,4148.7118453913,2.1956259860e-02,0.9977381209,0.3266287321,14.8426890320,0
725752,8436362959.159386634827,8436362959.195286750793,3.590011596680e-02,8436362959.177336692810,26.3701940696,6233.6065717235,1.7912050437e-02,0.9978825948,0.2753964482,15.3423709528,0
726167,8436363083.510306358337,8436363083.550061225891,3.975486755371e-02,8436363083.530183792114,19.3158646019,5081.1669577829,1.9839616145e-02,0.9980974590,0.3217791659,16.1881644037,0
726173,8436363085.211481094360,8436363085.253934860229,4.245376586914e-02,8436363085.232707977295,17.4777582616,4456.1956734667,2.1185214789e-02,0.9980370106,0.3382767377,15.9362417359,0
726398,8436363152.462800025940,8436363152.498907089233,3.610706329346e-02,8436363152.480854034424,22.8105091547,6159.0973493135,1.8020069581e-02,0.9981465086,0.2961062049,16.4015667815,0
726976,8436363325.138260841370,8436363325.149262428284,1.100158691406e-02,8436363325.143761634827,16.9345214621,66113.5647757129,5.5000889173e-03,0.9998719203,0.3436596421,62.4745583985,0
727159,8436363379.849742889404,8436363379.871315956116,2.157306671143e-02,8436363379.860528945923,58.9244525780,17248.5419962662,1.0768093121e-02,0.9982904392,0.1842329132,17.0799002019,0
727553,8436363497.608767509460,8436363497.650368690491,4.160118103027e-02,8436363497.629568099976,19.1530326698,4641.6716260328,2.0757631184e-02,0.9979347062,0.3231440942,15.5353327080,0
727866,8436363591.430213928223,8436363591.463519096375,3.330516815186e-02,8436363591.446866989136,20.6423522587,7232.8251493629,1.6628804010e-02,0.9985719894,0.3112686667,18.6919138341,0
728091,8436363658.668070793152,8436363658.710597038269,4.252624511719e-02,8436363658.689333915710,23.2117476770,4446.8123733200,2.1207554665e-02,0.9973866541,0.2935358010,13.8049244728,0
728181,8436363685.386261940002,8436363685.425555229187,3.929328918457e-02,8436363685.405908584595,27.6166921070,5209.0894362239,1.9594495710e-02,0.9973456596,0.2691095864,13.6974833104,0
728364,8436363740.176462173462,8436363740.220980644226,4.451847076416e-02,8436363740.198720932007,23.6605106217,4060.2028456518,2.2194283653e-02,0.9970820323,0.2907387650,13.0614893113,0
728688,8436363837.206529617310,8436363837.220247268677,1.371765136719e-02,8436363837.213388442993,26.2262589462,42540.0790851614,6.8567111004e-03,0.9996916989,0.2761511304,40.2621590311,0
728903,8436363901.392120361328,8436363901.404321670532,1.220130920410e-02,8436363901.398221015930,29.7255095972,53767.1837691685,6.0989679772e-03,0.9997235338,0.2593882765,42.5181055840,0
729279,8436364013.702754974365,8436364013.743864059448,4.110908508301e-02,8436364013.723309516907,23.1472008442,4756.9958048523,2.0504473093e-02,0.9975640689,0.2939447838,14.3007212752,0
729331,8436364029.204114913940,8436364029.242527961731,3.841304779053e-02,8436364029.223321914673,19.8411752239,5441.5033593811,1.9171475858e-02,0.9981752015,0.3174909143,16.5303683307,0
729888,8436364195.711135864258,8436364195.749980926514,3.884506225586e-02,8436364195.730558395386,23.8932446562,5325.6322370437,1.9378912930e-02,0.9977542475,0.2893193181,14.8960666434,0
729933,8436364209.226507186890,8436364209.261610984802,3.510379791260e-02,8436364209.244058609009,20.3048348139,6512.3536320941,1.7524515106e-02,0.9984398354,0.3138450386,17.8809734117,0
730558,8436364395.923754692078,8436364395.964874267578,4.111957550049e-02,8436364395.944314956665,21.2660627291,4752.6995779183,2.0513738561e-02,0.9977602303,0.3066701125,14.9160154882,0
730609,8436364411.224749565125,8436364411.240818977356,1.606941223145e-02,8436364411.232784271240,40.6967216683,31021.3094670760,8.0294340380e-03,0.9993438369,0.2216844776,27.5908632431,0
731039,8436364539.912292480469,8436364539.943387031555,3.109455108643e-02,8436364539.927839279175,24.6907950934,8298.8029697954,1.5524130003e-02,0.9985112800,0.2846082338,18.3059876307,0
731278,8436364611.233097076416,8436364611.269598960876,3.650188446045e-02,8436364611.251348495483,28.7370635527,6032.9960232934,1.8207422846e-02,0.9976154993,0.2638115488,14.4546810503,0
731483,8436364672.719543457031,8436364672.764060020447,4.451656341553e-02,8436364672.741802215576,33.8231078037,4070.7113481712,2.2165617975e-02,0.9958368874,0.2431690191,10.9248783123,0
731731,8436364746.859585762024,8436364746.899651527405,4.006576538086e-02,8436364746.879618644714,37.7744692721,5021.3735830267,1.9957389397e-02,0.9962315312,0.2300995727,11.4860939522,0
731768,8436364757.727346420288,8436364757.756404876709,2.905845642090e-02,8436364757.741875648499,31.9214897560,9506.1729011665,1.4504813305e-02,0.9983196007,0.2503072461,17.2278418708,0
731810,8436364770.326817512512,8436364770.351804733276,2.498722076416e-02,8436364770.339311599731,33.0016081357,12846.0975861755,1.2477552027e-02,0.9987146746,0.2461769838,19.7042309013,0
731861,8436364785.565522193909,8436364785.608914375305,4.339218139648e-02,8436364785.587218284607,21.0729224301,4269.8800820524,2.1642486672e-02,0.9975293233,0.3080722735,14.1994370222,0
732342,8436364929.503169059753,8436364929.530405998230,2.723693847656e-02,8436364929.516787528992,27.1703254427,10811.0096236718,1.3601345444e-02,0.9987426050,0.2713111097,19.9222911855,0
732765,8436365055.813722610474,8436365055.855111122131,4.138851165771e-02,8436365055.834417343140,28.2954637918,4698.4405009167,2.0631848119e-02,0.9969842979,0.2658621971,12.8471494341,0
732912,8436365099.855472564697,8436365099.897347450256,4.187488555908e-02,8436365099.876409530640,22.8386836629,4585.1269306572,2.0885232602e-02,0.9975063728,0.2959235057,14.1336985992,0
733341,8436365228.002237319946,8436365228.015940666199,1.370334625244e-02,8436365228.009088516235,19.6890281202,42622.3497948231,6.8500904077e-03,0.9997690026,0.3187152602,46.5164134914,0
733378,8436365238.990382194519,8436365239.004632949829,1.425075531006e-02,8436365238.997507095337,24.6086249668,39417.1700284153,7.1231530772e-03,0.9996877951,0.2850830024,40.0095287842,0
734762,8436365652.802043914795,8436365652.840154647827,3.811073303223e-02,8436365652.821099281311,24.7587500602,5532.7771529190,1.9012683065e-02,0.9977600299,0.2842173855,14.9153460373,0
735056,8436365740.883801460266,8436365740.927281379700,4.347991943359e-02,8436365740.905541419983,45.0495835691,4276.7267260667,2.1625155923e-02,0.9947192269,0.2107024606,9.6919434710,0
735176,8436365776.727127075195,8436365776.763481140137,3.635406494141e-02,8436365776.745304107666,31.2543754915,6084.4405241423,1.8130286739e-02,0.9974283079,0.2529645039,13.9167107907,0
735239,8436365795.425653457642,8436365795.436769485474,1.111602783203e-02,8436365795.431211471558,18.0838752621,64760.7732855782,5.5572378486e-03,0.9998603697,0.3325594142,59.8342176195,0
735478,8436365867.076762199402,8436365867.109234809875,3.247261047363e-02,8436365867.092998504639,19.1890613847,7605.9357021828,1.6215810966e-02,0.9987377503,0.3228405896,19.8838704296,0
735808,8436365965.447722434998,8436365965.489220619202,4.149818420410e-02,8436365965.468471527100,57.8817347511,4703.3746143199,2.0621023275e-02,0.9938277383,0.1858849498,8.9587028137,0
736132,8436366062.373477935791,8436366062.407044410706,3.356647491455e-02,8436366062.390260696411,37.2737016193,7137.6034310420,1.6739357726e-02,0.9973855026,0.2316400957,13.8018720337,0
736486,8436366168.147275924683,8436366168.190796852112,4.352092742920e-02,8436366168.169036865234,23.7410414326,4247.4472673362,2.1699563606e-02,0.9972013414,0.2902452459,13.3381921304,0
736658,8436366219.428968429565,8436366219.453663825989,2.469539642334e-02,8436366219.441316604614,23.8777710403,13141.5864826301,1.2336475459e-02,0.9990911057,0.2894130473,23.4386233248,0
736748,8436366246.380085945129,8436366246.404338836670,2.425289154053e-02,8436366246.392211914062,37.1967467311,13637.9492528354,1.2109897376e-02,0.9986353467,0.2318795874,19.1218096243,0
737157,8436366368.694951057434,8436366368.737431526184,4.248046875000e-02,8436366368.716191291809,19.6927173386,4452.8321016695,2.1193214702e-02,0.9977862922,0.3186854049,15.0038553854,0
737296,8436366410.436995506287,8436366410.460791587830,2.379608154297e-02,8436366410.448893547058,22.1456698805,14150.0937447530,1.1888726584e-02,0.9992171663,0.3005180672,25.2577775588,0
737513,8436366475.265099525452,8436366475.279614448547,1.451492309570e-02,8436366475.272356987000,48.9098396030,38020.6507288472,7.2527920393e-03,0.9993565920,0.2022166347,27.8632733164,0
737791,8436366558.467846870422,8436366558.498002052307,3.015518188477e-02,8436366558.482924461365,26.0575462725,8823.6954336935,1.5055311416e-02,0.9985223418,0.2770436747,18.3745318288,0
737857,8436366578.056026458740,8436366578.084003448486,2.797698974609e-02,8436366578.070014953613,30.7338455698,10251.6074968657,1.3967510703e-02,0.9984998980,0.2550977015,18.2362508469,0
738617,8436366805.187264442444,8436366805.224873542786,3.760910034180e-02,8436366805.206068992615,19.2042761727,5675.1352118083,1.8772706542e-02,0.9983065998,0.3227126773,17.1614143598,0
739290,8436367006.313125610352,8436367006.352790832520,3.966522216797e-02,8436367006.332958221436,20.9027442226,5105.6597656822,1.9791971755e-02,0.9979508836,0.3093238056,15.5967262356,0
739857,8436367175.954792022705,8436367175.998136520386,4.334449768066e-02,8436367175.976464271545,27.9757451020,4286.1363573915,2.1601405331e-02,0.9967311418,0.2673770742,12.3373017808,0
740369,8436367328.845336914062,8436367328.883136749268,3.779983520508e-02,8436367328.864236831665,19.9585913435,5618.9548084990,1.8866321381e-02,0.9982224144,0.3165556394,16.7490486501,0
740440,8436367350.213442802429,8436367350.250305175781,3.686237335205e-02,8436367350.231874465942,36.5875940731,5923.9856494728,1.8374181370e-02,0.9969071277,0.2338019192,12.6851256674,0
740776,8436367450.720633506775,8436367450.761145591736,4.051208496094e-02,8436367450.740889549255,36.8661781848,4911.2620510892,2.0179873714e-02,0.9962397015,0.2329168666,11.4986363599,0
740811,8436367460.888483047485,8436367460.931303977966,4.282093048096e-02,8436367460.909893035889,27.7451924005,4390.6705881796,2.1342710339e-02,0.9968354307,0.2684856802,12.5399274245,0
741015,8436367522.092391967773,8436367522.135398864746,4.300689697266e-02,8436367522.113895416260,27.4091817075,4352.6846289201,2.1435637150e-02,0.9968464902,0.2701263578,12.5620017613,0
741718,8436367732.259198188782,8436367732.280686378479,2.148818969727e-02,8436367732.269942283630,20.5012622342,17346.1828409733,1.0737743808e-02,0.9994088808,0.3123379082,29.0706581269,0
742312,8436367909.702334403992,8436367909.734116554260,3.178215026855e-02,8436367909.718225479126,23.8132298593,7943.7813524940,1.5867238763e-02,0.9985000152,0.2898049811,18.2369650063,0
742685,8436368021.367239952087,8436368021.376749992371,9.510040283203e-03,8436368021.371994972229,30.7119616932,88486.2999848930,4.7541948801e-03,0.9998264442,0.2551885705,53.6671902345,0
742826,8436368063.594253540039,8436368063.624702453613,3.044891357422e-02,8436368063.609477996826,36.3725084128,8665.0926581910,1.5192470169e-02,0.9978989978,0.2344921839,15.4023350163,0
742909,8436368088.287779808044,8436368088.312811851501,2.503204345703e-02,8436368088.300295829773,25.1887135194,12792.4391914357,1.2503693437e-02,0.9990149992,0.2817811935,22.5136388891,0
742978,8436368109.129363059998,8436368109.148927688599,1.956462860107e-02,8436368109.139144897461,35.4106354542,20935.4339676457,9.7740377927e-03,0.9991539315,0.2376556467,24.2944194418,0
743210,8436368178.431748390198,8436368178.475282669067,4.353427886963e-02,8436368178.453516006470,19.6843648494,4240.8002680890,2.1716562816e-02,0.9976764692,0.3187530102,14.6437712291,0
744226,8436368482.061680793762,8436368482.096245765686,3.456497192383e-02,8436368482.078963279724,21.2494246669,6717.2821897779,1.7255128634e-02,0.9984170491,0.3067901487,17.7515057346,0
744243,8436368487.130214691162,8436368487.170718193054,4.050350189209e-02,8436368487.150466918945,22.8224147451,4899.2843661991,2.0204526357e-02,0.9976681232,0.2960289612,14.6174502124,0
744302,8436368504.788934707642,8436368504.830050468445,4.111576080322e-02,8436368504.809492111206,19.2916355634,4751.6031509855,2.0516105185e-02,0.9979679220,0.3219811693,15.6621773768,0
744444,8436368546.979373931885,8436368547.023768424988,4.439449310303e-02,8436368547.001571655273,25.3164875959,4084.4354900290,2.2128347212e-02,0.9968960412,0.2810692094,12.6623456977,0
744474,8436368556.287403106689,8436368556.310733795166,2.333068847656e-02,8436368556.299068450928,47.4025251869,14744.6117742334,1.1646577657e-02,0.9983912535,0.2054065362,17.6082704436,0
744621,8436368600.142847061157,8436368600.185053825378,4.220676422119e-02,8436368600.163949966431,30.9834215228,4521.8057204757,2.1030957627e-02,0.9965681101,0.2540681996,12.0392171391,0
744765,8436368643.234336853027,8436368643.262783050537,2.844619750977e-02,8436368643.248559951782,23.3128362813,9909.7894803364,1.4206358943e-02,0.9988230545,0.2928986979,20.5931705115,0
744908,8436368686.011361122131,8436368686.048343658447,3.698253631592e-02,8436368686.029851913452,20.1745128247,5869.3762756999,1.8459461248e-02,0.9982798957,0.3148570846,17.0273386266,0
745298,8436368802.584836006165,8436368802.617125511169,3.228950500488e-02,8436368802.600980758667,24.2501785196,7697.2857621825,1.6119300545e-02,0.9984235152,0.2871822064,17.7879596693,0
745378,8436368826.326127052307,8436368826.361691474915,3.556442260742e-02,8436368826.343909263611,23.6436851756,6348.6135760256,1.7749067911e-02,0.9981361490,0.2908421952,16.3557945745,0
745605,8436368894.272541046143,8436368894.314670562744,4.212951660156e-02,8436368894.293605804443,19.7304847794,4527.0363989844,2.1018804204e-02,0.9978184370,0.3183802503,15.1143557283,0
745994,8436369010.344357490540,8436369010.382661819458,3.830432891846e-02,8436369010.363510131836,19.3402188602,5471.8226006946,1.9118287727e-02,0.9982311800,0.3215765011,16.7906088019,0
746083,8436369037.080096244812,8436369037.114425659180,3.432941436768e-02,8436369037.097261428833,20.8582675557,6809.0984072039,1.7138396750e-02,0.9984671784,0.3096534199,18.0401224779,0
746159,8436369059.992689132690,8436369060.036226272583,4.353713989258e-02,8436369060.014457702637,22.3767149623,4242.9378590840,2.1711091727e-02,0.9973595776,0.2989625801,13.7336802951,0
746596,8436369190.452421188354,8436369190.487524986267,3.510379791260e-02,8436369190.469972610474,26.4874306142,6518.5362278944,1.7516202450e-02,0.9979662311,0.2747863035,15.6556452463,0
746617,8436369196.788825035095,8436369196.811319351196,2.249431610107e-02,8436369196.800071716309,23.0312424287,15833.4873723523,1.1238975068e-02,0.9992724400,0.2946838359,26.2007375185,0
746673,8436369213.705199241638,8436369213.740059852600,3.486061096191e-02,8436369213.722629547119,33.2088578830,6616.1504009775,1.7386505939e-02,0.9974871615,0.2454076112,14.0793637529,0
746773,8436369243.473462104797,8436369243.503228187561,2.976608276367e-02,8436369243.488345146179,54.5551811780,9083.6999650342,1.4838281548e-02,0.9969925614,0.1914683508,12.8648671954,0
747349,8436369415.700005531311,8436369415.722223281860,2.221775054932e-02,8436369415.711114883423,39.3066330622,16245.8283005795,1.1095428225e-02,0.9987895219,0.2255703823,20.3054203702,0
747535,8436369471.198592185974,8436369471.210046768188,1.145458221436e-02,8436369471.204319000244,34.1176113837,61006.2634313967,5.7256893961e-03,0.9997203371,0.2421172256,42.2743005567,0
747644,8436369503.926061630249,8436369503.945755958557,1.969432830811e-02,8436369503.935909271240,18.0812529609,20643.7310773595,9.8428507848e-03,0.9995619684,0.3325835286,33.7745490418,0
747863,8436369569.242136001587,8436369569.275757789612,3.362178802490e-02,8436369569.258947372437,25.7185487005,7102.7051851827,1.6780430698e-02,0.9981878825,0.2788635611,16.5882647807,0
747868,8436369570.812348365784,8436369570.841446876526,2.909851074219e-02,8436369570.826897621155,32.2588669891,9480.4454717453,1.4524481091e-02,0.9982972132,0.2489948949,17.1139270394,0
748291,8436369697.155255317688,8436369697.197116851807,4.186153411865e-02,8436369697.176185607910,24.5385439511,4589.7374742226,2.0874740012e-02,0.9973232205,0.2854898045,13.6397201148,0
748333,8436369709.866837501526,8436369709.893782615662,2.694511413574e-02,8436369709.880310058594,26.6116737762,11045.3008392959,1.3456317424e-02,0.9987946131,0.2741440992,20.3483346046,0
748409,8436369732.617440223694,8436369732.656816482544,3.937625885010e-02,8436369732.637128829956,31.2378890113,5190.8978887562,1.9628800223e-02,0.9969865496,0.2530312489,12.8519700089,0
748841,8436369861.513711929321,8436369861.552282333374,3.857040405273e-02,8436369861.532997131348,29.0899495222,5406.6046974071,1.9233250549e-02,0.9973061481,0.2622065365,13.5962556256,0
749895,8436370176.682353019714,8436370176.706281661987,2.392864227295e-02,8436370176.694316864014,27.1341306834,13998.9827865953,1.1952720332e-02,0.9990303834,0.2714920030,22.6918017262,0
751152,8436370552.403965950012,8436370552.445790290833,4.182434082031e-02,8436370552.424878120422,31.2717888812,4604.5937546633,2.0841037631e-02,0.9965984985,0.2528940637,12.0931523967,0
751360,8436370614.606582641602,8436370614.644512176514,3.792953491211e-02,8436370614.625547409058,25.9474837673,5586.7177340754,1.8920675314e-02,0.9976750497,0.2776306267,14.6392845208,0
751646,8436370700.339303970337,8436370700.378881454468,3.957748413086e-02,8436370700.359092712402,32.8732916420,5140.1997670132,1.9725362768e-02,0.9967972043,0.2466569753,12.4645100965,0
752490,8436370952.569051742554,8436370952.600171089172,3.111934661865e-02,8436370952.584611892700,19.0659356635,8279.9979313189,1.5541748745e-02,0.9988480116,0.3238813466,20.8154335977,0
752618,8436370990.841638565063,8436370990.883373260498,4.173469543457e-02,8436370990.862505912781,26.5928226647,4619.5827179411,2.0807199147e-02,0.9971175747,0.2742412496,13.1421229611,0
752902,8436371075.561428070068,8436371075.599985122681,3.855705261230e-02,8436371075.580706596375,31.7705772036,5413.0101948019,1.9221867326e-02,0.9970610316,0.2509010306,13.0145337174,0
752928,8436371083.445449829102,8436371083.489046096802,4.359626770020e-02,8436371083.467247962952,26.7439399653,4235.8645038879,2.1729211548e-02,0.9968381558,0.2734653484,12.5453559614,0
753269,8436371185.253870964050,8436371185.288943290710,3.507232666016e-02,8436371185.271407127380,24.0503004162,6527.7552718655,1.7503829154e-02,0.9981561431,0.2883730993,16.4444806918,0
753812,8436371347.722002983093,8436371347.765545845032,4.354286193848e-02,8436371347.743774414062,31.4619450776,4250.9138990039,2.1690713775e-02,0.9962925177,0.2521286588,11.5807113977,0
753864,8436371363.377873420715,8436371363.403523445129,2.565002441406e-02,8436371363.390698432922,47.4718035134,12206.9355260292,1.2800050187e-02,0.9980536455,0.2052566007,16.0043980745,0
753961,8436371392.182007789612,8436371392.196697235107,1.468944549561e-02,8436371392.189352035522,28.3991912319,37103.2304196389,7.3419113469e-03,0.9996172216,0.2653762249,36.1315510490,0
754020,8436371409.881343841553,8436371409.921851158142,4.050731658936e-02,8436371409.901597976685,30.0105752806,4905.5541074601,2.0191610624e-02,0.9969364710,0.2581533930,12.7460130539,0
754611,8436371586.598504066467,8436371586.641789436340,4.328536987305e-02,8436371586.620146751404,23.7079399103,4293.5097910298,2.1582848838e-02,0.9972352738,0.2904477984,13.4201370714,0
754781,8436371637.393128395081,8436371637.434403419495,4.127502441406e-02,8436371637.413765907288,25.2014023018,4721.0632270189,2.0582356180e-02,0.9973273897,0.2817102469,13.6503975887,0
755066,8436371722.699865341187,8436371722.733774185181,3.390884399414e-02,8436371722.716819763184,23.5345047911,6981.2075813970,1.6925820156e-02,0.9983130159,0.2915160466,17.1941011406,0
755215,8436371767.023141860962,8436371767.059575080872,3.643321990967e-02,8436371767.041358947754,26.8767847798,6053.7891498820,1.8176127166e-02,0.9977776991,0.2727886779,14.9747224434,0
756467,8436372141.470335006714,8436372141.501972198486,3.163719177246e-02,8436372141.486153602600,37.3107097440,8030.0221302436,1.5781803322e-02,0.9976740942,0.2315251864,14.6362665876,0
756530,8436372160.174683570862,8436372160.193202972412,1.851940155029e-02,8436372160.183942794800,26.5477662268,23352.3231938966,9.2544358969e-03,0.9994314203,0.2744738698,29.6417645103,0
757027,8436372308.762107849121,8436372308.779312133789,1.720428466797e-02,8436372308.770709991455,24.1450542043,27052.3216063353,8.5983026347e-03,0.9995536345,0.2878067037,33.4575612138,0
757221,8436372366.868184089661,8436372366.894092559814,2.590847015381e-02,8436372366.881137847900,29.3209617560,11947.4051260430,1.2938329365e-02,0.9987721613,0.2611715654,20.1610951037,0
757352,8436372406.066733360291,8436372406.092358589172,2.562522888184e-02,8436372406.079545974731,71.3173849888,12254.3240186849,1.2775276783e-02,0.9970858674,0.1674623929,13.0701188013,0
757383,8436372415.332281112671,8436372415.366320610046,3.403949737549e-02,8436372415.349300384521,17.6391705671,6922.0036498968,1.6998049353e-02,0.9987250496,0.3367254314,19.7843950306,0
757640,8436372492.034655570984,8436372492.076516151428,4.186058044434e-02,8436372492.055585861206,24.5816334873,4589.9885762859,2.0874169012e-02,0.9973186607,0.2852394749,13.6280707000,0
758253,8436372675.292083740234,8436372675.316768646240,2.468490600586e-02,8436372675.304426193237,27.8833030509,13156.7437266266,1.2329367284e-02,0.9989397798,0.2678199276,21.6990842566,0
758412,8436372722.797169685364,8436372722.815979003906,1.880931854248e-02,8436372722.806573867798,27.0872914091,22639.3417564281,9.3990313914e-03,0.9994015860,0.2717266333,28.8927674495,0
758964,8436372887.618499755859,8436372887.654763221741,3.626346588135e-02,8436372887.636631011963,27.4693486974,6110.9393120692,1.8090934968e-02,0.9977499132,0.2698303624,14.8816642781,0
758984,8436372893.908162117004,8436372893.921284675598,1.312255859375e-02,8436372893.914723396301,51.1394964695,46508.3303672105,6.5576709884e-03,0.9994500602,0.1977592353,30.1403470793,0
759330,8436372997.186623573303,8436372997.201478004456,1.485443115234e-02,8436372997.194050788879,18.6629719670,36274.5000431568,7.4253047056e-03,0.9997427205,0.3273592341,44.0756338310,0
759753,8436373123.820791244507,8436373123.863324165344,4.253292083740e-02,8436373123.842058181763,35.8697995338,4458.0819288284,2.1180732486e-02,0.9959688669,0.2361296498,11.1033827527,0
759771,8436373129.093019485474,8436373129.136265754700,4.324626922607e-02,8436373129.114643096924,30.6434751038,4308.1698070511,2.1546096046e-02,0.9964372156,0.2554735780,11.8148262305,0
759878,8436373161.006595611572,8436373161.048580169678,4.198455810547e-02,8436373161.027587890625,24.3189572782,4562.8030118845,2.0936261689e-02,0.9973315254,0.2867758152,13.6610138638,0
759922,8436373174.234882354736,8436373174.239538192749,4.655838012695e-03,8436373174.237210273743,26.2150586092,369083.9087144252,2.3278363319e-03,0.9999644857,0.2762101167,118.6510853365,0
760034,8436373207.617181777954,8436373207.660421371460,4.323959350586e-02,8436373207.638801574707,52.6563616731,4331.5036021221,2.1487983304e-02,0.9939031134,0.1948900082,9.0144236979,0
760594,8436373375.090879440308,8436373375.120223999023,2.934455871582e-02,8436373375.105551719666,20.1248346206,9310.5335630849,1.4656413622e-02,0.9989186591,0.3152454578,21.4857862293,0
760871,8436373457.853819847107,8436373457.896430969238,4.261112213135e-02,8436373457.875125885010,22.5498701347,4428.5453235531,2.1251248560e-02,0.9974507827,0.2978125363,13.9781597583,0
761255,8436373572.697417259216,8436373572.741703033447,4.428577423096e-02,8436373572.719560623169,27.1207499481,4106.1939942560,2.2069640869e-02,0.9966921095,0.2715589686,12.2639368210,0
761587,8436373671.992393493652,8436373672.035448074341,4.305458068848e-02,8436373672.013920783997,17.5732036681,4333.2733168813,2.1483594995e-02,0.9979702346,0.3373568451,15.6711244073,0
761860,8436373753.701186180115,8436373753.729628562927,2.844238281250e-02,8436373753.715407371521,49.7536876044,9938.8824613891,1.4185551361e-02,0.9974938777,0.2004944524,14.0982880169,0
762031,8436373804.657746315002,8436373804.694772720337,3.702640533447e-02,8436373804.676259994507,25.1780652341,5860.5277283014,1.8473391547e-02,0.9978495822,0.2818407726,15.2237717924,0
762215,8436373859.667439460754,8436373859.704989433289,3.754997253418e-02,8436373859.686214447021,28.3743180846,5702.1314235923,1.8728215001e-02,0.9975088522,0.2654925149,14.1407568067,0
762543,8436373957.505439758301,8436373957.540153503418,3.471374511719e-02,8436373957.522796630859,28.3970402037,6667.1582271135,1.7319869555e-02,0.9978681065,0.2653862756,15.2899823813,0
762670,8436373995.631892204285,8436373995.645849227905,1.395702362061e-02,8436373995.638870239258,41.6143996753,41109.6906797295,6.9749788220e-03,0.9994937333,0.2192265659,31.4145152813,0
762791,8436374031.607697486877,8436374031.647270202637,3.957271575928e-02,8436374031.627483367920,18.2040628365,5126.7614417340,1.9751198021e-02,0.9982230252,0.3314597778,16.7519348333,0
762851,8436374049.729928970337,8436374049.773102760315,4.317378997803e-02,8436374049.751516342163,19.4204769466,4311.3209062200,2.1538220699e-02,0.9977451926,0.3209113312,14.8660254923,0
763409,8436374216.809594154358,8436374216.850626945496,4.103279113770e-02,8436374216.830110549927,34.7215808373,4786.1902267664,2.0441841662e-02,0.9963661304,0.2400022167,11.6980692759,0
763484,8436374239.087348937988,8436374239.126864433289,3.951549530029e-02,8436374239.107107162476,14.9395226894,5138.3025183992,1.9729004093e-02,0.9985452007,0.3658867114,18.5186448336,0
763875,8436374355.869300842285,8436374355.897526741028,2.822589874268e-02,8436374355.883413314819,74.2684472080,10115.6721692866,1.4061045861e-02,0.9963222776,0.1641016039,11.6277327740,0
764176,8436374445.966769218445,8436374446.006677627563,3.990840911865e-02,8436374445.986722946167,16.5083165121,5039.4849234857,1.9921494814e-02,0.9983607592,0.3480676045,17.4433214559,0
764319,8436374488.714272499084,8436374488.750398635864,3.612613677979e-02,8436374488.732336044312,22.2586314859,6152.0676416455,1.8030362027e-02,0.9981893241,0.2997545391,16.5948847994,0
764409,8436374515.617256164551,8436374515.638865470886,2.160930633545e-02,8436374515.628061294556,22.1651232879,17154.1757344968,1.0797670498e-02,0.9993537350,0.3003861621,27.8015552626,0
764486,8436374538.518821716309,8436374538.549095153809,3.027343750000e-02,8436374538.533958435059,47.2741227835,8776.3147055098,1.5095896301e-02,0.9973030846,0.2056853019,13.5884999426,0
765197,8436374751.181224822998,8436374751.219326019287,3.810119628906e-02,8436374751.200275421143,22.9233873815,5533.6994533022,1.9011098579e-02,0.9979265971,0.2953762694,15.5048291474,0
765756,8436374918.198148727417,8436374918.235599517822,3.745079040527e-02,8436374918.216874122620,21.1573818710,5725.0062668847,1.8690762311e-02,0.9981504854,0.3074567524,16.4192397031,0
765839,8436374943.212850570679,8436374943.255070686340,4.222011566162e-02,8436374943.233961105347,33.5551711093,4521.5376168343,2.1031581131e-02,0.9962824971,0.2441379362,11.5650055598,0
765962,8436374979.801733970642,8436374979.838346481323,3.661251068115e-02,8436374979.820039749146,23.0428427245,5991.0723842941,1.8271016695e-02,0.9980750489,0.2946096513,16.0933869756,0
766053,8436375007.041040420532,8436375007.069285392761,2.824497222900e-02,8436375007.055162429810,30.0270831209,10057.8737085278,1.4101389507e-02,0.9985061690,0.2580824214,18.2745742719,0
766215,8436375055.363921165466,8436375055.403878211975,3.995704650879e-02,8436375055.383899688721,21.2576124444,5032.0133069434,1.9936279210e-02,0.9978855272,0.3067310599,15.3530396621,0
766963,8436375279.300415992737,8436375279.344940185547,4.452419281006e-02,8436375279.322677612305,24.6443795477,4060.1492652778,2.2194430097e-02,0.9969604701,0.2848761251,12.7964644458,0
767123,8436375326.892418861389,8436375326.937242507935,4.482364654541e-02,8436375326.914831161499,22.2312757505,4003.9962066344,2.2349518400e-02,0.9972199998,0.2999389074,13.3830658801,0
767165,8436375339.366637229919,8436375339.403766632080,3.712940216064e-02,8436375339.385202407837,23.9064511316,5826.9265401758,1.8526578730e-02,0.9979465142,0.2892393937,15.5800727650,0
767387,8436375405.883563041687,8436375405.923710823059,4.014778137207e-02,8436375405.903636932373,20.5530997984,4983.8114965965,2.0032455840e-02,0.9979358836,0.3119437814,15.5397768290,0
767401,8436375409.906359672546,8436375409.944654464722,3.829479217529e-02,8436375409.925506591797,24.3599835507,5479.5584213239,1.9104787745e-02,0.9977747187,0.2865342243,14.9646574898,0
767566,8436375459.338663101196,8436375459.376426696777,3.776359558105e-02,8436375459.357544898987,30.3925208735,5640.1399852695,1.8830855739e-02,0.9973020550,0.2565261457,13.5858962473,0
767874,8436375551.499079704285,8436375551.521741867065,2.266216278076e-02,8436375551.510410308838,18.4302022677,15595.5542188329,1.1324384102e-02,0.9994089453,0.3294199880,29.0722462113,0
767904,8436375560.610152244568,8436375560.646452903748,3.630065917969e-02,8436375560.628302574158,24.7505534447,6095.7607761779,1.8113444314e-02,0.9979677903,0.2842644435,15.6616684090,0
768078,8436375612.531077384949,8436375612.564547538757,3.347015380859e-02,8436375612.547812461853,30.0257791497,7171.2812661090,1.6700005710e-02,0.9979043303,0.2580880254,15.4219802437,0
768467,8436375728.677196502686,8436375728.708783149719,3.158664703369e-02,8436375728.692989349365,20.4043274588,8038.7159796650,1.5773267024e-02,0.9987300651,0.3130789405,19.8234994806,0
768485,8436375733.994935035706,8436375734.031277656555,3.634262084961e-02,8436375734.013106346130,21.0872720632,6078.0862511157,1.8139761325e-02,0.9982637961,0.3079674359,16.9480036792,0
768934,8436375868.351861953735,8436375868.388127326965,3.626537322998e-02,8436375868.369995117188,21.1214717272,6103.9515413408,1.8101287208e-02,0.9982683533,0.3077180061,16.9703482253,0
769510,8436376040.536109924316,8436376040.565494537354,2.938461303711e-02,8436376040.550802230835,23.6335094206,9288.7318895345,1.4673603647e-02,0.9987270296,0.2909048016,19.7998048332,0
769928,8436376165.443843841553,8436376165.484169960022,4.032611846924e-02,8436376165.464006423950,24.1130517584,4943.5697669369,2.0113824852e-02,0.9975581889,0.2879976265,14.2834290766,0
770392,8436376304.242647171021,8436376304.271363258362,2.871608734131e-02,8436376304.257005691528,20.8248087194,9722.3374924931,1.4342658286e-02,0.9989284484,0.3099020773,21.5838650714,0
770792,8436376423.632569313049,8436376423.665492057800,3.292274475098e-02,8436376423.649030685425,39.0136059917,7419.7197920499,1.6418037590e-02,0.9973674865,0.2264159152,13.7543766139,0
770957,8436376473.100134849548,8436376473.135882377625,3.574752807617e-02,8436376473.118008613586,22.2850930768,6282.6255931023,1.7842035875e-02,0.9982248751,0.2995765201,16.7606845128,0
771034,8436376496.144577026367,8436376496.171479225159,2.690219879150e-02,8436376496.158027648926,24.1952800199,11078.0672952725,1.3436402292e-02,0.9989073678,0.2875078265,21.3742994555,0
771336,8436376586.329075813293,8436376586.357446670532,2.837085723877e-02,8436376586.343261718750,19.2896816516,9958.3441393980,1.4171683109e-02,0.9990310120,0.3219974762,22.6991714388,0
771471,8436376626.797339439392,8436376626.835169792175,3.783035278320e-02,8436376626.816254615784,27.8931471803,5617.8596369999,1.8868160236e-02,0.9975143686,0.2677726636,14.1564983610,0
771913,8436376758.755874633789,8436376758.790832519531,3.495788574219e-02,8436376758.773353576660,150.8036183709,6697.1603826703,1.7281030953e-02,0.9886771231,0.1151619783,6.5886123181,0
772514,8436376938.605596542358,8436376938.648232460022,4.263591766357e-02,8436376938.626914978027,22.3478647841,4423.2200681085,2.1264037239e-02,0.9974706025,0.2991554921,14.0330270110,0
772617,8436376969.319225311279,8436376969.351093292236,3.186798095703e-02,8436376969.335159301758,19.5918702512,7896.9554181042,1.5914212569e-02,0.9987587598,0.3195045519,20.0517599372,0
